0.17682,-0.95796,-0.20824,1.356,0.56305,-0.46174,26.869,-24.478,-9.2636
0.1655,-0.94778,-0.18373,1.3482,0.5373,-0.43459,26.869,-24.478,-9.2636
0.096878,-0.90613,-0.15837,1.34,0.50503,-0.39857,26.855,-24.308,-9.7413
0.074814,-0.89403,-0.16968,1.3376,0.49132,-0.38426,26.805,-24.316,-9.8574
0.072205,-0.89407,-0.18163,1.3335,0.46271,-0.3569,26.805,-24.316,-9.8574
0.088531,-0.88222,-0.23671,1.3306,0.44832,-0.34427,26.717,-24.333,-10.053
0.076874,-0.87227,-0.23891,1.325,0.41793,-0.31976,26.452,-24.361,-10.666
0.083038,-0.86446,-0.22195,1.3195,0.39329,-0.30058,26.452,-24.361,-10.666
0.11574,-0.84325,-0.1609,1.316,0.37938,-0.28952,26.343,-24.338,-10.984
0.11064,-0.85461,-0.13626,1.3157,0.37296,-0.28431,26.242,-24.353,-11.191
0.077454,-0.89786,-0.1548,1.3162,0.37372,-0.28517,26.242,-24.353,-11.191
0.080872,-0.89525,-0.18146,1.3209,0.37412,-0.28676,26.242,-24.353,-11.191
0.091629,-0.9436,-0.22977,1.3243,0.36887,-0.28356,26.12,-24.524,-11.103
0.05098,-1.0425,-0.28905,1.329,0.34003,-0.26307,26.12,-24.524,-11.103
-0.014877,-1.0699,-0.36166,1.333,0.31912,-0.24969,25.959,-24.664,-11.17
-0.001404,-0.99994,-0.34549,1.3352,0.3063,-0.2414,25.559,-24.952,-11.449
0.085663,-0.90738,-0.34068,1.3348,0.27174,-0.21574,25.559,-24.952,-11.449
0.051605,-0.93059,-0.29686,1.3317,0.26661,-0.21256,25.337,-25.083,-11.655
0.078522,-0.96053,-0.31216,1.3268,0.27411,-0.21896,25.337,-25.083,-11.655
0.089966,-1.0874,-0.31599,1.3323,0.28519,-0.23531,25.337,-25.083,-11.655
0.096893,-1.0663,-0.21787,1.3365,0.29066,-0.24283,25.337,-25.083,-11.655
0.11037,-1.0044,-0.23636,1.3436,0.30494,-0.26254,25.337,-25.083,-11.655
0.080444,-0.95117,-0.23694,1.3441,0.31752,-0.27666,25.443,-24.945,-11.72
0.0383,-0.94447,-0.2457,1.3452,0.33697,-0.29962,25.598,-24.802,-11.684
0.067703,-0.78516,-0.2133,1.3469,0.33989,-0.31075,25.598,-24.802,-11.684
0.10664,-0.71016,-0.22531,1.3501,0.34933,-0.32694,25.598,-24.802,-11.684
0.089844,-0.72833,-0.22861,1.3534,0.37133,-0.35303,25.561,-24.767,-11.841
0.077972,-0.82365,-0.24875,1.3561,0.38161,-0.36591,25.626,-24.723,-11.793
0.016068,-0.89719,-0.23917,1.3649,0.39417,-0.38581,25.626,-24.723,-11.793
-0.012558,-0.95204,-0.23586,1.371,0.3952,-0.39122,25.402,-24.982,-11.731
-0.034332,-1.0467,-0.20075,1.3961,0.39621,-0.4063,25.167,-25.298,-11.559
0.019699,-1.086,-0.091812,1.4121,0.41854,-0.43504,25.167,-25.298,-11.559
0.04335,-1.1176,-0.091354,1.4199,0.43678,-0.45569,25.008,-25.563,-11.317
0.080109,-1.0818,-0.011414,1.4342,0.49677,-0.51911,24.968,-25.896,-10.628
0.052673,-1.0923,-0.060471,1.4404,0.54089,-0.56496,24.968,-25.896,-10.628
0.041718,-1.1029,-0.075562,1.4508,0.6413,-0.67108,25.059,-25.946,-10.286
0.047577,-1.0708,-0.068481,1.463,0.78606,-0.82805,25.059,-25.946,-10.286
0.073029,-1.0383,-0.079788,1.466,0.83685,-0.88257,25.117,-25.974,-10.071
0.064499,-1.0305,-0.091858,1.4681,0.95444,-1.005,25.121,-26.031,-9.9129
0.10036,-1.0401,-0.09903,1.4686,1.0115,-1.0637,25.337,-25.964,-9.5335
0.12189,-1.1506,-0.097717,1.4692,1.1127,-1.1687,25.337,-25.964,-9.5335
0.11946,-1.1855,-0.083939,1.4682,1.2082,-1.2664,25.419,-25.948,-9.3558
0.16719,-1.2203,-0.040451,1.4655,1.3032,-1.362,25.68,-25.836,-8.9453
0.13592,-1.1462,-0.000443,1.462,1.3892,-1.4507,25.68,-25.836,-8.9453
0.09819,-1.0518,0.008759,1.459,1.4258,-1.4889,25.81,-25.759,-8.791
0.092728,-0.89458,-0.069397,1.4518,1.4543,-1.5227,25.989,-25.588,-8.765
0.099182,-0.80635,-0.099854,1.4479,1.4532,-1.5251,25.989,-25.588,-8.765
0.10214,-0.80936,-0.10078,1.4348,1.4256,-1.5052,27.042,-26.319,-5.4125
0.15416,-0.81988,-0.058182,1.4265,1.4263,-1.5101,27.042,-26.319,-5.4125
0.19482,-0.85571,-0.040558,1.4229,1.4356,-1.5215,27.243,-26.077,-5.5744
0.22511,-0.92131,-0.002396,1.4142,1.4698,-1.559,27.419,-25.88,-5.6309
0.19981,-0.94574,0.037613,1.4089,1.4925,-1.5829,27.419,-25.88,-5.6309
0.20988,-0.98094,0.048676,1.4033,1.5344,-1.6278,27.578,-25.721,-5.5801
0.1833,-1.0146,0.027328,1.3974,1.5762,-1.6758,27.974,-25.329,-5.3999
0.17268,-1.0678,0.037933,1.3975,1.5817,-1.6829,27.974,-25.329,-5.3999
0.18141,-1.0787,0.045044,1.3987,1.5896,-1.6952,28.006,-25.282,-5.4562
0.16815,-1.1284,0.000229,1.3988,1.5945,-1.7018,27.973,-25.318,-5.4529
0.15529,-1.1593,0.003891,1.3991,1.5811,-1.69,27.973,-25.318,-5.4529
0.14102,-1.1171,0.001678,1.3995,1.5699,-1.6796,27.916,-25.337,-5.6567
0.14188,-0.90698,-0.025848,1.4034,1.5295,-1.6407,27.877,-25.347,-5.8031
0.18001,-0.79761,-0.11998,1.4042,1.4828,-1.5944,27.877,-25.347,-5.8031
0.21491,-0.82494,-0.15294,1.4041,1.4559,-1.5679,27.79,-25.347,-6.2053
0.22565,-0.96666,-0.067734,1.3999,1.3856,-1.4994,27.763,-25.308,-6.4797
0.17551,-0.96863,0.031174,1.397,1.3632,-1.4777,27.763,-25.308,-6.4797
0.11056,-0.96468,0.1001,1.3979,1.3591,-1.476,27.882,-25.097,-6.7809
0.085587,-1.016,0.065903,1.4089,1.3913,-1.5109,27.822,-25.129,-6.9097
0.070175,-1.016,0.026001,1.4124,1.3836,-1.5041,27.822,-25.129,-6.9097
0.12839,-0.96596,-0.008347,1.4154,1.3544,-1.4753,27.565,-25.407,-6.9192
0.19949,-0.93535,-0.000931,1.416,1.3417,-1.4616,27.529,-25.409,-7.056
0.19803,-0.97606,0.017761,1.4132,1.3224,-1.439,27.529,-25.409,-7.056
0.17464,-1.0163,0.030121,1.4097,1.334,-1.4466,27.488,-25.454,-7.0561
0.21283,-1.0068,-0.013596,1.4071,1.3305,-1.44,27.637,-25.312,-6.9824
0.19321,-1.0298,-0.015015,1.4044,1.3205,-1.4273,27.637,-25.312,-6.9824
0.14564,-0.99725,0.021622,1.4037,1.3168,-1.4219,27.719,-25.24,-6.9177
0.10652,-1.0142,-0.013794,1.4038,1.3071,-1.4097,27.766,-25.168,-6.9887
0.090103,-1.0128,-0.010162,1.4056,1.3008,-1.4028,27.766,-25.168,-6.9887
0.10715,-1.0644,-0.079117,1.4096,1.2676,-1.3686,27.656,-25.297,-6.9626
0.13731,-1.0475,-0.071579,1.4102,1.2366,-1.3371,27.619,-25.314,-7.0469
0.14909,-1.0095,-0.034698,1.4105,1.2236,-1.3235,27.619,-25.314,-7.0469
0.13669,-0.99667,-0.049774,1.4108,1.2028,-1.3012,27.619,-25.314,-7.0469
0.14836,-0.96089,-0.048523,1.4113,1.1922,-1.2902,27.619,-25.314,-7.0469
0.14125,-0.96674,-0.068466,1.4127,1.1521,-1.2492,27.619,-25.314,-7.0469
0.12251,-1.0113,-0.087677,1.4117,1.1101,-1.2069,27.392,-25.475,-7.3444
0.098511,-1.0878,-0.099106,1.4119,1.0871,-1.1845,27.323,-25.507,-7.492
0.10767,-1.1416,-0.11284,1.4137,1.0476,-1.1468,27.323,-25.507,-7.492
0.13545,-1.1177,-0.092453,1.4145,1.0283,-1.1281,27.163,-25.578,-7.8215
0.12715,-1.05,-0.044067,1.4154,0.9808,-1.0803,27.037,-25.666,-7.9709
0.10436,-1.008,-0.093979,1.4143,0.92195,-1.0209,27.037,-25.666,-7.9709
0.099411,-0.95894,-0.17717,1.408,0.84731,-0.94601,26.824,-25.758,-8.3842
0.10143,-0.93159,-0.16423,1.4014,0.7749,-0.87363,26.824,-25.758,-8.3842
0.075684,-0.92494,-0.13606,1.3979,0.7414,-0.84052,26.824,-25.758,-8.3842
0.066833,-1.0452,-0.22342,1.3901,0.68513,-0.78403,26.64,-25.701,-9.1135
0.081604,-1.0631,-0.22315,1.387,0.66207,-0.75993,26.582,-25.645,-9.4323
0.12646,-1.0382,-0.15294,1.3818,0.59348,-0.69073,26.582,-25.645,-9.4323
0.088791,-0.97089,-0.11998,1.3749,0.55596,-0.65202,26.356,-25.728,-9.8314
0.06958,-0.95595,-0.13324,1.3706,0.54041,-0.63435,26.322,-25.685,-10.034
0.061676,-0.98668,-0.2215,1.3598,0.50317,-0.59443,26.322,-25.685,-10.034
0.040833,-0.97411,-0.28722,1.3536,0.48249,-0.57411,26.324,-25.584,-10.284
0.047729,-1.0133,-0.30096,1.3366,0.41741,-0.51382,26.143,-25.405,-11.155
0.10277,-0.92342,-0.23248,1.3252,0.3815,-0.4764,26.143,-25.405,-11.155
0.13533,-0.94406,-0.1685,1.3208,0.37129,-0.46331,26.003,-25.351,-11.594
0.11678,-0.99931,-0.18574,1.3141,0.36938,-0.45466,25.98,-25.296,-11.766
0.09848,-1.0424,-0.26927,1.3104,0.36873,-0.45075,25.98,-25.296,-11.766
0.000351,-1.0508,-0.24655,1.3034,0.35996,-0.4366,26.064,-25.207,-11.77
-0.004807,-1.0183,-0.21893,1.2991,0.32947,-0.40396,26.02,-25.179,-11.925
0.081833,-0.99327,-0.2587,1.2943,0.29333,-0.36997,26.02,-25.179,-11.925
0.11362,-1.0127,-0.28775,1.2834,0.28462,-0.35918,25.844,-25.241,-12.174
0.096252,-0.96788,-0.32765,1.277,0.29047,-0.3616,25.95,-24.927,-12.59
0.096054,-0.72124,-0.29875,1.2682,0.29737,-0.36289,25.95,-24.927,-12.59
0.10457,-0.62181,-0.26089,1.2656,0.29638,-0.35997,26.075,-24.771,-12.639
0.15483,-0.5331,-0.23506,1.2545,0.30139,-0.3567,26.126,-24.692,-12.688
0.094864,-0.70023,-0.35121,1.2482,0.31438,-0.36261,26.126,-24.692,-12.688
0.045624,-0.81988,-0.35033,1.248,0.31943,-0.36461,26.457,-24.368,-12.629
0.014725,-0.89096,-0.3134,1.2548,0.29923,-0.34567,26.438,-24.472,-12.468
0.095032,-0.87456,-0.23459,1.2605,0.28417,-0.33327,26.438,-24.472,-12.468
0.13303,-0.86815,-0.18037,1.2695,0.27413,-0.32374,26.01,-24.921,-12.479
0.1086,-0.95158,-0.20865,1.2801,0.30416,-0.34471,25.898,-25.13,-12.29
-0.020432,-1.0788,-0.27669,1.2848,0.31034,-0.34935,25.898,-25.13,-12.29
-0.065613,-1.0797,-0.27068,1.2951,0.30676,-0.34978,26.163,-25.228,-11.503
-0.025986,-1.003,-0.18768,1.3012,0.29766,-0.34417,26.017,-25.435,-11.378
0.093399,-0.91873,-0.16142,1.311,0.28979,-0.34062,26.017,-25.435,-11.378
0.15407,-0.88597,-0.16016,1.3169,0.33168,-0.37851,25.946,-25.661,-11.024
0.04184,-1.0157,-0.25061,1.3194,0.37041,-0.41318,26.213,-25.505,-10.753
0.002014,-1.0405,-0.28806,1.3264,0.38304,-0.42879,26.213,-25.505,-10.753
-0.020218,-1.0685,-0.21037,1.332,0.38094,-0.42969,26.251,-25.531,-10.597
0.057434,-1.1011,-0.17815,1.3442,0.40337,-0.45674,26.222,-25.732,-10.175
0.094467,-1.1057,-0.15761,1.3508,0.42571,-0.48028,26.222,-25.732,-10.175
0.16202,-1.0307,-0.20563,1.3621,0.50677,-0.56071,26.351,-25.75,-9.7871
0.19014,-0.95664,-0.24756,1.3634,0.56232,-0.61244,26.573,-25.643,-9.4616
0.21097,-0.9238,-0.22434,1.3614,0.59184,-0.64045,26.573,-25.643,-9.4616
0.2187,-0.93428,-0.17372,1.362,0.65127,-0.69843,26.839,-25.475,-9.163
0.23,-0.94182,-0.11414,1.3618,0.691,-0.73759,26.428,-23.709,-11.632
0.21892,-0.96396,-0.11337,1.3666,0.7581,-0.80464,26.428,-23.709,-11.632
0.1521,-1.0045,-0.13062,1.3738,0.85999,-0.9087,26.588,-23.691,-11.3
0.13506,-1.0148,-0.12996,1.3767,0.88737,-0.93792,26.799,-23.719,-10.727
0.12006,-1.0181,-0.099625,1.3837,0.93358,-0.98878,26.799,-23.719,-10.727
0.11032,-0.94725,-0.033447,1.3876,0.95861,-1.0155,26.752,-23.861,-10.528
0.13303,-0.93219,-0.033966,1.3938,1.0187,-1.0777,26.758,-23.957,-10.294
0.15051,-0.94136,-0.035599,1.3999,1.0887,-1.1495,26.758,-23.957,-10.294
0.13086,-0.99554,-0.046921,1.4037,1.1551,-1.2171,26.758,-23.957,-10.294
0.097305,-1.0599,-0.029861,1.4074,1.2225,-1.2861,26.758,-23.957,-10.294
0.15834,-1.0108,0.067398,1.4099,1.2638,-1.3286,26.758,-23.957,-10.294
0.21127,-0.99139,0.083313,1.4144,1.3545,-1.423,26.827,-24.347,-9.1307
0.16887,-0.97397,0.075562,1.4146,1.4006,-1.47,26.79,-24.496,-8.8377
0.14784,-1.0571,-0.018921,1.4101,1.5139,-1.5812,26.79,-24.496,-8.8377
0.17685,-1.1412,0.009293,1.4106,1.5845,-1.6546,27.038,-24.466,-8.1383
0.1597,-1.1463,0.051468,1.4099,1.6153,-1.6859,27.015,-24.569,-7.9008
0.18408,-1.1866,0.071732,1.4073,1.6746,-1.7447,27.015,-24.569,-7.9008
0.17845,-1.2014,0.037949,1.4062,1.7073,-1.7774,27.102,-24.643,-7.3515
0.102,-1.1782,0.04631,1.4038,1.7582,-1.8266,27.151,-24.666,-7.0891
0.065186,-1.0567,0.030823,1.407,1.7809,-1.8481,27.151,-24.666,-7.0891
0.13969,-0.86014,-0.015945,1.4099,1.7691,-1.8362,27.174,-24.668,-6.9948
0.15672,-0.81886,-0.045258,1.41,1.7438,-1.8057,27.207,-24.63,-6.9987
0.16008,-0.86392,-0.066025,1.4095,1.7276,-1.7865,27.207,-24.63,-6.9987
0.26417,-0.93016,-0.025345,1.4065,1.6922,-1.746,27.296,-24.538,-6.9755
0.3044,-0.96967,0.015991,1.3966,1.6741,-1.7231,27.296,-24.538,-6.9755
0.27994,-1.0311,0.054016,1.3909,1.6682,-1.711,27.563,-24.236,-6.9821
0.24698,-1.0564,0.093918,1.3893,1.6629,-1.7,27.643,-24.183,-6.8494
0.21939,-1.0381,0.10918,1.3873,1.675,-1.7101,27.815,-24.042,-6.6424
0.12882,-1.0382,0.084579,1.3895,1.6472,-1.6802,27.815,-24.042,-6.6424
0.12608,-0.99573,0.037048,1.392,1.635,-1.6673,27.806,-24.008,-6.8038
0.16821,-0.85294,-0.011398,1.3982,1.56,-1.5899,27.806,-24.008,-6.8038
0.16403,-0.89366,0.000351,1.3995,1.5033,-1.5294,27.641,-24.188,-6.8361
0.17036,-0.94327,0.022156,1.4001,1.4886,-1.5134,27.571,-24.161,-7.2068
0.16577,-0.98671,0.055679,1.4005,1.4712,-1.4922,27.571,-24.161,-7.2068
0.175,-0.98363,-0.017334,1.4011,1.4723,-1.491,27.55,-24.163,-7.2797
0.20181,-0.98323,-0.015793,1.4016,1.4511,-1.4659,27.551,-24.215,-7.0992
0.14714,-1.0429,0.041412,1.4005,1.4334,-1.442,27.551,-24.215,-7.0992
0.12241,-0.98988,0.025116,1.4019,1.4407,-1.448,27.613,-24.17,-7.0123
0.17654,-0.96806,-0.015289,1.4031,1.4461,-1.452,27.651,-24.126,-7.0151
0.16834,-1.0128,-0.03331,1.4021,1.4382,-1.4432,27.651,-24.126,-7.0151
0.12888,-0.989,0.034149,1.4015,1.4286,-1.4306,27.681,-24.11,-6.9514
0.15753,-0.92258,0.017975,1.4025,1.4373,-1.4389,27.684,-24.143,-6.8224
0.17749,-0.8972,-0.040955,1.4027,1.4304,-1.4316,27.684,-24.143,-6.8224
0.15378,-1.0134,-0.025681,1.4016,1.4138,-1.4134,27.669,-24.153,-6.8483
0.11658,-1.0623,-0.030441,1.4038,1.4046,-1.4043,27.708,-24.107,-6.85
0.13263,-1.1048,-0.063797,1.407,1.3924,-1.3929,27.708,-24.107,-6.85
0.16325,-1.1222,-0.086929,1.4086,1.3888,-1.3899,27.64,-24.156,-6.9537
0.15289,-1.104,-0.027771,1.4128,1.3653,-1.3666,27.547,-24.248,-7.0022
0.10072,-1.1282,-0.030807,1.4147,1.3391,-1.3415,27.547,-24.248,-7.0022
0.10286,-1.0993,-0.067383,1.4164,1.312,-1.3157,27.404,-24.354,-7.1911
0.1308,-1.0217,-0.14789,1.4172,1.2389,-1.2448,27.326,-24.369,-7.4362
0.10336,-1.0286,-0.1158,1.4165,1.1889,-1.1954,27.326,-24.369,-7.4362
0.1033,-0.99442,-0.10289,1.4146,1.1051,-1.1115,27.182,-24.38,-7.913
0.11095,-0.93204,-0.075974,1.4142,1.0294,-1.0347,27.102,-24.366,-8.2234
0.17694,-0.92219,-0.12112,1.4146,0.9743,-0.97876,27.102,-24.366,-8.2234
0.17035,-0.93018,-0.16084,1.4118,0.9177,-0.91945,26.835,-24.526,-8.6168
0.14908,-0.97092,-0.19989,1.4097,0.88102,-0.88119,26.801,-24.48,-8.8481
0.15163,-0.98114,-0.13258,1.4058,0.81048,-0.81051,26.801,-24.48,-8.8481
0.091736,-0.96867,-0.082321,1.4051,0.77974,-0.78116,26.67,-24.572,-8.9873
-0.035049,-0.97873,-0.10672,1.4042,0.67157,-0.68087,26.287,-24.744,-9.6204
-0.045227,-0.95094,-0.19199,1.4023,0.58535,-0.60062,26.287,-24.744,-9.6204
-0.047653,-0.97267,-0.2336,1.4,0.52441,-0.54226,25.911,-24.963,-10.064
-0.046295,-1.0327,-0.19406,1.3931,0.4544,-0.47673,25.416,-25.125,-10.891
-0.002594,-1.0197,-0.14468,1.3904,0.42729,-0.45181,25.416,-25.125,-10.891
0.009171,-1.0094,-0.16617,1.3862,0.38506,-0.41238,25.416,-25.125,-10.891
0.020905,-0.99754,-0.23024,1.3711,0.3498,-0.3747,25.195,-25.112,-11.421
0.02536,-1.0172,-0.24008,1.3647,0.34834,-0.37177,25.195,-25.112,-11.421
0.051849,-0.98769,-0.25238,1.3536,0.3365,-0.35993,25.187,-25.005,-11.67
0.10713,-0.8934,-0.24225,1.3472,0.32762,-0.35141,25.187,-25.005,-11.67
0.13501,-0.87859,-0.2585,1.3337,0.32967,-0.35018,25.187,-25.005,-11.67
0.11276,-0.93669,-0.28078,1.3136,0.34963,-0.35914,25.187,-25.005,-11.67
0.08403,-0.87064,-0.26053,1.3093,0.34864,-0.3567,25.691,-24.035,-12.575
0.099457,-0.80267,-0.24432,1.3024,0.33059,-0.34004,25.691,-24.035,-12.575
0.125,-0.70062,-0.1982,1.2988,0.32283,-0.33198,25.724,-23.82,-12.911
0.065735,-0.77158,-0.22421,1.2917,0.31827,-0.32272,25.736,-23.736,-13.043
0.005661,-0.87772,-0.26509,1.2885,0.31295,-0.31245,25.736,-23.736,-13.043
-0.12436,-0.90784,-0.25491,1.2937,0.25888,-0.26087,25.824,-23.656,-13.014
-0.024185,-0.83643,-0.29932,1.2969,0.2268,-0.23611,25.812,-23.699,-12.96
0.027313,-0.88031,-0.28841,1.2968,0.21766,-0.22834,25.812,-23.699,-12.96
0.03447,-1.0314,-0.29137,1.2966,0.22354,-0.2292,25.371,-24.028,-13.222
0.02153,-0.99004,-0.26486,1.2985,0.22896,-0.23195,25.485,-23.998,-13.056
-0.002335,-0.97665,-0.24062,1.3089,0.23113,-0.23116,25.485,-23.998,-13.056
0.03508,-0.96651,-0.20915,1.3137,0.24571,-0.24237,25.51,-24.198,-12.631
0.060257,-0.96137,-0.22545,1.3161,0.26005,-0.25474,25.503,-24.337,-12.375
0.017624,-0.95058,-0.21446,1.3209,0.29012,-0.28078,25.503,-24.337,-12.375
-0.024872,-0.89059,-0.25879,1.3229,0.30219,-0.29172,25.691,-24.272,-12.112
0.008255,-0.83514,-0.29271,1.3271,0.31742,-0.30826,25.873,-24.267,-11.73
0.097305,-0.85417,-0.35524,1.3276,0.34057,-0.33201,25.873,-24.267,-11.73
0.029541,-1.0162,-0.34192,1.3278,0.37712,-0.36489,26.001,-24.21,-11.562
0.037018,-1.053,-0.29823,1.3345,0.41986,-0.40424,26.255,-24.078,-11.26
0.063446,-1.0598,-0.23044,1.3402,0.43973,-0.42341,26.255,-24.078,-11.26
0.11072,-0.99097,-0.13737,1.3501,0.4957,-0.47383,26.371,-24.094,-10.948
0.12711,-0.9601,-0.12811,1.3539,0.53015,-0.50386,26.794,-24.088,-9.885
0.13528,-0.93341,-0.17641,1.3582,0.62835,-0.589,26.794,-24.088,-9.885
0.096069,-0.98511,-0.1743,1.3608,0.68151,-0.63565,27.1,-23.944,-9.3868
0.11003,-0.95978,-0.13637,1.3639,0.70284,-0.65513,27.508,-23.781,-8.5808
0.23233,-0.87045,-0.073471,1.3726,0.76105,-0.70901,27.508,-23.781,-8.5808
0.19803,-0.89456,-0.017746,1.377,0.7939,-0.73832,27.6,-23.846,-8.0912
0.19029,-0.91983,-0.032791,1.3818,0.875,-0.80913,27.768,-23.851,-7.4773
0.16467,-1.0637,-0.077957,1.3903,1.0049,-0.93031,27.768,-23.851,-7.4773
0.16242,-1.1119,-0.017685,1.3954,1.0484,-0.97261,28.091,-23.81,-6.3085
0.17142,-1.098,0.037888,1.4067,1.1462,-1.0674,28.067,-23.983,-5.7361
0.22318,-1.0385,0.068695,1.4111,1.1952,-1.1144,28.067,-23.983,-5.7361
0.22565,-1.1081,0.025146,1.4142,1.2902,-1.2044,28.037,-24.149,-5.1607
0.20882,-1.0934,-0.007797,1.414,1.3822,-1.2916,28.121,-24.155,-4.6466
0.22084,-1.0213,0.028076,1.4138,1.4678,-1.3738,28.121,-24.155,-4.6466
0.23134,-1.0028,0.055038,1.4116,1.542,-1.4466,28.275,-24.13,-3.7534
0.16211,-0.99602,0.099152,1.4084,1.5851,-1.489,28.36,-24.08,-3.4198
0.12628,-0.94679,0.066788,1.4043,1.655,-1.5591,28.36,-24.08,-3.4198
0.18869,-0.95239,0.026505,1.4034,1.6876,-1.5925,28.462,-24.028,-2.9008
0.19591,-1.0062,0.012756,1.3955,1.7365,-1.6441,28.495,-24.006,-2.7523
0.14801,-0.99582,0.085999,1.3907,1.7726,-1.6801,28.495,-24.006,-2.7523
0.21156,-1.0025,0.038788,1.3892,1.7998,-1.7085,28.521,-24.002,-2.5106
0.25253,-1.0036,0.008972,1.3831,1.8242,-1.7344,28.669,-23.853,-2.2213
0.18276,-1.036,0.029282,1.3782,1.8169,-1.7263,28.669,-23.853,-2.2213
0.16817,-1.0163,0.019104,1.3746,1.8191,-1.7289,28.878,-23.601,-2.2142
0.20853,-0.94377,-0.053223,1.3746,1.8061,-1.7187,28.909,-23.561,-2.2361
0.23322,-0.91716,-0.067551,1.3729,1.7793,-1.6925,28.909,-23.561,-2.2361
0.20137,-0.96506,-0.056335,1.3704,1.7336,-1.6476,28.9,-23.553,-2.4216
0.18855,-1.0581,-0.036896,1.3712,1.7203,-1.6349,28.98,-23.418,-2.7594
0.20898,-1.0467,-0.017654,1.3724,1.7162,-1.633,28.98,-23.418,-2.7594
0.19557,-0.99452,0.016708,1.3725,1.7106,-1.6293,28.958,-23.442,-2.7832
0.21021,-1.0314,-0.044357,1.3728,1.6934,-1.6139,28.958,-23.442,-2.7832
0.22649,-0.98694,-0.043991,1.3726,1.6518,-1.5744,28.961,-23.426,-2.8867
0.2426,-0.91406,-0.019852,1.3712,1.6342,-1.5577,28.987,-23.336,-3.3193
0.25723,-1.023,0.031784,1.37,1.6042,-1.5304,28.984,-23.312,-3.5134
0.19357,-1.0144,0.08197,1.3693,1.5989,-1.5265,28.984,-23.312,-3.5134
0.15666,-0.91994,0.097122,1.3749,1.6103,-1.545,28.942,-23.315,-3.8271
0.16744,-0.90515,0.03006,1.3787,1.5907,-1.5298,28.942,-23.315,-3.8271
0.11375,-0.87271,0.040863,1.3805,1.5778,-1.5183,28.942,-23.315,-3.8271
0.067566,-0.86328,-0.004578,1.3831,1.5479,-1.4906,28.942,-23.315,-3.8271
0.1227,-0.93397,-0.042099,1.3842,1.5343,-1.4782,28.657,-23.564,-4.4036
0.12173,-0.97005,-0.050049,1.3868,1.5053,-1.4504,28.657,-23.564,-4.4036
0.12968,-0.98254,-0.00737,1.389,1.4896,-1.4335,28.588,-23.601,-4.6468
0.24066,-1.0194,-0.044708,1.3881,1.4893,-1.433,28.497,-23.719,-4.5997
0.22421,-1.0628,-0.040146,1.3849,1.4942,-1.4365,28.497,-23.719,-4.5997
0.17088,-1.0836,0.00528,1.3833,1.5,-1.4415,28.564,-23.64,-4.5958
0.14116,-1.0598,-0.018082,1.3815,1.507,-1.4489,28.701,-23.489,-4.5168
0.17171,-0.98534,0.002396,1.381,1.5036,-1.4467,28.701,-23.489,-4.5168
0.13307,-0.94249,0.016449,1.3822,1.4887,-1.4322,28.623,-23.57,-4.5835
0.026352,-1.0345,0.031036,1.3863,1.4713,-1.4134,28.375,-23.853,-4.664
0.059082,-1.1039,-0.036606,1.3914,1.4657,-1.4085,28.375,-23.853,-4.664
0.14438,-1.1138,-0.066544,1.3981,1.4502,-1.3961,28.271,-23.951,-4.7922
0.16702,-1.1094,-0.054199,1.3993,1.4433,-1.389,28.195,-24.029,-4.8489
0.15764,-1.1685,-0.048492,1.4003,1.4196,-1.3629,28.195,-24.029,-4.8489
0.13759,-1.1542,-0.02417,1.4025,1.4051,-1.3469,28.181,-24.04,-4.8785
0.11781,-1.1462,-0.048325,1.404,1.3921,-1.333,28.067,-24.159,-4.9442
0.10231,-1.0701,-0.070343,1.4048,1.3477,-1.286,28.067,-24.159,-4.9442
0.16409,-0.93722,-0.088745,1.4057,1.3165,-1.2539,28.026,-24.179,-5.0764
0.17983,-0.86131,-0.050766,1.404,1.256,-1.1918,28.026,-24.179,-5.0764
0.16844,-0.88463,-0.076736,1.397,1.1648,-1.0946,27.887,-24.288,-5.3178
0.1387,-0.91946,-0.12785,1.394,1.136,-1.063,27.928,-24.148,-5.72
0.15553,-0.92583,-0.14533,1.3918,1.0844,-1.0078,27.928,-24.148,-5.72
0.17511,-0.92606,-0.12018,1.3907,1.0569,-0.97919,27.937,-24.096,-5.8946
0.12941,-0.95607,-0.10628,1.3877,1.0054,-0.92413,27.797,-24.183,-6.1916
0.12796,-1.0081,-0.16278,1.3857,0.97946,-0.89651,27.797,-24.183,-6.1916
0.1266,-1.0425,-0.19746,1.3791,0.89465,-0.80936,27.797,-24.183,-6.1916
0.15221,-1.0809,-0.19005,1.3751,0.83702,-0.75068,27.679,-24.201,-6.6366
0.1609,-1.077,-0.15424,1.3726,0.81027,-0.72299,27.679,-24.201,-6.6366
0.17334,-0.93764,-0.11528,1.3675,0.76199,-0.67211,27.568,-24.242,-6.9399
0.1886,-0.87964,-0.12482,1.3641,0.73697,-0.64569,27.426,-24.266,-7.4033
0.16852,-0.91504,-0.22125,1.3469,0.67141,-0.57278,27.426,-24.266,-7.4033
0.12982,-0.9876,-0.26564,1.3349,0.62409,-0.52373,27.441,-24.166,-7.6704
0.12511,-0.9933,-0.26376,1.3315,0.59588,-0.49692,27.457,-24.018,-8.0673
0.080627,-1.036,-0.24886,1.3265,0.53772,-0.4427,27.457,-24.018,-8.0673
0.081848,-1.0184,-0.23498,1.3238,0.51258,-0.4185,27.055,-24.19,-8.8718
0.080994,-0.98521,-0.22902,1.3188,0.46946,-0.37668,26.865,-24.286,-9.1819
0.064926,-0.89406,-0.19957,1.3135,0.42622,-0.33456,26.865,-24.286,-9.1819
0.04631,-0.79941,-0.22859,1.305,0.40395,-0.31054,26.567,-24.401,-9.7281
0.050003,-0.77144,-0.24925,1.299,0.38348,-0.29056,26.567,-24.401,-9.7281
0.066986,-0.80393,-0.24895,1.2965,0.37415,-0.28216,26.567,-24.401,-9.7281
0.076248,-0.90555,-0.26469,1.2922,0.36211,-0.27276,26.432,-24.373,-10.156
0.052643,-0.94031,-0.29092,1.2903,0.36065,-0.27289,26.389,-24.338,-10.35
0.00885,-0.8866,-0.26999,1.2879,0.33188,-0.25183,26.389,-24.338,-10.35
0.021957,-0.85776,-0.28354,1.2872,0.31862,-0.24405,26.256,-24.327,-10.706
0.027588,-0.91135,-0.27061,1.2861,0.31718,-0.24453,26.155,-24.355,-10.891
0.035858,-0.83182,-0.28819,1.2841,0.30234,-0.23373,26.155,-24.355,-10.891
-0.000122,-0.82117,-0.27505,1.284,0.30023,-0.23395,26.162,-24.297,-11.002
-0.008041,-0.90277,-0.27133,1.2838,0.30517,-0.24042,26.166,-24.235,-11.129
0.014832,-0.96259,-0.37779,1.2848,0.27894,-0.22399,26.166,-24.235,-11.129
0.023178,-0.94591,-0.33902,1.2848,0.27299,-0.22125,25.947,-24.351,-11.385
0.08226,-0.81619,-0.27634,1.2852,0.26854,-0.222,25.916,-24.357,-11.444
0.031937,-0.90355,-0.25766,1.2851,0.27741,-0.23077,25.916,-24.357,-11.444
0.021698,-0.97079,-0.29157,1.2883,0.30175,-0.25273,25.879,-24.362,-11.516
0.012192,-1.0003,-0.35315,1.2965,0.29863,-0.25666,26.123,-24.248,-11.203
-0.00386,-0.98064,-0.25449,1.3044,0.30187,-0.26467,26.123,-24.248,-11.203
0.036865,-0.94911,-0.22,1.3124,0.31014,-0.27497,25.946,-24.399,-11.284
0.12799,-0.95403,-0.21617,1.3165,0.32919,-0.29348,26.027,-24.512,-10.844
0.065536,-0.99159,-0.21747,1.3259,0.37823,-0.33962,26.027,-24.512,-10.844
0.081635,-0.97642,-0.22305,1.3359,0.42281,-0.38484,26.027,-24.512,-10.844
0.17671,-0.9357,-0.22504,1.3463,0.46386,-0.42803,26.027,-24.512,-10.844
0.20456,-1.0091,-0.19879,1.3509,0.53648,-0.49616,26.355,-24.485,-10.086
0.20004,-1.0781,-0.18709,1.3534,0.57485,-0.53158,26.867,-24.225,-9.3346
0.15604,-1.1171,-0.070251,1.3606,0.65316,-0.60655,27.163,-24.08,-8.8398
0.18329,-1.0253,-0.090408,1.3669,0.69464,-0.64797,27.163,-24.08,-8.8398
0.19893,-0.94487,-0.094986,1.3851,0.81214,-0.76834,27.33,-24.083,-8.3004
0.1427,-0.90671,-0.105,1.3845,0.8756,-0.82966,27.372,-24.195,-7.8249
0.14136,-0.88043,-0.11292,1.3834,0.90053,-0.85472,27.372,-24.195,-7.8249
0.19714,-0.92943,-0.11578,1.3822,0.95172,-0.90697,27.754,-23.923,-7.2981
0.16946,-0.98068,-0.030304,1.383,0.98469,-0.94014,27.896,-23.811,-7.1213
0.1644,-1.0301,-0.013626,1.3858,1.0664,-1.0218,27.896,-23.811,-7.1213
0.18474,-1.0461,-0.006287,1.3923,1.1879,-1.1475,28.099,-23.761,-6.461
0.21602,-0.97638,0.02803,1.3935,1.2241,-1.1842,28.144,-23.792,-6.1432
0.22392,-0.96793,0.010406,1.3917,1.3079,-1.2686,28.144,-23.792,-6.1432
0.22153,-1.0438,0.01918,1.3897,1.3449,-1.3059,28.237,-23.758,-5.8402
0.18214,-1.106,0.038101,1.3882,1.4093,-1.3731,28.392,-23.668,-5.439
0.19453,-1.1179,0.053192,1.3869,1.4662,-1.4355,28.392,-23.668,-5.439
0.20659,-1.0587,0.058441,1.3855,1.5153,-1.4901,28.431,-23.65,-5.3096
0.1768,-1.0223,0.025192,1.3839,1.557,-1.5354,28.456,-23.638,-5.2273
0.1794,-0.99806,0.014404,1.3836,1.5747,-1.5541,28.456,-23.638,-5.2273
0.2063,-1.0174,-0.012756,1.382,1.5957,-1.5765,28.484,-23.635,-5.0878
0.17099,-1.0221,0.028046,1.3812,1.601,-1.5829,28.529,-23.601,-4.9921
0.16711,-1.0591,0.022003,1.382,1.6257,-1.6118,28.529,-23.601,-4.9921
0.12306,-1.0697,0.029022,1.384,1.6371,-1.6251,28.541,-23.588,-4.9815
0.10901,-1.0402,0.028763,1.387,1.6425,-1.6307,28.424,-23.736,-4.9522
0.11601,-0.98506,0.005203,1.3923,1.6449,-1.6329,28.424,-23.736,-4.9522
0.085602,-0.97675,-0.015198,1.3949,1.6374,-1.6253,28.243,-23.952,-4.9431
0.10748,-0.96074,-0.022629,1.3978,1.6209,-1.6076,28.238,-23.951,-4.9782
0.1503,-0.8878,-0.034561,1.4005,1.6055,-1.5911,28.238,-23.951,-4.9782
0.16834,-0.89813,-0.058929,1.4002,1.5869,-1.569,28.171,-24.005,-5.0983
0.15173,-1.0085,-0.025726,1.4,1.5616,-1.5404,28.157,-24.019,-5.1132
0.16858,-0.95328,-0.016434,1.4006,1.5594,-1.5365,28.157,-24.019,-5.1132
0.19469,-0.89754,-0.036636,1.4011,1.5556,-1.5302,28.178,-24.007,-5.0466
0.18175,-0.97665,0.017441,1.4001,1.5427,-1.5157,28.173,-24.023,-4.9992
0.17215,-1.0473,0.041916,1.4004,1.5428,-1.5099,28.173,-24.023,-4.9992
0.16623,-0.94984,0.04187,1.402,1.5574,-1.5214,28.245,-23.946,-4.966
0.16948,-0.90814,0.028107,1.403,1.5649,-1.5271,28.206,-24.033,-4.7604
0.18703,-0.93893,0.00177,1.4039,1.5633,-1.522,28.206,-24.033,-4.7604
0.16826,-1.0695,-0.061081,1.4034,1.5609,-1.5174,28.172,-24.087,-4.6895
0.18875,-1.1111,-0.080475,1.4026,1.5494,-1.5013,28.254,-24.032,-4.479
0.25784,-1.0703,-0.035492,1.4012,1.5633,-1.5092,28.254,-24.032,-4.479
0.21306,-1.0062,0.060593,1.3993,1.5687,-1.5123,28.297,-24.007,-4.3384
0.20303,-1.0217,0.05246,1.3957,1.5832,-1.5212,28.44,-23.898,-3.9825
0.22707,-0.99709,0.026245,1.3935,1.5856,-1.5212,28.44,-23.898,-3.9825
0.21429,-0.96288,0.006256,1.3893,1.5781,-1.5098,28.528,-23.805,-3.9105
0.16472,-0.94125,0.015121,1.3854,1.5557,-1.4848,28.614,-23.702,-3.9121
0.25156,-0.97137,0.020844,1.3815,1.5379,-1.4668,28.614,-23.702,-3.9121
0.26863,-1.0246,-0.004578,1.3792,1.519,-1.4464,28.675,-23.609,-4.0276
0.16563,-1.0337,0.020996,1.3777,1.5123,-1.4372,28.822,-23.416,-4.0967
0.1209,-0.98299,-0.085709,1.377,1.4986,-1.423,28.822,-23.416,-4.0967
0.162,-0.95847,-0.18874,1.3787,1.4755,-1.4027,28.843,-23.372,-4.2022
0.15021,-0.95193,-0.13953,1.3798,1.365,-1.2946,28.843,-23.372,-4.2022
0.24626,-1.0356,-0.10796,1.3792,1.3201,-1.2487,28.688,-23.491,-4.5872
0.25148,-1.0858,-0.036621,1.3777,1.3093,-1.2363,28.629,-23.468,-5.0488
0.2437,-1.1951,0.03038,1.3774,1.3217,-1.2443,28.658,-23.455,-4.9397
0.22023,-1.1828,0.038818,1.3778,1.334,-1.2551,28.658,-23.455,-4.9397
0.2155,-1.1441,-0.000793,1.3801,1.3255,-1.2459,28.649,-23.515,-4.704
0.16016,-1.0184,-0.13443,1.3787,1.2523,-1.1743,28.649,-23.515,-4.704
0.14253,-0.9415,-0.19211,1.3776,1.1992,-1.1223,28.584,-23.534,-4.9936
0.13913,-0.90549,-0.20403,1.3744,1.0933,-1.0181,28.584,-23.534,-4.9936
0.13226,-0.86786,-0.14673,1.3718,1.0458,-0.96991,28.584,-23.534,-4.9936
0.19476,-0.93086,-0.17917,1.3676,0.96578,-0.88697,28.332,-23.584,-6.0751
0.22534,-0.96661,-0.18253,1.363,0.90506,-0.82007,28.118,-23.666,-6.7213
0.21876,-1.01,-0.14706,1.3599,0.85965,-0.76903,28.053,-23.711,-6.8318
0.13402,-0.98579,-0.15572,1.3579,0.81465,-0.72217,28.053,-23.711,-6.8318
0.10111,-0.96889,-0.20087,1.3564,0.78597,-0.69367,27.942,-23.8,-6.9751
0.079361,-0.92987,-0.25177,1.3518,0.71382,-0.62467,27.608,-23.972,-7.6784
0.076248,-0.92102,-0.24985,1.3484,0.68064,-0.59321,27.608,-23.972,-7.6784
0.12105,-0.93869,-0.26379,1.3382,0.60751,-0.52405,27.432,-24.019,-8.1508
0.14795,-0.95764,-0.24742,1.3309,0.57444,-0.49224,27.432,-24.019,-8.1508
0.12595,-1.002,-0.24989,1.3277,0.56595,-0.48291,27.306,-24.048,-8.4803
0.13306,-0.922,-0.21603,1.323,0.55663,-0.47325,27.237,-24.04,-8.7233
0.064377,-0.80846,-0.21338,1.3211,0.55256,-0.47082,27.268,-23.91,-8.9784
-0.004578,-0.78088,-0.24344,1.3173,0.53999,-0.46321,27.268,-23.91,-8.9784
-0.072174,-0.79608,-0.37943,1.3042,0.52064,-0.45243,27.238,-23.846,-9.2343
-0.026016,-0.84288,-0.3815,1.302,0.49994,-0.43747,27.238,-23.846,-9.2343
-0.006088,-0.81068,-0.31871,1.3015,0.47252,-0.42035,27.149,-23.64,-9.9983
0.10225,-0.73569,-0.26202,1.3013,0.46717,-0.41763,26.973,-23.708,-10.307
0.12241,-0.87535,-0.25679,1.2992,0.47411,-0.42295,26.973,-23.708,-10.307
0.10323,-0.95776,-0.26317,1.2975,0.49213,-0.4348,26.969,-23.679,-10.385
0.12367,-0.92125,-0.26866,1.3028,0.49979,-0.44519,27.214,-23.526,-10.086
0.11806,-0.90597,-0.20445,1.3089,0.50132,-0.45244,27.214,-23.526,-10.086
0.12117,-0.91676,-0.20439,1.3111,0.508,-0.4603,27.097,-23.648,-10.117
0.056793,-0.95209,-0.29283,1.3141,0.51677,-0.47294,27.102,-23.675,-10.042
0.007904,-0.9375,-0.30765,1.315,0.5108,-0.47029,27.102,-23.675,-10.042
-0.011887,-0.86401,-0.308,1.319,0.4929,-0.46191,27.102,-23.675,-10.042
0.089218,-0.8867,-0.30496,1.3255,0.48908,-0.47017,26.764,-23.893,-10.425
0.11232,-0.96101,-0.27982,1.3275,0.50046,-0.48275,26.764,-23.893,-10.425
0.16365,-1.0151,-0.20756,1.336,0.54541,-0.52922,26.748,-23.928,-10.385
0.18164,-1.0116,-0.20027,1.3413,0.57488,-0.55969,27.004,-23.91,-9.7462
0.21393,-0.99574,-0.20158,1.352,0.63733,-0.62634,27.004,-23.91,-9.7462
0.232,-0.96903,-0.21999,1.3619,0.73461,-0.73096,27.123,-23.908,-9.412
0.21994,-0.9834,-0.2252,1.3632,0.76769,-0.7661,27.258,-23.856,-9.1521
0.24194,-0.98289,-0.22279,1.3675,0.83466,-0.83949,27.258,-23.856,-9.1521
0.25857,-0.98657,-0.14821,1.3703,0.87195,-0.8807,27.557,-23.669,-8.7316
0.25642,-1.008,-0.16016,1.3761,0.95301,-0.96993,27.644,-23.653,-8.4967
0.25481,-1.0323,-0.15033,1.3778,0.99437,-1.0154,27.644,-23.653,-8.4967
0.23802,-1.0269,-0.13481,1.3797,1.0986,-1.1324,27.755,-23.599,-8.2821
0.24707,-1.0595,-0.16435,1.3811,1.1549,-1.1984,27.856,-23.53,-8.1399
0.22197,-1.0498,-0.12329,1.3816,1.1839,-1.2315,27.856,-23.53,-8.1399
0.16513,-1.0211,-0.096725,1.383,1.2467,-1.3043,27.923,-23.49,-8.0208
0.15704,-0.98789,-0.11072,1.3845,1.2769,-1.3409,27.928,-23.508,-7.955
0.19557,-0.91791,-0.14153,1.3872,1.3291,-1.4057,27.928,-23.508,-7.955
0.22853,-0.97421,-0.14683,1.3867,1.3902,-1.4819,27.79,-23.66,-7.9857
0.1954,-1.0061,-0.093109,1.3866,1.4162,-1.5128,27.778,-23.671,-7.9958
0.20334,-1.0789,-0.034622,1.3887,1.4819,-1.5914,27.778,-23.671,-7.9958
0.18994,-1.1205,-0.038879,1.3901,1.5156,-1.6333,27.724,-23.748,-7.9516
0.15591,-1.1253,-0.012878,1.391,1.5772,-1.7097,27.456,-24.034,-8.0257
0.15724,-1.0369,-0.029587,1.3919,1.6279,-1.7751,27.456,-24.034,-8.0257
0.15363,-1.0811,-0.082153,1.3936,1.6544,-1.8163,27.304,-24.169,-8.1342
0.11494,-1.0759,-0.030487,1.3934,1.6724,-1.8473,27.142,-24.279,-8.3461
0.16071,-0.95015,-0.010666,1.3935,1.6855,-1.8669,27.142,-24.279,-8.3461
0.16634,-0.94961,-0.049133,1.3944,1.708,-1.9036,27.037,-24.329,-8.5424
0.13289,-1.0288,-0.063736,1.394,1.7111,-1.9126,26.775,-24.468,-8.9586
0.12013,-1.082,-0.042282,1.3959,1.7191,-1.9384,26.775,-24.468,-8.9586
0.13145,-1.008,-0.020218,1.3996,1.7342,-1.9667,26.675,-24.505,-9.1543
0.14714,-0.97527,-0.022812,1.4024,1.7261,-1.9636,26.408,-24.692,-9.4229
0.16368,-1.0218,-0.074997,1.4052,1.715,-1.9614,26.408,-24.692,-9.4229
0.17699,-0.97826,-0.068726,1.4067,1.7003,-1.9517,26.408,-24.692,-9.4229
0.1933,-0.98344,-0.063461,1.4082,1.6775,-1.9393,26.408,-24.692,-9.4229
0.13658,-0.9818,-0.01712,1.41,1.6336,-1.9118,26.408,-24.692,-9.4229
0.16353,-0.95018,-0.007629,1.4108,1.6226,-1.9059,25.597,-24.964,-10.837
0.12688,-0.92191,0.016357,1.412,1.6059,-1.8991,26.651,-26.153,-7.2144
0.12009,-0.85179,-0.004471,1.413,1.5986,-1.896,26.651,-26.153,-7.2144
0.17792,-0.80356,-0.021072,1.4152,1.5794,-1.8855,26.522,-26.209,-7.4819
0.091339,-0.90335,0.04335,1.4171,1.5458,-1.8597,26.397,-26.255,-7.755
0.015594,-1.031,-0.047333,1.4225,1.5542,-1.8706,26.397,-26.255,-7.755
0.06517,-1.0194,-0.04631,1.4294,1.5529,-1.8742,26.246,-26.298,-8.1176
0.076721,-1.0135,-0.011429,1.432,1.5352,-1.858,25.94,-26.544,-8.2939
0.051956,-1.0424,-0.034714,1.4352,1.5113,-1.8356,25.94,-26.544,-8.2939
0.085403,-1.1143,-0.044983,1.4381,1.4963,-1.8211,25.879,-26.57,-8.4031
0.16119,-1.1295,-0.03157,1.4366,1.476,-1.8002,25.677,-26.705,-8.5918
0.16937,-1.0967,-0.043259,1.434,1.4604,-1.7859,25.677,-26.705,-8.5918
0.15581,-1.0477,-0.041519,1.4319,1.4462,-1.7722,25.727,-26.63,-8.6759
0.14111,-1.0472,-0.027954,1.4292,1.4134,-1.7386,25.849,-26.441,-8.8912
0.16341,-1.0378,-0.003738,1.4284,1.3938,-1.7188,25.849,-26.441,-8.8912
0.14221,-1.0354,-0.002197,1.4266,1.3719,-1.6974,25.83,-26.4,-9.0631
0.079865,-1.0417,0.003448,1.4275,1.3456,-1.6702,25.841,-26.358,-9.155
0.13739,-1.0101,-0.026016,1.4293,1.3332,-1.659,25.841,-26.358,-9.155
0.12825,-0.97171,0.002518,1.4311,1.3012,-1.6276,25.72,-26.463,-9.191
0.12637,-1.0116,-0.002487,1.4319,1.2914,-1.6163,25.574,-26.527,-9.414
0.1238,-1.0285,-0.044128,1.4322,1.2536,-1.5774,25.574,-26.527,-9.414
0.087433,-1.0609,-0.058746,1.432,1.1943,-1.517,25.534,-26.511,-9.5648
0.091797,-1.0857,-0.10024,1.4301,1.125,-1.4476,25.454,-26.51,-9.7785
0.10074,-1.0841,-0.11589,1.4263,1.0446,-1.3675,25.454,-26.51,-9.7785
0.14497,-1.1115,-0.13777,1.4238,1.0082,-1.3305,25.332,-26.379,-10.427
0.12169,-1.0474,-0.10255,1.4172,0.94016,-1.2598,25.318,-26.277,-10.714
0.12268,-1.0532,-0.09761,1.4131,0.90755,-1.2253,25.318,-26.277,-10.714
0.15846,-0.97649,-0.14134,1.3966,0.80561,-1.118,25.369,-25.97,-11.327
0.15468,-0.89325,-0.09584,1.3824,0.73616,-1.044,25.437,-25.73,-11.714
0.16547,-0.8739,-0.082733,1.3753,0.69827,-1.0049,25.437,-25.73,-11.714
0.16705,-0.93414,-0.18071,1.3582,0.62955,-0.93202,25.418,-25.526,-12.192
0.11139,-1.0367,-0.25121,1.3492,0.60306,-0.90263,25.437,-25.261,-12.693
0.12115,-1.0164,-0.23614,1.3372,0.55039,-0.84728,25.437,-25.261,-12.693
0.15189,-0.94356,-0.18005,1.3213,0.45823,-0.75508,25.215,-25.059,-13.511
0.019409,-0.93608,-0.22231,1.3124,0.44075,-0.73553,25.054,-24.967,-13.974
0.010117,-0.89926,-0.27097,1.2935,0.41158,-0.7029,25.054,-24.967,-13.974
0.11517,-0.81284,-0.25095,1.2858,0.38981,-0.68128,25.116,-24.659,-14.403
0.13109,-0.75241,-0.20505,1.2728,0.35459,-0.64412,24.909,-24.356,-15.253
0.11334,-0.78348,-0.24007,1.2616,0.34549,-0.62845,24.909,-24.356,-15.253
0.12103,-0.92577,-0.23212,1.2568,0.33554,-0.61513,24.99,-24.191,-15.382
0.10962,-0.89331,-0.2244,1.2577,0.31783,-0.59781,24.778,-24.303,-15.548
0.08992,-0.82471,-0.22475,1.2581,0.30661,-0.58781,24.778,-24.303,-15.548
0.032425,-0.85727,-0.19626,1.2564,0.28534,-0.56807,24.591,-24.41,-15.675
-0.016754,-0.92151,-0.20622,1.2547,0.27752,-0.56031,24.477,-24.437,-15.811
-0.015732,-0.94257,-0.27451,1.2627,0.23336,-0.52051,24.477,-24.437,-15.811
-0.005508,-0.95717,-0.2466,1.2683,0.21453,-0.50763,24.405,-24.473,-15.869
0.015518,-0.99466,-0.24916,1.2721,0.2077,-0.5024,23.994,-24.852,-15.904
0.13744,-0.97806,-0.27139,1.2753,0.21907,-0.5167,23.994,-24.852,-15.904
0.09343,-1.0225,-0.23375,1.277,0.23854,-0.53731,24.023,-24.833,-15.891
0.052979,-1.0139,-0.23456,1.2796,0.26709,-0.56483,24.023,-24.833,-15.891
0.059479,-0.92049,-0.23039,1.2879,0.29089,-0.5927,24.268,-24.678,-15.759
0.045166,-0.8838,-0.31081,1.2893,0.29394,-0.59909,24.411,-24.703,-15.497
0.03923,-0.85271,-0.33267,1.2878,0.30496,-0.61664,24.466,-24.628,-15.53
0.030319,-0.74222,-0.2991,1.288,0.3103,-0.62555,24.466,-24.628,-15.53
-0.006073,-0.72075,-0.27708,1.2901,0.32716,-0.64789,24.502,-24.449,-15.755
0.027405,-0.76819,-0.27148,1.296,0.35381,-0.67788,24.502,-24.449,-15.755
0.12115,-0.87557,-0.28551,1.3064,0.38718,-0.71689,24.502,-24.449,-15.755
0.12501,-0.91624,-0.24785,1.32,0.43842,-0.77196,24.502,-24.449,-15.755
