-0.22325,-0.91748,-0.155,1.3527,-0.72821,0.6224,6.0727,-33.291,-0.3226
-0.21135,-0.96463,-0.17062,1.3445,-0.72627,0.61634,6.0212,-33.297,-0.59467
-0.19244,-0.98366,-0.18314,1.3412,-0.72045,0.60998,6.0212,-33.297,-0.59467
-0.17792,-0.99852,-0.17493,1.3366,-0.70458,0.59494,5.9432,-33.306,-0.83013
-0.15028,-0.98842,-0.17537,1.3347,-0.69824,0.58867,5.9588,-33.298,-1.0017
-0.13014,-0.985,-0.17989,1.3321,-0.68111,0.57089,5.9588,-33.298,-1.0017
-0.093063,-0.9899,-0.2019,1.3306,-0.64341,0.5329,6.0663,-33.268,-1.3082
-0.090088,-0.98616,-0.21072,1.33,-0.62919,0.51875,6.1478,-33.248,-1.4465
-0.094727,-0.989,-0.2148,1.3277,-0.60793,0.49772,6.1478,-33.248,-1.4465
-0.10109,-1.0164,-0.2476,1.3262,-0.59639,0.48634,6.3374,-33.197,-1.7531
-0.10318,-1.0095,-0.24565,1.3207,-0.57316,0.46322,6.3374,-33.197,-1.7531
-0.10742,-0.9967,-0.2408,1.3178,-0.57254,0.46122,6.3374,-33.197,-1.7531
-0.1154,-0.99545,-0.2271,1.3165,-0.57275,0.46039,6.3383,-33.182,-2.0195
-0.1411,-0.99496,-0.23752,1.3136,-0.57581,0.46096,6.2386,-33.189,-2.2111
-0.14604,-0.97934,-0.24454,1.3115,-0.57625,0.45983,6.2386,-33.189,-2.2111
-0.14653,-0.94533,-0.2554,1.3059,-0.57593,0.45556,6.1657,-33.19,-2.3929
-0.12976,-0.94168,-0.23824,1.2998,-0.57623,0.45109,6.1657,-33.19,-2.3929
-0.10854,-0.95474,-0.23088,1.296,-0.57673,0.44658,6.0838,-33.192,-2.5667
-0.04306,-0.9727,-0.22461,1.2953,-0.56723,0.43328,6.028,-33.186,-2.7624
-0.012268,-0.98306,-0.21905,1.2958,-0.55895,0.42385,6.028,-33.186,-2.7624
0.002808,-0.99972,-0.19104,1.2942,-0.54976,0.41316,6.1586,-33.145,-2.9657
-0.05249,-0.98862,-0.17435,1.294,-0.5415,0.40447,6.0975,-33.144,-3.0977
-0.097595,-0.98279,-0.17921,1.2884,-0.5387,0.39981,6.0975,-33.144,-3.0977
-0.16927,-0.97357,-0.19948,1.2746,-0.55531,0.4095,6.1566,-33.124,-3.1943
-0.22093,-0.94929,-0.22821,1.269,-0.56431,0.41525,5.6902,-33.14,-3.8278
-0.24472,-0.944,-0.24156,1.2589,-0.58182,0.4263,5.6902,-33.14,-3.8278
-0.29025,-0.92773,-0.28008,1.2539,-0.59072,0.43233,5.3672,-33.164,-4.0801
-0.3398,-0.92096,-0.30087,1.2429,-0.60769,0.44434,4.8414,-33.182,-4.5614
-0.3614,-0.90193,-0.29636,1.2281,-0.62506,0.45511,4.8414,-33.182,-4.5614
-0.36144,-0.88901,-0.26466,1.2233,-0.63398,0.46186,4.6986,-33.173,-4.7736
-0.3197,-0.89592,-0.27966,1.2183,-0.63799,0.46335,4.3185,-33.195,-4.974
-0.29549,-0.89749,-0.28908,1.2161,-0.64199,0.46614,4.3185,-33.195,-4.974
-0.28204,-0.86688,-0.31943,1.2135,-0.64798,0.4677,4.3081,-33.179,-5.0886
-0.30144,-0.84802,-0.32774,1.2119,-0.64992,0.46657,4.2181,-33.171,-5.2139
-0.31352,-0.82242,-0.32697,1.207,-0.65331,0.46216,4.2181,-33.171,-5.2139
-0.30603,-0.86345,-0.3219,1.203,-0.65681,0.46203,4.0433,-33.163,-5.4011
-0.29913,-0.87238,-0.32176,1.2023,-0.65841,0.46252,4.0914,-33.15,-5.4406
-0.26163,-0.89546,-0.30421,1.2046,-0.65956,0.46317,4.0914,-33.15,-5.4406
-0.23521,-0.91038,-0.27004,1.2059,-0.65953,0.46398,4.0943,-33.154,-5.4138
-0.22884,-0.91038,-0.25507,1.2109,-0.65871,0.46614,4.1627,-33.168,-5.2747
-0.21133,-0.92728,-0.24977,1.2209,-0.6639,0.4759,4.1627,-33.168,-5.2747
-0.18744,-0.93066,-0.24237,1.2249,-0.66382,0.4776,4.3757,-33.203,-4.8708
-0.1694,-0.9339,-0.23112,1.2329,-0.65917,0.47662,4.5368,-33.215,-4.6333
-0.11424,-0.9498,-0.23791,1.2379,-0.65423,0.47359,4.5368,-33.215,-4.6333
-0.068375,-0.98201,-0.24196,1.249,-0.63687,0.46049,4.7406,-33.214,-4.4286
-0.068192,-0.99463,-0.23801,1.2597,-0.61642,0.44478,5.0872,-33.194,-4.193
-0.068344,-1.0187,-0.20735,1.268,-0.60247,0.43505,5.0872,-33.194,-4.193
-0.066193,-1.0498,-0.18854,1.2758,-0.59535,0.43067,5.6421,-33.153,-3.7855
-0.067871,-1.0585,-0.19055,1.2808,-0.59154,0.42798,5.7657,-33.15,-3.6215
-0.06897,-1.0285,-0.2133,1.2902,-0.58413,0.42331,5.7657,-33.15,-3.6215
-0.077255,-1.013,-0.24414,1.2946,-0.57791,0.41893,6.0058,-33.136,-3.3508
-0.092667,-0.99234,-0.26025,1.3049,-0.55807,0.40447,6.3978,-33.097,-2.9895
-0.11671,-0.97536,-0.2736,1.3077,-0.54587,0.39533,6.3978,-33.097,-2.9895
-0.11966,-0.96657,-0.27959,1.3079,-0.541,0.39171,6.5134,-33.087,-2.8529
-0.10664,-0.97092,-0.30012,1.3075,-0.53201,0.38424,6.6339,-33.062,-2.8568
-0.10193,-1.011,-0.30006,1.3067,-0.52532,0.37831,6.6339,-33.062,-2.8568
-0.11173,-1.0251,-0.2775,1.3087,-0.52358,0.37902,6.7174,-33.042,-2.8946
-0.14832,-1.0114,-0.24164,1.3173,-0.55696,0.41598,6.6838,-33.069,-2.6618
-0.17529,-0.95403,-0.20552,1.32,-0.57559,0.43542,6.6838,-33.069,-2.6618
-0.17024,-0.93745,-0.19057,1.3251,-0.61086,0.4722,6.5632,-33.118,-2.326
-0.1225,-0.96355,-0.15595,1.3281,-0.6277,0.48992,6.278,-33.211,-1.7092
-0.049744,-0.98407,-0.087219,1.3372,-0.65843,0.52289,6.278,-33.211,-1.7092
-0.012909,-0.98756,-0.05777,1.3497,-0.68726,0.555,6.2421,-33.236,-1.3128
-0.027115,-0.99278,-0.018478,1.3588,-0.71245,0.58419,6.2089,-33.255,-0.9287
-0.10576,-0.9856,-0.068558,1.3632,-0.73128,0.60495,6.2089,-33.255,-0.9287
-0.14075,-0.98535,-0.13361,1.3637,-0.73923,0.61242,6.2678,-33.255,-0.36715
-0.1989,-0.97359,-0.1615,1.3586,-0.74673,0.61763,6.162,-33.274,-0.41949
-0.22611,-0.94772,-0.16995,1.3546,-0.75051,0.62021,6.162,-33.274,-0.41949
-0.26502,-0.94606,-0.19052,1.3415,-0.75355,0.62109,5.7326,-33.343,-0.82617
-0.24226,-0.94681,-0.21976,1.3324,-0.7488,0.61578,5.7326,-33.343,-0.82617
-0.22116,-0.94341,-0.22327,1.3291,-0.74334,0.61036,5.7326,-33.343,-0.82617
-0.16081,-0.95052,-0.21313,1.3264,-0.72961,0.59726,5.5574,-33.359,-1.2549
-0.11472,-0.97376,-0.19342,1.3257,-0.72025,0.58846,5.6044,-33.347,-1.3509
-0.10913,-0.97382,-0.18639,1.3272,-0.70127,0.57112,5.6044,-33.347,-1.3509
-0.11816,-0.97348,-0.16777,1.3315,-0.67259,0.54535,5.8956,-33.294,-1.4293
-0.13342,-0.97223,-0.174,1.3323,-0.66494,0.53808,6.0031,-33.274,-1.4441
-0.13222,-0.98006,-0.17696,1.3322,-0.6484,0.52122,6.0031,-33.274,-1.4441
-0.10977,-1.011,-0.20718,1.3319,-0.6369,0.50933,6.1371,-33.248,-1.4827
-0.077591,-1.0177,-0.22437,1.3316,-0.61084,0.48257,6.4031,-33.185,-1.7372
-0.05835,-1.0133,-0.23186,1.3319,-0.58102,0.45286,6.4031,-33.185,-1.7372
-0.047424,-0.98436,-0.23264,1.3316,-0.5579,0.43004,6.513,-33.159,-1.8229
-0.030334,-0.96631,-0.24216,1.33,-0.53768,0.40944,6.7398,-33.107,-1.9478
-0.026321,-0.9626,-0.25395,1.3288,-0.52428,0.39559,6.7398,-33.107,-1.9478
-0.004883,-0.97093,-0.26143,1.3252,-0.49934,0.36938,6.789,-33.09,-2.0611
0.000107,-0.97496,-0.26628,1.3233,-0.48783,0.35699,6.9243,-33.037,-2.4301
-0.025528,-1.0015,-0.25099,1.3189,-0.47844,0.34459,6.9243,-33.037,-2.4301
-0.077393,-1.0149,-0.23624,1.3122,-0.47462,0.33353,7.041,-32.995,-2.6503
-0.10414,-1.0249,-0.23085,1.3093,-0.48041,0.336,6.8217,-33.009,-3.0227
-0.17305,-0.98897,-0.18671,1.3023,-0.49826,0.34649,6.8217,-33.009,-3.0227
-0.25108,-0.95393,-0.16254,1.2982,-0.51043,0.35451,6.6029,-33.032,-3.2538
-0.26071,-0.93921,-0.17461,1.2879,-0.53859,0.37401,6.163,-33.098,-3.4433
-0.23227,-0.93137,-0.21062,1.2708,-0.56244,0.38668,6.163,-33.098,-3.4433
-0.1891,-0.94716,-0.23845,1.2658,-0.56619,0.38825,5.6431,-33.113,-4.1168
-0.17777,-0.95605,-0.2224,1.2585,-0.57054,0.39157,5.4576,-33.114,-4.3581
-0.18977,-0.96333,-0.19295,1.2563,-0.57391,0.39554,5.4576,-33.114,-4.3581
-0.25641,-0.95721,-0.22102,1.252,-0.58455,0.40812,5.3282,-33.115,-4.5047
-0.27141,-0.94444,-0.24805,1.245,-0.59773,0.42257,5.1794,-33.136,-4.5234
-0.32638,-0.90385,-0.31642,1.2368,-0.60778,0.43128,5.1794,-33.136,-4.5234
-0.37863,-0.83298,-0.36394,1.2265,-0.62235,0.44052,4.7066,-33.157,-4.8761
-0.37108,-0.80122,-0.38947,1.219,-0.6318,0.44607,4.5231,-33.153,-5.0683
-0.30771,-0.78331,-0.40994,1.2068,-0.64191,0.44962,4.5231,-33.153,-5.0683
-0.29352,-0.80191,-0.38296,1.2013,-0.64348,0.44942,3.9851,-33.134,-5.6152
-0.29329,-0.84547,-0.35132,1.1952,-0.64329,0.44955,3.9851,-33.134,-5.6152
-0.27524,-0.88252,-0.30841,1.1962,-0.6481,0.4559,3.8397,-33.12,-5.7974
-0.26184,-0.88765,-0.30223,1.1977,-0.65181,0.46008,3.9077,-33.13,-5.6955
-0.27289,-0.90074,-0.26784,1.2015,-0.65976,0.46867,3.9029,-33.178,-5.4083
-0.28561,-0.90616,-0.25127,1.2029,-0.66567,0.47452,3.9029,-33.178,-5.4083
-0.28635,-0.91299,-0.25426,1.2057,-0.67732,0.48549,3.7934,-33.217,-5.2476
-0.27072,-0.93663,-0.24408,1.2111,-0.70111,0.50872,3.7934,-33.217,-5.2476
-0.2368,-0.95009,-0.24735,1.2139,-0.70648,0.51467,3.7883,-33.242,-5.0916
-0.21945,-0.95628,-0.24402,1.221,-0.70835,0.51934,3.8063,-33.267,-4.9086
-0.18546,-0.97844,-0.24237,1.2259,-0.70593,0.51874,4.0299,-33.305,-4.4489
-0.17871,-0.99116,-0.23135,1.2363,-0.69595,0.51221,4.0299,-33.305,-4.4489
-0.17607,-0.99307,-0.21845,1.2471,-0.68283,0.50165,4.3472,-33.296,-4.2111
-0.14259,-0.9899,-0.21776,1.2575,-0.66805,0.48965,4.3472,-33.296,-4.2111
-0.11424,-1.0178,-0.21522,1.2686,-0.65231,0.47834,4.6479,-33.279,-4.0223
-0.10069,-1.0297,-0.20902,1.2747,-0.64498,0.47371,5.3079,-33.235,-3.5426
-0.079147,-1.0319,-0.18382,1.2871,-0.63377,0.46809,5.6399,-33.213,-3.2245
-0.071854,-1.0262,-0.17279,1.2933,-0.6303,0.46767,5.6399,-33.213,-3.2245
-0.066162,-0.99112,-0.16078,1.3047,-0.62737,0.47149,6.1251,-33.189,-2.4968
-0.023026,-0.96599,-0.18462,1.3217,-0.62075,0.4756,6.1251,-33.189,-2.4968
0.001236,-0.96469,-0.19797,1.3264,-0.61623,0.47493,6.2422,-33.19,-2.1721
0.028625,-0.99159,-0.19646,1.3342,-0.61688,0.48413,6.4344,-33.172,-1.8736
-0.017807,-1.0742,-0.1846,1.3392,-0.6144,0.4861,6.4375,-33.187,-1.5626
-0.072845,-1.0925,-0.19267,1.3468,-0.6345,0.51352,6.4375,-33.187,-1.5626
-0.23427,-1.0579,-0.21275,1.3515,-0.67029,0.55363,6.4088,-33.219,-0.8431
-0.28738,-0.97286,-0.19299,1.3513,-0.71462,0.59901,6.4088,-33.219,-0.8431
-0.26976,-0.93208,-0.1629,1.348,-0.76004,0.64439,6.2299,-33.259,-0.58011
-0.15422,-0.90704,-0.12193,1.3467,-0.78216,0.66713,5.9095,-33.319,-0.43914
-0.031906,-0.92699,-0.08284,1.3499,-0.80576,0.69562,5.9095,-33.319,-0.43914
0.022827,-0.93399,-0.078751,1.3541,-0.8097,0.70365,5.6024,-33.375,-0.040149
0.065063,-0.93303,-0.081848,1.3643,-0.81569,0.72213,5.5982,-33.375,0.21117
-0.005981,-0.96462,-0.089279,1.369,-0.8107,0.72225,5.5982,-33.375,0.21117
-0.062088,-0.97322,-0.10327,1.3737,-0.79928,0.71165,5.8338,-33.33,0.58344
-0.16286,-0.96359,-0.15184,1.371,-0.79539,0.70542,5.9483,-33.31,0.59162
-0.21826,-0.95377,-0.17175,1.3673,-0.7923,0.70052,5.9483,-33.31,0.59162
-0.26404,-0.93254,-0.20337,1.3573,-0.78436,0.68849,5.8636,-33.328,0.39401
-0.26381,-0.93263,-0.21326,1.337,-0.77865,0.67714,5.5553,-33.383,0.015625
-0.24927,-0.93979,-0.21394,1.3316,-0.77647,0.67388,5.5553,-33.383,0.015625
-0.21173,-0.95128,-0.20825,1.3256,-0.76909,0.66503,5.1969,-33.435,-0.61204
-0.15767,-0.96904,-0.20715,1.3232,-0.76395,0.65938,5.1686,-33.436,-0.76874
-0.12949,-0.98236,-0.21153,1.3221,-0.74657,0.64138,5.1686,-33.436,-0.76874
-0.089172,-0.9958,-0.19885,1.3235,-0.71336,0.60785,5.241,-33.421,-0.93642
-0.063477,-0.99728,-0.18942,1.3246,-0.68791,0.58154,5.461,-33.379,-1.1558
-0.050858,-1.0024,-0.19115,1.3252,-0.6661,0.55844,5.461,-33.379,-1.1558
-0.038879,-1.0029,-0.21069,1.3256,-0.65189,0.54348,5.7294,-33.329,-1.2686
-0.0121,-1.0009,-0.2527,1.3246,-0.62366,0.51286,5.9871,-33.271,-1.5755
-0.014999,-0.99696,-0.25473,1.3229,-0.6088,0.49647,5.9871,-33.271,-1.5755
-0.053009,-0.98332,-0.24066,1.3146,-0.58478,0.46629,5.9376,-33.269,-1.7968
-0.11771,-0.98753,-0.21822,1.3075,-0.5845,0.45964,6.0431,-33.233,-2.0892
-0.15163,-0.98955,-0.20012,1.3041,-0.58903,0.45999,6.0431,-33.233,-2.0892
-0.24638,-1.0011,-0.19811,1.296,-0.60673,0.46718,5.9006,-33.241,-2.3465
-0.29221,-1.0117,-0.19707,1.2917,-0.61799,0.47231,5.4513,-33.28,-2.8299
-0.33993,-0.98047,-0.19504,1.283,-0.63986,0.48072,5.4513,-33.28,-2.8299
-0.26555,-0.93558,-0.21922,1.2739,-0.65842,0.48627,5.163,-33.302,-3.0943
-0.20747,-0.91061,-0.22394,1.2649,-0.6707,0.48905,4.9085,-33.314,-3.3699
-0.11497,-0.92985,-0.1815,1.2581,-0.66894,0.48446,4.9085,-33.314,-3.3699
-0.081146,-0.97768,-0.10468,1.2572,-0.664,0.48076,4.5984,-33.306,-3.8507
-0.10629,-0.99541,-0.078476,1.2568,-0.65714,0.47919,4.7452,-33.299,-3.7364
-0.21497,-1.0045,-0.055954,1.2626,-0.672,0.49926,4.7452,-33.299,-3.7364
-0.26643,-1.0045,-0.19852,1.2585,-0.68119,0.51219,4.5306,-33.307,-3.9237
-0.30165,-0.99164,-0.26651,1.2512,-0.69002,0.52018,4.5306,-33.307,-3.9237
-0.42882,-0.92038,-0.35216,1.2436,-0.69491,0.52269,4.5306,-33.307,-3.9237
-0.5051,-0.81993,-0.42488,1.2301,-0.69733,0.51612,4.0899,-33.34,-4.1206
-0.51613,-0.77702,-0.44585,1.2237,-0.69656,0.50949,3.5977,-33.325,-4.6696
-0.43253,-0.75249,-0.43323,1.2009,-0.69311,0.4922,3.5977,-33.325,-4.6696
-0.37837,-0.75931,-0.40442,1.194,-0.68653,0.48485,2.8902,-33.214,-5.8091
-0.27542,-0.77583,-0.35979,1.1946,-0.68204,0.48203,2.9184,-33.19,-5.9303
-0.25807,-0.81198,-0.3288,1.1952,-0.67146,0.47576,2.9184,-33.19,-5.9303
-0.25865,-0.83145,-0.32783,1.1953,-0.66765,0.47329,3.045,-33.186,-5.8914
-0.27135,-0.86911,-0.32318,1.1979,-0.66564,0.47111,3.2474,-33.182,-5.8033
-0.29234,-0.8996,-0.29889,1.1982,-0.66922,0.47393,3.2474,-33.182,-5.8033
-0.30308,-0.91283,-0.27835,1.1995,-0.67861,0.48347,3.3179,-33.193,-5.6999
-0.29318,-0.92439,-0.23758,1.2042,-0.68849,0.49381,3.2452,-33.222,-5.5703
-0.26216,-0.94067,-0.23698,1.2075,-0.69578,0.50126,3.2452,-33.222,-5.5703
-0.24953,-0.95551,-0.2298,1.2162,-0.70041,0.50754,3.3141,-33.247,-5.3781
-0.22151,-0.97163,-0.22331,1.2274,-0.7037,0.51276,3.6047,-33.302,-4.8236
-0.16565,-0.9662,-0.23897,1.2379,-0.69729,0.50896,3.6047,-33.302,-4.8236
-0.1541,-0.9742,-0.2338,1.2491,-0.68434,0.50004,3.8458,-33.309,-4.5834
-0.09642,-0.98711,-0.2267,1.2558,-0.67464,0.49287,4.5158,-33.293,-4.0601
-0.065399,-0.98177,-0.20428,1.2693,-0.65348,0.47694,4.5158,-33.293,-4.0601
-0.064804,-0.97972,-0.18944,1.2766,-0.64247,0.46901,4.9927,-33.26,-3.7603
-0.068298,-0.99135,-0.19347,1.2967,-0.61596,0.45283,5.322,-33.242,-3.4556
-0.096634,-0.99477,-0.20988,1.306,-0.60592,0.44983,5.322,-33.242,-3.4556
-0.13069,-0.99707,-0.22839,1.3101,-0.60021,0.44749,5.8619,-33.209,-2.8478
-0.13675,-1.0088,-0.24731,1.3164,-0.59935,0.45192,6.0045,-33.202,-2.6152
-0.12358,-1.0258,-0.26093,1.3191,-0.60092,0.45551,6.0045,-33.202,-2.6152
-0.075211,-1.026,-0.27974,1.3239,-0.60821,0.46665,6.0572,-33.211,-2.3775
-0.07254,-0.97891,-0.23016,1.3297,-0.59937,0.46558,6.1339,-33.208,-2.2062
-0.076889,-0.9738,-0.21243,1.3323,-0.59624,0.46466,6.1339,-33.208,-2.2062
-0.072922,-1.0065,-0.27176,1.338,-0.59055,0.46241,6.2644,-33.206,-1.842
-0.11992,-0.99678,-0.28162,1.341,-0.58238,0.45602,6.3549,-33.199,-1.6452
-0.14764,-0.97362,-0.26434,1.3466,-0.58663,0.46258,6.3549,-33.199,-1.6452
-0.16385,-0.93941,-0.17459,1.3491,-0.61545,0.48997,6.4735,-33.193,-1.2798
-0.12346,-0.94833,-0.084732,1.3546,-0.65486,0.52834,6.3775,-33.22,-1.0147
-0.082397,-0.97237,-0.054214,1.361,-0.69066,0.56565,6.3775,-33.22,-1.0147
-0.019852,-1.0047,-0.032196,1.3675,-0.70583,0.58241,6.2633,-33.251,-0.65805
-0.039398,-0.98291,-0.03653,1.3807,-0.73089,0.61111,6.4217,-33.227,0.16086
-0.081284,-0.98018,-0.053223,1.3858,-0.74316,0.62462,6.4217,-33.227,0.16086
-0.14618,-0.97824,-0.11192,1.3891,-0.76565,0.64539,6.4011,-33.23,0.32962
-0.1983,-0.97829,-0.13971,1.3837,-0.76716,0.64321,6.3976,-33.23,0.39004
-0.21971,-0.96707,-0.13716,1.378,-0.77518,0.64932,6.3976,-33.23,0.39004
-0.23,-0.97275,-0.14432,1.3702,-0.77542,0.64614,6.3161,-33.247,0.21407
-0.21689,-0.9752,-0.16978,1.366,-0.77666,0.64603,6.0086,-33.304,-0.22402
-0.20599,-0.97266,-0.18738,1.3595,-0.76454,0.63257,6.0086,-33.304,-0.22402
-0.18567,-0.98767,-0.18102,1.3504,-0.74075,0.60776,5.894,-33.321,-0.49235
-0.16632,-0.99588,-0.18062,1.3484,-0.7297,0.59611,5.9386,-33.305,-0.89753
-0.12764,-1.0075,-0.18379,1.3452,-0.70319,0.56918,5.9386,-33.305,-0.89753
-0.1127,-1.0019,-0.17064,1.3441,-0.68821,0.55419,6.0201,-33.284,-1.0962
-0.10286,-0.99832,-0.18626,1.3424,-0.66248,0.5283,6.1822,-33.249,-1.253
-0.08226,-0.99315,-0.21057,1.341,-0.62858,0.49489,6.1822,-33.249,-1.253
-0.085007,-1.0051,-0.24824,1.3381,-0.60636,0.47312,6.3231,-33.209,-1.5627
-0.073898,-1.0065,-0.27177,1.3342,-0.5912,0.45704,6.438,-33.178,-1.7573
-0.08461,-0.96429,-0.26205,1.3315,-0.57979,0.44492,6.438,-33.178,-1.7573
-0.12029,-0.92795,-0.20338,1.3265,-0.57596,0.43809,6.4021,-33.176,-1.9044
-0.11609,-0.92625,-0.22112,1.324,-0.57848,0.43788,6.4029,-33.162,-2.1448
-0.14369,-0.94153,-0.25832,1.3144,-0.58047,0.43042,6.4029,-33.162,-2.1448
-0.16071,-0.96056,-0.25073,1.3083,-0.5875,0.43351,6.2213,-33.162,-2.6147
-0.17941,-0.9864,-0.24719,1.3053,-0.59593,0.4394,6.0843,-33.176,-2.7563
-0.1606,-0.99574,-0.26561,1.3,-0.61243,0.44943,6.0843,-33.176,-2.7563
-0.16255,-0.98891,-0.26962,1.2969,-0.61776,0.45157,5.6983,-33.22,-3.0392
-0.17642,-0.95332,-0.24116,1.29,-0.62515,0.45372,5.6983,-33.22,-3.0392
-0.17276,-0.91818,-0.22424,1.2805,-0.63107,0.45528,5.5268,-33.227,-3.2746
-0.1618,-0.90472,-0.21312,1.2704,-0.63346,0.45424,5.3305,-33.232,-3.5349
-0.15378,-0.9095,-0.18129,1.2614,-0.63425,0.4533,4.9582,-33.228,-4.078
-0.21112,-0.9344,-0.16666,1.2583,-0.6368,0.4556,4.9582,-33.228,-4.078
-0.25233,-0.93349,-0.16849,1.2532,-0.6508,0.46943,4.741,-33.254,-4.1208
-0.33202,-0.93883,-0.20277,1.2457,-0.69006,0.50602,4.741,-33.254,-4.1208
-0.34677,-0.94871,-0.26245,1.2352,-0.70859,0.51922,4.5068,-33.277,-4.1972
-0.34325,-0.94905,-0.29108,1.2241,-0.71659,0.52094,4.2135,-33.296,-4.3518
-0.30006,-0.95132,-0.33273,1.2191,-0.71756,0.51939,4.2135,-33.296,-4.3518
-0.25796,-0.93675,-0.34178,1.2118,-0.71517,0.51436,3.5339,-33.3,-4.8927
-0.24463,-0.92929,-0.34544,1.2088,-0.71136,0.51046,3.4158,-33.279,-5.1112
-0.27197,-0.87308,-0.33508,1.2069,-0.70422,0.5043,3.4158,-33.279,-5.1112
-0.30881,-0.82153,-0.32391,1.2047,-0.70138,0.50038,3.4224,-33.268,-5.1794
-0.35777,-0.76018,-0.33771,1.2009,-0.70534,0.50204,3.4909,-33.244,-5.2843
-0.36281,-0.7758,-0.35468,1.195,-0.70894,0.49984,3.4909,-33.244,-5.2843
-0.36316,-0.7863,-0.32896,1.1902,-0.71281,0.50089,3.4966,-33.233,-5.351
-0.32321,-0.82796,-0.31628,1.1869,-0.72108,0.50573,3.215,-33.228,-5.5558
-0.25943,-0.91362,-0.25668,1.1872,-0.73202,0.51908,3.215,-33.228,-5.5558
-0.23644,-0.97824,-0.23648,1.191,-0.73433,0.5236,3.2237,-33.246,-5.4408
-0.20114,-0.97893,-0.22685,1.1989,-0.73715,0.53125,3.3075,-33.28,-5.176
-0.20038,-0.96149,-0.23473,1.2043,-0.73796,0.53437,3.3075,-33.28,-5.176
-0.20726,-0.95451,-0.23389,1.2139,-0.7374,0.53695,3.4163,-33.306,-4.9319
-0.22894,-0.92966,-0.23132,1.2229,-0.73516,0.53465,3.8254,-33.333,-4.423
-0.23228,-0.92557,-0.21558,1.2299,-0.73122,0.5289,3.8254,-33.333,-4.423
-0.21649,-0.93767,-0.22318,1.2378,-0.72679,0.52369,4.031,-33.325,-4.299
-0.16951,-0.97963,-0.22522,1.2424,-0.72281,0.52049,4.2147,-33.318,-4.173
-0.15387,-1.0245,-0.19524,1.2517,-0.71514,0.51705,4.2147,-33.318,-4.173
-0.14941,-1.0342,-0.17042,1.2573,-0.71264,0.51768,4.7188,-33.3,-3.7597
-0.12662,-1.0404,-0.15512,1.2738,-0.71244,0.52729,4.9139,-33.304,-3.4651
-0.083954,-1.0251,-0.19086,1.2835,-0.71203,0.53325,4.9139,-33.304,-3.4651
-0.077011,-1.0176,-0.20753,1.2883,-0.70863,0.53318,5.2897,-33.309,-2.7957
-0.061066,-1.0094,-0.24182,1.2944,-0.69828,0.52942,5.5022,-33.293,-2.5702
-0.055069,-1.0106,-0.2516,1.2967,-0.68731,0.52194,5.5022,-33.293,-2.5702
-0.060059,-1.0075,-0.24675,1.2999,-0.66659,0.50777,5.5728,-33.289,-2.4628
-0.13097,-1.0244,-0.23337,1.3049,-0.65752,0.50371,5.7511,-33.262,-2.4251
-0.18506,-1.0018,-0.23741,1.3089,-0.67268,0.52087,5.7511,-33.262,-2.4251
-0.28764,-0.94446,-0.29388,1.3058,-0.69813,0.54679,5.7,-33.294,-2.0736
-0.3504,-0.91069,-0.26544,1.3025,-0.71674,0.56551,5.5895,-33.323,-1.9049
-0.34453,-0.90568,-0.23268,1.2998,-0.7586,0.60805,5.5895,-33.323,-1.9049
-0.24889,-0.92378,-0.16049,1.2981,-0.78571,0.63578,5.084,-33.407,-1.8517
-0.076889,-1.0059,-0.095688,1.3026,-0.8221,0.67604,4.7746,-33.483,-1.161
-0.01622,-1.0402,-0.0737,1.319,-0.85006,0.71662,4.7746,-33.483,-1.161
-0.011154,-1.0304,-0.052826,1.3246,-0.8568,0.72758,4.8574,-33.484,-0.7087
-0.054688,-0.953,-0.11104,1.3329,-0.86654,0.7419,5.1504,-33.448,-0.022974
-0.082626,-0.91756,-0.13928,1.3366,-0.86303,0.73873,5.1504,-33.448,-0.022974
-0.14508,-0.9055,-0.14551,1.338,-0.84806,0.72213,5.1798,-33.443,-0.037349
-0.19655,-0.95027,-0.16043,1.3345,-0.84058,0.70969,5.2624,-33.43,-0.16675
-0.20877,-0.98228,-0.18248,1.3328,-0.84123,0.70884,5.2624,-33.43,-0.16675
-0.23172,-1.005,-0.16417,1.3296,-0.84333,0.70885,5.232,-33.434,-0.2682
-0.2037,-0.98408,-0.14972,1.3277,-0.84838,0.71285,5.0905,-33.454,-0.46487
-0.15279,-0.9617,-0.13283,1.3262,-0.84838,0.71117,5.0905,-33.454,-0.46487
-0.12692,-0.95068,-0.14218,1.3268,-0.84327,0.70568,5.0657,-33.457,-0.51833
-0.12575,-0.95369,-0.14909,1.3265,-0.8323,0.69452,5.0614,-33.456,-0.57816
-0.14534,-0.96408,-0.16334,1.3253,-0.81349,0.67529,5.0614,-33.456,-0.57816
-0.17651,-0.97708,-0.17093,1.3239,-0.8044,0.66561,5.1859,-33.433,-0.80313
-0.18805,-0.97876,-0.1692,1.32,-0.7897,0.64944,5.1948,-33.426,-0.99878
-0.22421,-0.99159,-0.16893,1.3155,-0.78121,0.6396,5.1948,-33.426,-0.99878
-0.2466,-1.002,-0.18721,1.31,-0.77511,0.63139,5.1705,-33.417,-1.3709
-0.25125,-0.99515,-0.20116,1.305,-0.76361,0.61685,5.1705,-33.417,-1.3709
-0.23966,-0.97032,-0.22861,1.3017,-0.75856,0.60993,5.1705,-33.417,-1.3709
-0.1743,-0.94379,-0.25992,1.297,-0.74412,0.59208,5.1086,-33.406,-1.7973
-0.14264,-0.95026,-0.25334,1.2948,-0.73256,0.57951,5.0617,-33.397,-2.0674
-0.066223,-0.97635,-0.25775,1.2935,-0.70713,0.55424,5.0617,-33.397,-2.0674
-0.029022,-0.9771,-0.24808,1.2952,-0.66941,0.5199,5.3191,-33.338,-2.3643
-0.035889,-0.97496,-0.24327,1.2963,-0.65285,0.50444,5.4034,-33.321,-2.4126
-0.059906,-0.96378,-0.25166,1.2958,-0.63316,0.4844,5.4034,-33.321,-2.4126
-0.075241,-0.95766,-0.2589,1.2954,-0.61448,0.46457,5.6882,-33.264,-2.5322
-0.11638,-0.95967,-0.26071,1.2909,-0.6064,0.45088,5.7686,-33.216,-2.9455
-0.12489,-0.96921,-0.25694,1.2847,-0.60262,0.43925,5.7686,-33.216,-2.9455
-0.12599,-0.97105,-0.24905,1.2775,-0.60733,0.43574,5.6552,-33.213,-3.191
-0.15985,-0.95825,-0.20619,1.2704,-0.61576,0.43701,5.5568,-33.202,-3.4679
-0.17477,-0.96739,-0.17287,1.2671,-0.62242,0.44026,5.5568,-33.202,-3.4679
-0.17654,-0.97804,-0.16896,1.2597,-0.63469,0.44605,5.3608,-33.207,-3.7175
-0.20146,-0.98715,-0.16156,1.2563,-0.64111,0.44977,4.9261,-33.228,-4.1099
-0.24766,-0.98029,-0.16052,1.2482,-0.65197,0.45639,4.9261,-33.228,-4.1099
-0.27298,-0.96219,-0.16101,1.2376,-0.67664,0.47403,4.6928,-33.232,-4.3457
-0.32471,-0.93825,-0.23033,1.2339,-0.68546,0.48022,4.2684,-33.243,-4.6905
-0.34465,-0.92566,-0.29304,1.2259,-0.69255,0.48244,4.2684,-33.243,-4.6905
-0.3593,-0.89624,-0.31015,1.2207,-0.69681,0.48429,3.9758,-33.25,-4.8872
-0.36375,-0.87405,-0.34683,1.2097,-0.70587,0.48933,3.8615,-33.235,-5.0824
-0.33566,-0.84387,-0.3878,1.1987,-0.71029,0.49033,3.8615,-33.235,-5.0824
-0.32697,-0.83539,-0.39949,1.1947,-0.70912,0.48829,3.5111,-33.224,-5.397
-0.33217,-0.81352,-0.36,1.1915,-0.7063,0.48375,3.3637,-33.191,-5.6836
-0.3356,-0.80839,-0.33928,1.1858,-0.70843,0.48474,3.3637,-33.191,-5.6836
-0.33903,-0.83842,-0.32851,1.1848,-0.70909,0.48374,3.4192,-33.185,-5.69
-0.3315,-0.86462,-0.29671,1.1822,-0.71401,0.48717,3.4192,-33.185,-5.69
-0.32098,-0.87355,-0.2876,1.1833,-0.71876,0.49037,3.2754,-33.178,-5.8122
-0.32118,-0.90825,-0.24509,1.1849,-0.72775,0.49902,3.2188,-33.194,-5.754
-0.32326,-0.9352,-0.21149,1.1868,-0.73381,0.50551,3.2775,-33.203,-5.6642
-0.29367,-0.95355,-0.2307,1.1917,-0.74042,0.51419,3.2775,-33.203,-5.6642
-0.22664,-0.9679,-0.25505,1.195,-0.74355,0.5185,3.3423,-33.264,-5.2582
-0.15114,-0.9872,-0.26741,1.2032,-0.73966,0.51755,3.5379,-33.272,-5.0706
-0.11647,-0.99188,-0.26868,1.2204,-0.72699,0.51086,3.5379,-33.272,-5.0706
-0.083847,-0.98741,-0.2314,1.2263,-0.72359,0.51097,3.8372,-33.278,-4.8108
-0.09584,-0.94606,-0.20589,1.236,-0.71922,0.51373,4.3535,-33.297,-4.2006
-0.10751,-0.93414,-0.21103,1.2408,-0.71557,0.51286,4.3535,-33.297,-4.2006
-0.13942,-0.93756,-0.23843,1.2501,-0.70601,0.50677,4.5015,-33.301,-4.0055
-0.18181,-0.96106,-0.25018,1.2604,-0.69952,0.50082,4.5015,-33.301,-4.0055
-0.20493,-0.96051,-0.2467,1.2632,-0.70115,0.50205,4.753,-33.287,-3.8285
-0.21114,-0.96794,-0.21913,1.2681,-0.71346,0.51409,4.8704,-33.287,-3.6767
-0.19698,-0.96429,-0.2119,1.2712,-0.72241,0.52386,4.9102,-33.324,-3.2707
-0.14522,-0.97704,-0.19899,1.2786,-0.73441,0.54066,4.9102,-33.324,-3.2707
-0.08342,-0.99977,-0.19478,1.2882,-0.7389,0.55313,4.9891,-33.344,-2.9338
-0.058304,-1.0082,-0.19525,1.2968,-0.74616,0.56825,5.2578,-33.355,-2.2483
-0.027206,-1.0264,-0.19662,1.2968,-0.74616,0.56825,5.2578,-33.355,-2.2483
0.02681,-1.0712,-0.16687,1.3104,-0.75654,0.58847,5.2876,-33.371,-1.9248
-0.05397,-1.0977,-0.17447,1.3165,-0.77287,0.60956,5.2876,-33.371,-1.9248
-0.16744,-1.0577,-0.24208,1.3174,-0.78534,0.62337,5.3859,-33.372,-1.6036
-0.28478,-0.95419,-0.28493,1.3165,-0.80894,0.64687,5.0937,-33.433,-1.2451
-0.33162,-0.89357,-0.26408,1.3051,-0.8504,0.67995,5.0937,-33.433,-1.2451
-0.34268,-0.81155,-0.14944,1.3007,-0.86622,0.69069,4.8071,-33.472,-1.3429
-0.22464,-0.85829,-0.065948,1.2962,-0.88819,0.70313,4.5573,-33.505,-1.3926
-0.16638,-0.91586,-0.041046,1.2954,-0.89642,0.70869,4.5573,-33.505,-1.3926
-0.098206,-0.97957,-0.02684,1.2998,-0.91724,0.72991,4.3671,-33.528,-1.441
-0.11104,-0.99496,-0.037994,1.3124,-0.94007,0.75613,4.4306,-33.538,-0.93726
-0.20059,-0.9913,-0.068527,1.3189,-0.95487,0.77128,4.4306,-33.538,-0.93726
-0.25024,-0.98288,-0.12891,1.3176,-0.94782,0.76015,4.4775,-33.536,-0.7496
-0.28125,-0.98628,-0.15428,1.3151,-0.94264,0.75289,4.5324,-33.53,-0.68892
-0.29265,-0.98128,-0.1644,1.3098,-0.92896,0.737,4.5324,-33.53,-0.68892
-0.28647,-0.95319,-0.1682,1.2997,-0.91447,0.72064,4.3989,-33.536,-1.1373
-0.2847,-0.95027,-0.16322,1.2968,-0.90943,0.71537,4.3846,-33.53,-1.341
-0.26349,-0.95851,-0.16083,1.294,-0.89672,0.70325,4.3846,-33.53,-1.341
-0.21968,-0.97613,-0.17281,1.2934,-0.89001,0.69724,4.3108,-33.525,-1.6757
-0.18935,-0.98474,-0.19099,1.2944,-0.86962,0.67884,4.3978,-33.509,-1.767
-0.13547,-1.0047,-0.22157,1.2957,-0.85458,0.66492,4.3978,-33.509,-1.767
-0.10989,-0.9926,-0.21905,1.2981,-0.82558,0.63836,4.5518,-33.483,-1.8583
-0.10997,-0.98676,-0.22104,1.3019,-0.7814,0.59867,4.7293,-33.453,-1.946
-0.10348,-0.96556,-0.23177,1.3026,-0.7659,0.5845,4.7293,-33.453,-1.946
-0.073273,-0.949,-0.26875,1.3026,-0.73245,0.5526,5.1382,-33.381,-2.1365
-0.055878,-0.93785,-0.28522,1.3019,-0.71361,0.53404,5.3577,-33.335,-2.3182
-0.03241,-0.94144,-0.30156,1.3001,-0.68623,0.50631,5.3577,-33.335,-2.3182
-0.0439,-0.96631,-0.27904,1.2984,-0.65069,0.47056,5.6405,-33.265,-2.6275
-0.064224,-0.97257,-0.26462,1.2962,-0.63024,0.44878,5.6802,-33.238,-2.8688
-0.10341,-0.9872,-0.25653,1.2914,-0.62834,0.44319,5.6802,-33.238,-2.8688
-0.12451,-0.98674,-0.25696,1.2882,-0.62673,0.4387,5.7561,-33.207,-3.0728
-0.15567,-1.0023,-0.22198,1.2802,-0.63265,0.43638,5.4755,-33.204,-3.5775
-0.20563,-1.0008,-0.1765,1.2722,-0.64333,0.43712,5.4755,-33.204,-3.5775
-0.26221,-0.97315,-0.16081,1.2639,-0.65667,0.441,5.2709,-33.206,-3.856
-0.30385,-0.94663,-0.12601,1.2551,-0.672,0.4478,5.0086,-33.221,-4.0741
-0.30823,-0.93085,-0.11717,1.2509,-0.68605,0.45766,5.0086,-33.221,-4.0741
-0.28783,-0.92752,-0.13158,1.2428,-0.70418,0.46916,4.7773,-33.22,-4.345
-0.2578,-0.91768,-0.15472,1.2395,-0.70921,0.47209,4.3012,-33.229,-4.7533
-0.23978,-0.94576,-0.20386,1.2349,-0.70765,0.46953,4.3012,-33.229,-4.7533
-0.23407,-0.95103,-0.23936,1.2309,-0.69819,0.4631,4.2686,-33.207,-4.9336
-0.2496,-0.9552,-0.31291,1.2288,-0.69417,0.46066,4.2206,-33.211,-4.9519
-0.27832,-0.92885,-0.38275,1.2232,-0.68769,0.45645,4.2206,-33.211,-4.9519
-0.28314,-0.89394,-0.41449,1.2198,-0.68547,0.45421,4.1552,-33.181,-5.1982
-0.32263,-0.82988,-0.42711,1.2154,-0.68378,0.44977,3.9894,-33.149,-5.5221
-0.36346,-0.75948,-0.38435,1.2045,-0.68343,0.44489,3.9894,-33.149,-5.5221
-0.37213,-0.74637,-0.35284,1.1983,-0.68591,0.44286,3.9635,-33.127,-5.6706
-0.36575,-0.80759,-0.32208,1.1936,-0.69105,0.44467,3.9554,-33.117,-5.7338
-0.35603,-0.8407,-0.2952,1.1905,-0.69697,0.44938,3.9554,-33.117,-5.7338
-0.32802,-0.88774,-0.25905,1.1908,-0.70786,0.45861,3.952,-33.119,-5.7299
-0.30171,-0.9281,-0.23874,1.1908,-0.71604,0.46606,3.7153,-33.154,-5.6814
-0.29489,-0.94569,-0.22676,1.1936,-0.73524,0.48562,3.7153,-33.154,-5.6814
-0.28424,-0.96144,-0.21666,1.1972,-0.74201,0.49386,3.6124,-33.209,-5.4194
-0.27147,-0.96376,-0.22726,1.1998,-0.74631,0.49876,3.6516,-33.226,-5.2908
-0.2619,-0.96202,-0.22807,1.2059,-0.75238,0.50627,3.6516,-33.226,-5.2908
-0.23123,-0.96172,-0.22745,1.2094,-0.75319,0.50793,3.674,-33.256,-5.0843
-0.19403,-0.95666,-0.22273,1.217,-0.75022,0.50723,3.9921,-33.267,-4.7591
-0.18347,-0.96462,-0.21559,1.2313,-0.73674,0.49997,3.9921,-33.267,-4.7591
-0.13347,-0.96481,-0.2215,1.2372,-0.72918,0.49522,4.2549,-33.265,-4.5393
-0.095901,-0.97244,-0.22073,1.2491,-0.70792,0.48025,4.9392,-33.225,-4.1198
-0.095718,-0.98701,-0.21481,1.2553,-0.69642,0.47214,4.9392,-33.225,-4.1198
-0.1306,-1.0103,-0.17694,1.2654,-0.6827,0.46468,4.9392,-33.225,-4.1198
-0.16591,-0.99796,-0.19646,1.2756,-0.67694,0.46374,5.4876,-33.197,-3.6251
-0.1629,-0.98262,-0.21718,1.2841,-0.6728,0.46303,5.4876,-33.197,-3.6251
-0.12868,-0.97395,-0.25507,1.2909,-0.66486,0.45839,5.6642,-33.19,-3.406
-0.096619,-0.98544,-0.26233,1.2941,-0.65683,0.45285,6.0141,-33.165,-3.0357
-0.032883,-1.0073,-0.26103,1.3016,-0.64203,0.44523,6.0141,-33.165,-3.0357
-0.007965,-1.0272,-0.24077,1.3058,-0.63296,0.4409,6.3231,-33.123,-2.8565
-0.010818,-1.0319,-0.23688,1.317,-0.62446,0.44675,6.3231,-33.123,-2.8565
-0.068512,-1.0426,-0.26279,1.3231,-0.6297,0.45776,6.4461,-33.123,-2.574
-0.16246,-1.0135,-0.29338,1.3254,-0.63321,0.46298,6.6015,-33.129,-2.0442
-0.21684,-0.97821,-0.29742,1.3269,-0.65432,0.48574,6.5415,-33.15,-1.8884
-0.23981,-0.88391,-0.2612,1.3261,-0.6723,0.5037,6.5415,-33.15,-1.8884
-0.13231,-0.83211,-0.18674,1.3277,-0.71196,0.54282,6.2627,-33.23,-1.3483
-0.044891,-0.855,-0.12857,1.3334,-0.75481,0.589,6.2627,-33.23,-1.3483
0.10619,-0.9706,-0.040466,1.3395,-0.75575,0.59288,6.2627,-33.23,-1.3483
0.11276,-1.0435,-0.007751,1.3568,-0.75134,0.59573,6.1551,-33.268,-0.81095
0.041183,-1.0411,-0.025024,1.3631,-0.75536,0.60283,6.6291,-33.185,-0.29935
-0.10393,-0.98789,-0.10515,1.3694,-0.76873,0.61752,6.6291,-33.185,-0.29935
-0.16161,-0.96339,-0.12312,1.3655,-0.78023,0.62227,6.6761,-33.177,0.007872
-0.27356,-0.94134,-0.11351,1.3547,-0.79171,0.62412,6.5057,-33.21,-0.27737
-0.31339,-0.95801,-0.11729,1.3436,-0.80226,0.62702,6.5057,-33.21,-0.27737
-0.31659,-0.97363,-0.13025,1.3381,-0.80962,0.63197,6.0448,-33.293,-0.56653
-0.31456,-0.98566,-0.16682,1.3293,-0.8137,0.63368,5.6081,-33.358,-1.0317
-0.30084,-0.96289,-0.20116,1.3243,-0.81738,0.6363,5.6081,-33.358,-1.0317
-0.28726,-0.9584,-0.21275,1.31,-0.81153,0.62631,5.5335,-33.363,-1.2489
-0.23706,-0.96254,-0.2236,1.3056,-0.79478,0.60764,5.3345,-33.383,-1.5614
-0.1707,-0.98531,-0.20941,1.3046,-0.78413,0.59691,5.3345,-33.383,-1.5614
-0.14104,-0.9956,-0.19693,1.3064,-0.76233,0.57657,5.4014,-33.362,-1.748
-0.098236,-1.0248,-0.19511,1.3085,-0.75137,0.56687,5.6601,-33.312,-1.89
-0.076965,-1.0185,-0.20853,1.312,-0.73383,0.55188,5.6601,-33.312,-1.89
-0.070267,-1.009,-0.21727,1.3155,-0.70184,0.52198,5.7765,-33.292,-1.8821
-0.086258,-0.95917,-0.23636,1.316,-0.68064,0.50123,6.1838,-33.207,-2.0766
-0.10097,-0.94232,-0.23863,1.3137,-0.66423,0.48347,6.1838,-33.207,-2.0766
-0.1086,-0.93828,-0.24374,1.3121,-0.65512,0.4731,6.2011,-33.196,-2.2105
-0.13231,-0.95331,-0.24127,1.3086,-0.64699,0.46127,6.2252,-33.176,-2.433
-0.14092,-0.95892,-0.23747,1.3044,-0.64243,0.45222,6.2252,-33.176,-2.433
-0.14818,-0.98402,-0.23073,1.2999,-0.6422,0.44685,6.1004,-33.176,-2.7218
-0.13356,-0.99701,-0.22845,1.295,-0.64389,0.44334,6.0197,-33.174,-2.9225
-0.12215,-0.9982,-0.22328,1.2925,-0.64324,0.44028,6.0197,-33.174,-2.9225
-0.10269,-0.99355,-0.19814,1.2871,-0.64229,0.43501,5.9069,-33.177,-3.1092
-0.12071,-0.97935,-0.17673,1.2861,-0.63777,0.42854,5.8715,-33.164,-3.3081
-0.15581,-0.9687,-0.16258,1.2756,-0.63894,0.42286,5.8715,-33.164,-3.3081
-0.20281,-0.96091,-0.16948,1.2656,-0.64458,0.42331,5.591,-33.164,-3.7678
-0.25035,-0.97548,-0.17442,1.2602,-0.65022,0.42594,5.3672,-33.161,-4.1019
-0.28293,-0.96993,-0.181,1.2488,-0.66055,0.43,5.3672,-33.161,-4.1019
-0.3255,-0.93892,-0.19472,1.2433,-0.6662,0.43284,4.8016,-33.168,-4.7036
-0.33289,-0.91469,-0.23047,1.2329,-0.67805,0.44033,4.8016,-33.168,-4.7036
-0.34492,-0.90202,-0.26138,1.2157,-0.69474,0.45402,4.5524,-33.165,-4.9631
-0.35191,-0.87988,-0.31296,1.2065,-0.7021,0.46062,4.1501,-33.187,-5.165
-0.32684,-0.85669,-0.3837,1.197,-0.69886,0.45563,4.1501,-33.187,-5.165
-0.3,-0.86437,-0.41876,1.1915,-0.69668,0.45178,3.6917,-33.148,-5.7312
-0.27736,-0.84349,-0.42224,1.1858,-0.69048,0.44187,3.5707,-33.089,-6.1351
-0.27356,-0.782,-0.39441,1.1788,-0.68139,0.43011,3.5707,-33.089,-6.1351
-0.28882,-0.76106,-0.3759,1.1769,-0.67839,0.42577,3.5971,-33.069,-6.23
-0.33639,-0.75786,-0.35213,1.1792,-0.67767,0.42323,3.6314,-33.062,-6.2429
-0.34308,-0.77416,-0.33842,1.1805,-0.67893,0.42306,3.6314,-33.062,-6.2429
-0.33377,-0.8345,-0.31058,1.1809,-0.68975,0.43097,3.7351,-33.066,-6.1634
-0.31593,-0.91434,-0.25981,1.1795,-0.70225,0.4425,3.49,-33.088,-6.1862
-0.29346,-0.96715,-0.22675,1.1867,-0.72544,0.46759,3.49,-33.088,-6.1862
-0.28487,-0.97409,-0.21965,1.1933,-0.73726,0.48183,3.3927,-33.187,-5.6928
-0.26259,-0.97562,-0.22614,1.1974,-0.74356,0.48924,3.443,-33.223,-5.4449
-0.24644,-0.97108,-0.22382,1.207,-0.75152,0.49952,3.443,-33.223,-5.4449
-0.20029,-0.97505,-0.22584,1.2123,-0.75231,0.50148,3.5271,-33.266,-5.1223
-0.17703,-0.98338,-0.22835,1.2227,-0.74742,0.49922,3.9538,-33.287,-4.649
-0.16371,-0.9846,-0.22214,1.2387,-0.7257,0.48285,3.9538,-33.287,-4.649
-0.13475,-0.99402,-0.22156,1.2452,-0.71435,0.47342,4.3245,-33.27,-4.4407
-0.10696,-1.0317,-0.22696,1.2555,-0.69647,0.45904,4.731,-33.239,-4.255
-0.095642,-1.0338,-0.21683,1.2609,-0.68804,0.45248,4.731,-33.239,-4.255
-0.081268,-1.025,-0.1819,1.2714,-0.67647,0.44439,5.0521,-33.213,-4.0787
-0.082825,-0.99872,-0.17992,1.2775,-0.67161,0.44136,5.6375,-33.176,-3.5854
-0.061996,-0.95561,-0.21013,1.2933,-0.65949,0.43606,5.6375,-33.176,-3.5854
-0.070312,-0.95264,-0.22614,1.3003,-0.65192,0.43299,5.8187,-33.172,-3.3262
-0.072144,-0.96034,-0.22321,1.3033,-0.64408,0.42689,6.0868,-33.146,-3.093
-0.086136,-0.99884,-0.20373,1.307,-0.63826,0.42294,6.0868,-33.146,-3.093
-0.12826,-1.0327,-0.17395,1.3106,-0.63267,0.41851,6.3458,-33.118,-2.8667
-0.15297,-1.0458,-0.17248,1.3175,-0.64762,0.43721,6.355,-33.125,-2.7644
-0.21048,-1.0536,-0.20929,1.3224,-0.66995,0.46193,6.355,-33.125,-2.7644
-0.24319,-0.99966,-0.25542,1.3234,-0.68441,0.47748,6.2963,-33.175,-2.2572
-0.24204,-0.96753,-0.2534,1.3244,-0.70979,0.50528,6.0859,-33.223,-2.1215
-0.20227,-0.93599,-0.21794,1.3237,-0.72271,0.51969,6.0859,-33.223,-2.1215
-0.11644,-0.96283,-0.16969,1.3263,-0.74345,0.54475,5.9875,-33.253,-1.9121
-0.065399,-0.97948,-0.16273,1.3373,-0.75977,0.57081,5.9412,-33.276,-1.6517
0.006393,-0.96521,-0.12762,1.3427,-0.75814,0.57276,5.9412,-33.276,-1.6517
0.016693,-0.93021,-0.10757,1.3497,-0.75838,0.57916,6.2087,-33.251,-1.0419
-0.007736,-0.9276,-0.090256,1.3538,-0.7521,0.57525,6.2565,-33.248,-0.83594
-0.10535,-0.95352,-0.074478,1.357,-0.75113,0.5758,6.2565,-33.248,-0.83594
-0.14409,-0.97124,-0.084152,1.358,-0.75874,0.58252,6.377,-33.229,-0.65175
-0.22183,-0.98856,-0.15008,1.351,-0.78275,0.60225,6.1784,-33.264,-0.76763
-0.27112,-0.96935,-0.1956,1.3417,-0.78304,0.60053,6.1784,-33.264,-0.76763
-0.26416,-0.9628,-0.21228,1.3358,-0.78364,0.60024,5.929,-33.305,-0.96222
-0.24315,-0.94681,-0.22372,1.3263,-0.77799,0.59354,5.5224,-33.354,-1.5217
-0.21257,-0.9523,-0.2132,1.3198,-0.77575,0.59113,5.5224,-33.354,-1.5217
-0.19405,-0.96053,-0.21878,1.3125,-0.7593,0.57474,5.463,-33.355,-1.6931
-0.15639,-0.96918,-0.22197,1.3105,-0.74474,0.56015,5.4341,-33.35,-1.8863
-0.11983,-0.97969,-0.21629,1.3101,-0.73365,0.54902,5.4341,-33.35,-1.8863
-0.10237,-0.98401,-0.22089,1.3104,-0.70792,0.52331,5.4807,-33.336,-1.9952
-0.083206,-0.9902,-0.21356,1.311,-0.69471,0.51022,5.7346,-33.277,-2.2395
-0.085083,-0.98923,-0.21756,1.3111,-0.67668,0.49192,5.7346,-33.277,-2.2395
-0.090637,-0.99013,-0.22461,1.3098,-0.65484,0.46805,5.7961,-33.261,-2.3272
-0.11757,-0.98181,-0.22909,1.3088,-0.64455,0.45656,5.9581,-33.224,-2.4384
-0.13957,-0.97264,-0.24143,1.3043,-0.63929,0.44738,5.9581,-33.224,-2.4384
-0.1474,-0.96275,-0.24355,1.3015,-0.63711,0.44277,5.9451,-33.199,-2.7816
-0.1743,-0.9631,-0.24112,1.2961,-0.63759,0.43793,5.8648,-33.193,-3.0228
-0.18861,-0.96861,-0.23944,1.2932,-0.63963,0.43722,5.8648,-33.193,-3.0228
-0.19812,-0.97713,-0.23469,1.286,-0.65006,0.43846,5.6579,-33.198,-3.3374
-0.17093,-0.97592,-0.25096,1.2817,-0.65507,0.437,5.5297,-33.203,-3.4984
-0.14317,-0.9736,-0.2504,1.2795,-0.65537,0.43441,5.5297,-33.203,-3.4984
-0.074631,-0.96913,-0.23216,1.2759,-0.65315,0.42746,5.4497,-33.2,-3.6499
-0.029221,-0.98923,-0.18475,1.2748,-0.64797,0.42061,5.4741,-33.177,-3.8197
-0.041367,-0.9984,-0.14741,1.2719,-0.64189,0.41145,5.4741,-33.177,-3.8197
-0.11894,-1.0138,-0.094589,1.2669,-0.65067,0.41727,5.4424,-33.16,-4.0104
-0.24898,-0.98172,-0.10117,1.2635,-0.66152,0.42532,5.1959,-33.173,-4.2222
-0.314,-0.94847,-0.14204,1.2507,-0.67403,0.43001,5.1959,-33.173,-4.2222
-0.40799,-0.9081,-0.22407,1.2434,-0.67847,0.42955,4.8136,-33.21,-4.38
