-0.037003,-0.80019,-0.1907,1.0307,0.14829,-0.15402,-3.9212,-34.887,17.907
-0.24741,-0.52852,-0.05127,1.0601,0.10993,-0.15066,-3.9212,-34.887,17.907
-0.53592,-0.47374,0.14473,1.0619,0.10067,-0.16104,-3.8305,-34.246,19.123
-0.64923,-0.18041,0.33858,1.0676,0.10226,-0.20283,-3.0793,-34.194,19.351
-0.68285,-0.020676,0.48645,1.0634,0.11003,-0.22708,-3.0793,-34.194,19.351
-0.67215,0.043472,0.50355,1.0379,0.12851,-0.27226,-0.4113,-34.256,19.482
-0.58893,0.14775,0.4994,1.0098,0.13544,-0.30898,0.83664,-34.753,18.565
-0.25003,0.2603,0.41933,0.98539,0.14348,-0.32814,0.83664,-34.753,18.565
-0.012939,0.33029,0.21443,0.95684,0.17682,-0.33364,2.2297,-35.538,16.889
0.012589,0.37913,0.18332,0.94389,0.20831,-0.33512,2.2297,-35.538,16.889
-0.12463,0.22522,0.6346,0.92676,0.28564,-0.32962,2.2297,-35.538,16.889
0.39011,-0.0755,2.046,0.91385,0.35562,-0.31176,0.57485,-36.251,15.449
0.5,-0.41487,2.048,0.9198,0.39018,-0.28974,-0.92677,-36.489,14.86
1.0311,-2.0297,-1.0447,0.94082,0.51378,-0.29188,-0.92677,-36.489,14.86
1.3705,-2.0448,-1.964,0.93513,0.59932,-0.28877,-4.185,-36.172,15.075
2.0263,-2.0519,-1.0492,0.8296,0.63239,-0.19835,-6.3195,-36.666,12.993
-0.53532,-1.9829,0.41362,0.7784,0.61138,-0.15143,-6.3195,-36.666,12.993
-0.35593,-1.9956,-0.64349,0.74569,0.55145,-0.089186,-6.3195,-36.666,12.993
-0.68239,-1.6979,-0.61426,0.73189,0.48485,-0.067038,-6.3195,-36.666,12.993
-1.1681,-0.56543,-0.8716,0.71748,0.4673,-0.062717,-7.3849,-38.377,5.0811
-0.31538,-0.67589,-0.51292,0.66537,0.40653,-0.042523,-6.9869,-38.534,4.4092
-0.12648,-0.62253,-0.26262,0.63292,0.39003,-0.039523,-5.6498,-38.997,0.68183
0.02774,-0.37538,-0.10887,0.58642,0.40355,-0.050772,-5.6498,-38.997,0.68183
0.04129,-0.11171,0.017273,0.57078,0.42336,-0.064307,-5.6498,-38.997,0.68183
0.053406,0.016373,-0.004135,0.56822,0.4319,-0.074472,-4.2258,-39.179,-0.57115
0.24843,0.19255,-0.31567,0.57115,0.43871,-0.083725,-4.2258,-39.179,-0.57115
0.35121,0.24371,-0.32936,0.57388,0.44473,-0.08913,-3.9332,-39.211,-0.44211
0.50845,0.63539,0.23718,0.58431,0.45676,-0.10429,-3.4625,-39.256,0.37512
0.55116,0.74396,0.40836,0.59374,0.45844,-0.11344,-3.4625,-39.256,0.37512
0.66678,0.40771,0.452,0.62369,0.47255,-0.14738,-3.2997,-39.247,1.4056
0.83105,0.035278,0.37093,0.61262,0.50203,-0.18192,-1.362,-39.344,1.828
0.77165,-0.02803,0.086639,0.6026,0.51777,-0.20157,-1.362,-39.344,1.828
0.68283,-0.23515,-0.11618,0.59807,0.53809,-0.23292,1.2512,-39.333,2.1322
0.66472,-0.96101,-0.91771,0.60418,0.54604,-0.24588,1.9506,-39.264,2.776
1.0923,-0.92717,0.20821,0.62359,0.54373,-0.25866,1.9506,-39.264,2.776
0.54297,-1.0804,1.2864,0.63175,0.45641,-0.214,2.0216,-39.187,3.6624
-1.9058,-1.9545,0.16901,0.63288,0.36335,-0.18316,1.4371,-39.198,3.8239
-1.8968,-1.958,-0.22858,0.62778,0.14611,-0.10153,1.4371,-39.198,3.8239
-1.8775,-1.9654,-1.0822,0.61523,0.089145,-0.054553,-1.6059,-39.307,2.3592
-1.2939,-1.8679,0.51205,0.63324,0.034426,-0.014844,-4.2462,-39.153,1.468
0.38768,-1.0092,-1.0065,0.68869,0.07843,-0.072948,-4.2462,-39.153,1.468
0.36401,-0.70044,-1.1888,0.67614,0.17981,-0.11975,-2.3219,-39.058,4.7154
0.020828,-1.1526,-0.84686,0.67668,0.24967,-0.13427,-1.5718,-39.183,3.9187
-0.33641,-1.7185,-0.28366,0.70502,0.25574,-0.13283,-1.5718,-39.183,3.9187
-0.25902,-1.8181,0.12352,0.7941,0.25352,-0.13301,-1.8372,-39.059,4.9172
-0.082382,-1.7695,0.24095,0.83729,0.25592,-0.14214,-2.923,-37.609,11.409
0.12045,-1.4352,0.11179,0.93972,0.25797,-0.18216,-2.923,-37.609,11.409
-0.064957,-0.44487,0.072205,0.99204,0.25884,-0.20592,-2.7071,-36.724,14.042
-0.18755,-0.16303,0.26388,1.0085,0.25371,-0.21045,-2.3652,-35.906,16.072
-0.25919,-0.28172,0.32269,1.0184,0.23791,-0.22483,-2.3652,-35.906,16.072
-0.44586,-0.34917,0.49893,1.0243,0.23508,-0.23971,-2.1062,-35.416,17.159
-0.48782,-0.26645,0.49419,1.0418,0.24339,-0.28914,0.024959,-34.859,18.384
-0.50562,-0.2843,0.40674,1.04,0.25891,-0.36263,0.024959,-34.859,18.384
-0.42166,-0.15169,0.2997,1.0279,0.26228,-0.37928,1.5058,-34.591,18.825
-0.32402,0.056213,0.15146,0.99191,0.25939,-0.39335,3.7314,-35.204,17.319
-0.20225,0.19917,0.10159,0.96983,0.25758,-0.39188,3.7314,-35.204,17.319
-0.094177,0.29929,0.48883,0.92333,0.26861,-0.37644,3.9936,-35.894,15.774
0.22542,-0.1199,1.6488,0.88447,0.3086,-0.352,3.4487,-36.597,14.211
0.29405,-0.42166,1.6153,0.86511,0.34793,-0.31483,3.4487,-36.597,14.211
0.35565,-1.6623,-0.10722,0.87592,0.41789,-0.28233,0.61239,-37.365,12.516
-0.16277,-2.0014,-0.82559,0.88545,0.48639,-0.27066,0.61239,-37.365,12.516
1.0824,-2.0248,-0.30052,0.87629,0.57942,-0.22104,-1.8208,-37.237,12.776
0.35786,-2.0156,-1.1475,0.84379,0.58706,-0.1815,-4.4175,-37.339,11.808
0.080185,-2.002,-0.24176,0.7656,0.5956,-0.11194,-5.2124,-38.164,8.3344
-0.062347,-1.9972,-0.047745,0.74565,0.58172,-0.097522,-5.2124,-38.164,8.3344
-0.25453,-1.4934,-0.64397,0.73987,0.57312,-0.09538,-5.4054,-38.701,5.1177
-0.34879,-0.87692,-1.0105,0.72615,0.55553,-0.094336,-5.171,-38.769,4.8331
-0.48035,-0.65845,-0.61522,0.70258,0.54065,-0.085731,-5.171,-38.769,4.8331
-0.45401,-0.56859,-0.037704,0.63269,0.49417,-0.058141,-4.6482,-39.117,1.2002
-0.46182,-0.34328,0.22253,0.57169,0.48196,-0.056017,-3.7584,-39.225,-0.66328
-0.20052,-0.005066,0.13513,0.56255,0.47626,-0.052795,-3.7584,-39.225,-0.66328
0.054428,0.36153,-0.42339,0.54633,0.46919,-0.040575,-3.4119,-39.235,-1.4516
0.33789,0.54805,-0.54015,0.54117,0.47188,-0.032353,-3.801,-39.129,-2.7559
0.51279,1.1621,-0.12045,0.54708,0.48689,-0.014408,-3.801,-39.129,-2.7559
0.44533,0.89975,0.35881,0.57312,0.48828,-0.001894,-4.5024,-39.065,-2.6105
0.50215,0.71062,0.48747,0.56298,0.53912,-0.037099,-5.0515,-39.042,-1.8349
0.66063,0.12029,0.062744,0.57213,0.55221,-0.059019,-5.0515,-39.042,-1.8349
1.0211,-0.070099,0.38164,0.57047,0.57285,-0.074127,-5.0515,-39.042,-1.8349
0.86191,-0.30295,0.17532,0.56511,0.62174,-0.12575,-5.0515,-39.042,-1.8349
0.63873,-1.0005,-0.57785,0.56798,0.63033,-0.16193,-3.1048,-39.287,0.29424
0.87732,-1.2788,-0.38522,0.6008,0.65514,-0.27283,-1.3347,-39.336,2.0106
1.8863,-1.5946,1.2421,0.62943,0.63036,-0.28378,0.1275,-39.177,4.2753
-1.8319,-1.9512,0.76225,0.64514,0.58661,-0.26286,0.1275,-39.177,4.2753
-1.5176,-1.4121,-0.6835,0.65365,0.37554,-0.18753,-1.3793,-38.959,5.7861
-1.8913,-1.9601,-0.47388,0.6257,0.28201,-0.1535,-2.251,-39.097,4.4216
-1.8567,-1.955,0.24719,0.59469,0.1864,-0.10462,-2.251,-39.097,4.4216
-1.2738,-1.2983,-0.15796,0.652,0.18659,-0.2083,-1.7899,-39.072,4.8312
-0.12123,-0.73109,-0.30713,0.64369,0.20145,-0.23226,0.27717,-39.016,5.5526
-0.16412,-0.98924,-0.66942,0.63003,0.25784,-0.26105,0.27717,-39.016,5.5526
-0.21457,-1.207,-0.52022,0.64424,0.29025,-0.27114,1.185,-39.06,5.1023
0.007141,-1.6685,0.086533,0.70629,0.33432,-0.28548,1.1032,-38.829,6.6543
0.37706,-1.832,-0.086151,0.77382,0.37798,-0.29959,1.1032,-38.829,6.6543
0.4285,-1.6215,0.069427,0.83616,0.42262,-0.33089,-0.42696,-37.599,11.803
0.39351,-1.0205,0.11078,0.90243,0.4642,-0.37414,-0.75641,-36.69,14.367
0.19046,-0.18524,-0.23406,0.92754,0.47164,-0.38785,-0.75641,-36.69,14.367
0.14066,-0.096863,-0.27852,0.95319,0.46108,-0.38846,-0.94477,-35.69,16.688
-0.029343,-0.2889,-0.16835,0.95118,0.44703,-0.38079,-1.0283,-35.324,17.444
-0.21141,-0.32413,0.028748,0.9454,0.4214,-0.38285,-1.0283,-35.324,17.444
-0.45775,-0.10704,0.53947,0.95884,0.43813,-0.46002,-0.10634,-35.2,17.724
-0.69562,-0.10205,0.62071,0.95729,0.43706,-0.48265,2.9463,-34.579,18.675
-0.61498,-0.23482,0.44611,0.95217,0.42041,-0.51997,2.9463,-34.579,18.675
-0.43564,-0.17279,0.30138,0.94619,0.41397,-0.53366,4.5254,-34.504,18.498
-0.07872,0.29427,0.27441,0.92407,0.41671,-0.54228,5.1885,-34.718,17.914
-0.11883,0.38414,0.43794,0.87793,0.45724,-0.51926,5.1885,-34.718,17.914
-0.003967,0.13162,2.0124,0.881,0.48864,-0.50883,5.0045,-35.175,17.055
0.57877,-0.42246,2.0496,0.86685,0.53224,-0.46816,5.0045,-35.175,17.055
1.0138,-1.2283,0.32015,0.87428,0.54827,-0.44973,1.0851,-35.042,18.001
1.2412,-2.0407,-1.8063,0.90386,0.66996,-0.43684,-1.1317,-34.952,18.172
1.4772,-2.0257,0.65547,0.90341,0.81417,-0.39102,-1.1317,-34.952,18.172
0.11298,-2.0052,-0.54588,0.84308,0.75658,-0.26648,-5.0558,-34.523,18.324
-0.24037,-1.9959,-0.36505,0.83157,0.70061,-0.2339,-8.225,-36.393,12.691
-1.0396,-1.9397,-0.19327,0.8153,0.67776,-0.20276,-8.225,-36.393,12.691
-1.1589,-1.2858,-0.46037,0.78146,0.58372,-0.14506,-8.4658,-36.648,11.764
-0.91158,-0.84805,-0.32237,0.77182,0.54748,-0.14127,-7.6374,-37.391,9.8369
-0.55071,-0.86858,-0.1844,0.68778,0.47595,-0.12925,-7.6374,-37.391,9.8369
-0.24075,-0.58197,0.21596,0.6163,0.46613,-0.13281,-6.2713,-38.125,7.7686
-0.19957,-0.35202,0.34067,0.59271,0.46869,-0.13241,-4.7637,-38.755,5.3373
-0.010529,0.21007,0.052094,0.56134,0.4758,-0.13113,-4.7637,-38.755,5.3373
0.29526,0.40967,-0.4313,0.55027,0.48339,-0.13225,-4.0554,-39.019,3.7774
0.31752,0.3457,-0.33589,0.5357,0.50467,-0.13893,-3.2015,-39.211,2.3304
0.29979,0.34695,-0.23137,0.55789,0.54072,-0.17115,-3.2015,-39.211,2.3304
0.24258,0.61163,0.18227,0.57363,0.54661,-0.18563,-2.8619,-39.208,2.7696
0.38959,0.93994,0.23996,0.60211,0.54942,-0.2109,-2.6411,-39.1,4.1676
0.54652,0.63852,0.24689,0.61106,0.55217,-0.21914,-2.6411,-39.1,4.1676
0.66463,-0.061035,-0.069901,0.61666,0.55911,-0.22182,-2.7204,-38.73,6.765
0.77872,-0.11438,0.025375,0.60794,0.58353,-0.21987,-2.729,-38.756,6.61
0.93889,-0.23001,0.13737,0.61162,0.62457,-0.23134,-2.729,-38.756,6.61
1.5213,-1.762,0.27266,0.63405,0.60894,-0.25219,-2.9287,-38.694,6.8822
1.3607,-2.0376,-1.1102,0.64723,0.58743,-0.26804,-2.9287,-38.694,6.8822
-1.1924,-1.9552,2.0122,0.67881,0.54592,-0.30142,-2.9287,-38.694,6.8822
-1.6056,-0.82814,-2.0237,0.68068,0.49264,-0.28395,-1.5908,-38.077,10.04
-1.9004,-1.0484,-0.94234,0.6421,0.25212,-0.17747,-1.8081,-38.24,9.359
-1.9136,-1.7602,0.32733,0.55919,0.15857,-0.13175,-1.8081,-38.24,9.359
-0.74434,-1.5724,-0.19684,0.58801,0.1376,-0.15807,-3.1083,-39.035,4.443
-0.43648,-1.2824,-0.34767,0.65224,0.14602,-0.19534,-1.552,-38.718,7.1873
-0.30051,-0.42337,-0.43523,0.66801,0.17989,-0.20918,-1.552,-38.718,7.1873
-0.29466,-1.4205,-0.29344,0.68804,0.23785,-0.21437,-1.0135,-38.312,9.182
-0.26521,-1.699,0.028503,0.75674,0.30562,-0.19686,-1.0135,-38.312,9.182
0.35324,-2.0023,0.45447,0.79928,0.33147,-0.20913,-1.0135,-38.312,9.182
0.4771,-1.3774,0.27643,0.89389,0.39755,-0.27172,-3.9973,-36.883,13.298
0.44959,-1.1026,-0.000946,0.93355,0.42993,-0.29767,-4.7223,-33.854,19.615
0.27011,-0.84428,0.012421,0.98469,0.4581,-0.31931,-4.7223,-33.854,19.615
-0.35422,-0.86716,0.16196,0.99969,0.46359,-0.32839,-4.7223,-33.854,19.615
-0.56975,-0.65366,0.20027,1.0229,0.43582,-0.3562,-4.8639,-32.365,21.954
-0.60651,-0.10565,0.54237,1.013,0.40648,-0.38324,-4.8639,-32.365,21.954
-0.70297,0.10744,0.61876,0.99535,0.39393,-0.3921,-3.3485,-32.126,22.58
-0.74367,0.30428,0.40535,0.95337,0.34957,-0.3945,-0.30991,-33.202,21.229
-0.47806,0.34193,0.37221,0.93039,0.33165,-0.39742,-0.30991,-33.202,21.229
-0.31313,0.39468,0.36571,0.88362,0.31799,-0.40106,1.0638,-34.055,19.806
0.052139,0.28569,0.17813,0.83763,0.35716,-0.39568,1.6513,-34.849,18.331
-0.000549,0.11185,0.68355,0.83187,0.3925,-0.39166,1.6513,-34.849,18.331
-0.20282,-0.10748,2.0013,0.83336,0.48174,-0.38035,-0.18767,-35.502,17.11
0.50755,-0.96323,1.9398,0.84071,0.52084,-0.37338,-2.2641,-35.424,17.122
1.4101,-2.0434,-1.6802,0.86673,0.55783,-0.36543,-2.2641,-35.424,17.122
1.4031,-2.0456,-1.9633,0.87528,0.69598,-0.36694,-3.7267,-35.045,17.639
0.95018,-2.0261,-0.81973,0.79798,0.79733,-0.28204,-6.012,-34.763,17.565
-0.04303,-2.0071,-1.1982,0.70383,0.71226,-0.17359,-6.012,-34.763,17.565
-0.41643,-1.9841,0.58723,0.69382,0.6747,-0.14353,-8.1732,-37.613,8.4645
-0.81227,-1.8877,-0.244,0.70509,0.61497,-0.10734,-8.8889,-37.679,7.3797
-1.0788,-1.3269,-0.61809,0.70544,0.595,-0.10317,-8.8889,-37.679,7.3797
-0.82782,-0.63313,-0.84097,0.66188,0.53486,-0.089338,-8.8387,-37.654,7.5661
-0.39017,-0.56677,-0.23431,0.59199,0.51102,-0.077399,-7.9394,-38.183,5.674
-0.27322,-0.46129,-0.11903,0.56256,0.51953,-0.08289,-7.9394,-38.183,5.674
-0.10226,-0.13052,0.065765,0.52607,0.53522,-0.094345,-6.5658,-38.709,3.4125
0.08255,0.12326,0.047012,0.51676,0.53958,-0.098435,-4.9147,-39.061,1.7939
0.20769,0.24489,-0.21849,0.50012,0.54932,-0.11471,-4.9147,-39.061,1.7939
0.53609,0.45456,-0.47878,0.49035,0.56949,-0.1363,-4.3882,-39.13,1.6597
0.54814,0.5204,-0.13908,0.49058,0.5765,-0.15027,-3.5992,-39.211,1.6532
0.53967,0.44655,0.095169,0.51008,0.57473,-0.18145,-3.5992,-39.211,1.6532
0.63197,0.40437,0.42555,0.52732,0.57081,-0.19722,-2.8527,-39.237,2.3361
0.7104,0.30461,0.23112,0.56403,0.56885,-0.22592,-2.3523,-38.921,5.7266
0.66605,0.15057,0.090576,0.59985,0.60099,-0.2737,-2.3523,-38.921,5.7266
0.32259,-0.30936,-0.40263,0.60385,0.61066,-0.28867,-2.2145,-38.673,7.2547
0.33192,-0.48881,-0.64603,0.60623,0.60277,-0.30323,-1.7466,-38.486,8.3006
0.81026,-0.92152,0.25096,0.60953,0.5825,-0.29834,-1.7466,-38.486,8.3006
-1.6983,-1.963,-0.30766,0.60814,0.51864,-0.25013,-1.4713,-38.412,8.692
-1.924,-1.9475,0.97215,0.60521,0.47352,-0.21344,-2.8145,-38.572,7.5809
-1.8703,-1.9682,-1.3987,0.60705,0.31974,-0.14437,-2.8145,-38.572,7.5809
-1.3627,-1.9645,0.4225,0.63887,0.17402,-0.08025,-5.2124,-38.416,7.0839
-0.71259,-1.6711,0.32022,0.67783,0.19508,-0.098624,-5.5905,-37.826,9.543
0.25366,-0.86464,-0.73007,0.70042,0.273,-0.16709,-5.5905,-37.826,9.543
0.36403,-0.66499,-0.66827,0.69278,0.30858,-0.18543,-4.2144,-37.601,11.025
0.19727,-0.73111,-0.39662,0.68369,0.39483,-0.20339,-3.7286,-37.793,10.533
0.29704,-1.4415,-0.18639,0.76802,0.44751,-0.2072,-3.7286,-37.793,10.533
0.47734,-1.9437,0.33931,0.80952,0.46148,-0.21359,-5.4167,-36.96,12.56
0.444,-1.6991,0.39325,0.88953,0.50367,-0.26362,-6.5773,-35.68,15.39
0.14854,-1.1416,0.11655,0.92881,0.51954,-0.29847,-6.5773,-35.68,15.39
-0.10452,-0.76871,0.13744,0.99604,0.5329,-0.3451,-6.4407,-34.166,18.557
-0.43579,-0.60661,0.12686,1.0173,0.49961,-0.35753,-5.6223,-31.928,22.409
-0.58333,-0.45438,0.35751,1.0238,0.46299,-0.38173,-5.6223,-31.928,22.409
-0.64551,-0.47757,0.3305,1.0221,0.45572,-0.42554,-4.0763,-31.716,23.036
-0.72566,-0.33858,0.43484,1.0125,0.45302,-0.44618,-0.59054,-31.789,23.287
-0.7737,-0.19565,0.51414,0.99035,0.43361,-0.4692,-0.59054,-31.789,23.287
-0.729,-0.15399,0.49136,0.9776,0.41637,-0.47521,0.92016,-32.215,22.682
-0.46001,0.18665,0.48624,0.91998,0.37819,-0.47798,0.92016,-32.215,22.682
-0.1954,0.55185,0.61067,0.88291,0.38817,-0.46113,2.364,-32.89,21.582
-0.2355,0.5551,0.89781,0.86927,0.40786,-0.44971,2.364,-32.89,21.582
0.75049,-0.071747,2.0534,0.84515,0.46456,-0.41649,2.364,-32.89,21.582
0.93605,-1.3299,-0.51665,0.83985,0.49596,-0.39772,2.364,-32.89,21.582
1.4675,-2.0442,-1.6276,0.84881,0.56037,-0.37123,-2.0135,-35.111,17.785
1.1965,-2.036,-1.356,0.85814,0.82446,-0.35823,-4.5803,-34.898,17.728
1.2335,-2.0276,-0.23608,0.82025,0.83864,-0.31264,-4.5803,-34.898,17.728
-0.43578,-1.9955,-0.84698,0.73783,0.76439,-0.2192,-8.851,-36.381,12.298
-0.30577,-1.9884,0.36189,0.7241,0.73383,-0.1888,-8.4823,-37.26,9.6396
-0.60094,-1.9876,-0.33282,0.7208,0.67685,-0.15843,-8.4823,-37.26,9.6396
-1.232,-1.169,-0.77743,0.71605,0.64621,-0.15475,-8.2849,-37.42,9.1806
-0.84747,-0.62174,-0.57419,0.6723,0.57218,-0.13426,-7.6494,-37.767,8.2632
-0.68364,-0.7263,-0.29584,0.61257,0.53102,-0.11389,-7.6494,-37.767,8.2632
-0.52974,-0.26428,0.052994,0.5839,0.52833,-0.11012,-6.8163,-38.307,6.2669
-0.001312,0.20456,0.11659,0.54806,0.54017,-0.11049,-5.9449,-38.711,4.3913
0.17235,0.18422,0.005341,0.539,0.54857,-0.11118,-5.9449,-38.711,4.3913
0.39424,0.23605,-0.31662,0.52221,0.59561,-0.11843,-5.2297,-38.949,2.9623
0.54051,0.31836,-0.33137,0.5304,0.64776,-0.14611,-4.857,-39.002,2.9052
0.48808,0.25635,-0.2009,0.54071,0.67099,-0.16791,-4.857,-39.002,2.9052
0.50119,0.35312,0.23286,0.56649,0.70362,-0.21794,-4.3567,-38.967,3.9682
0.49309,0.56493,0.3902,0.57963,0.71304,-0.24183,-3.2017,-38.552,7.5258
0.66327,0.21329,0.36764,0.59983,0.72176,-0.28308,-3.2017,-38.552,7.5258
0.89209,-0.052078,0.21376,0.5969,0.74693,-0.33142,-2.4891,-38.323,8.8485
0.89349,-0.16214,0.2137,0.58248,0.76483,-0.37465,0.35964,-38.076,10.162
1.0151,-0.46031,0.16644,0.57934,0.77424,-0.40508,0.35964,-38.076,10.162
1.3998,-0.56697,-0.1622,0.58271,0.77021,-0.40919,0.8502,-37.927,10.676
0.45622,-2.002,0.65251,0.5909,0.74137,-0.38264,0.296,-37.996,10.459
-1.9314,-1.9446,1.2995,0.60454,0.65171,-0.32632,0.296,-37.996,10.459
-1.8748,-1.9664,-1.1999,0.60629,0.40443,-0.23764,-0.89112,-38.177,9.742
-1.91,-1.9529,0.35594,0.63541,0.2522,-0.14154,-3.8268,-38.232,8.7664
-0.5934,-1.685,0.36519,0.66194,0.24348,-0.14755,-3.8268,-38.232,8.7664
-0.222,-1.2211,-0.13249,0.70301,0.26822,-0.22294,-3.2052,-37.697,11.038
0.013245,-0.64902,-0.73677,0.71041,0.29912,-0.2412,-3.2052,-37.697,11.038
-0.056732,-0.89464,-0.71562,0.70984,0.35678,-0.24116,-1.7471,-37.327,12.521
-0.24039,-1.1992,-0.36043,0.77458,0.40571,-0.23342,-3.3995,-37.079,12.913
0.048386,-1.7931,0.20502,0.81573,0.41242,-0.23881,-3.3995,-37.079,12.913
0.19629,-1.3534,0.07283,0.89127,0.44166,-0.27796,-4.557,-36.04,15.281
0.32086,-1.0828,0.1597,0.92548,0.4633,-0.30763,-4.8958,-33.206,20.653
-0.028931,-0.69011,0.07077,0.97757,0.48249,-0.33755,-4.8958,-33.206,20.653
-0.42917,-0.77727,-0.003769,1.0096,0.47118,-0.35397,-4.8958,-33.206,20.653
-0.58537,-0.62941,0.14755,1.0193,0.46243,-0.36238,-4.6867,-31.742,22.883
-0.67662,-0.1832,0.27963,1.0265,0.44752,-0.38868,-4.6867,-31.742,22.883
-0.66804,-0.062515,0.29475,1.0213,0.44235,-0.40001,-3.8757,-31.269,23.672
-0.56192,0.19823,0.31593,0.99604,0.43225,-0.41472,-1.5469,-31.627,23.463
-0.45258,0.16156,0.1796,0.95921,0.42877,-0.42264,-1.5469,-31.627,23.463
-0.28247,0.19316,0.21971,0.92271,0.44047,-0.42385,-0.63949,-32.343,22.509
-0.004074,0.3004,0.27495,0.89754,0.47532,-0.42322,-0.27407,-33.081,21.418
-0.030472,0.31398,0.67023,0.89028,0.50309,-0.42283,-0.27407,-33.081,21.418
0.18639,0.079895,2.042,0.88319,0.5749,-0.4203,-1.5814,-33.818,20.174
0.34398,-0.87012,2.0444,0.88031,0.60974,-0.41563,-3.1458,-33.952,19.762
1.2891,-2.0417,-1.8044,0.89673,0.65114,-0.40657,-3.1458,-33.952,19.762
1.5901,-2.0497,-1.9595,0.90116,0.83235,-0.41206,-4.0893,-33.938,19.613
0.76997,-2.0204,-0.61661,0.85518,0.87325,-0.35878,-5.8217,-33.506,19.915
-0.11436,-2.0002,-0.54753,0.76383,0.78555,-0.23246,-5.8217,-33.506,19.915
-0.55664,-1.9845,0.16878,0.75116,0.73403,-0.18667,-9.0119,-36.408,12.1
-1.0854,-1.5474,-0.45413,0.76303,0.67179,-0.13526,-9.9637,-36.653,10.508
-1.1904,-1.0446,-0.70126,0.73623,0.58337,-0.10261,-9.9637,-36.653,10.508
-0.88592,-0.69849,-0.53941,0.71167,0.55843,-0.091832,-9.9306,-36.783,10.076
-0.35561,-0.593,-0.25343,0.64973,0.52908,-0.082894,-9.0308,-37.413,8.4766
-0.26028,-0.24646,-0.13246,0.61929,0.53749,-0.088177,-9.0308,-37.413,8.4766
-0.24338,-0.093292,-0.050827,0.58464,0.56136,-0.099477,-7.6234,-38.12,6.4724
-0.042526,0.003738,0.095825,0.57126,0.5809,-0.11905,-7.6234,-38.12,6.4724
0.074173,-0.002411,-0.099701,0.56678,0.60469,-0.14803,-7.6234,-38.12,6.4724
0.43333,0.26646,-0.42068,0.56449,0.64329,-0.18587,-7.6234,-38.12,6.4724
0.55397,0.39075,-0.018341,0.56227,0.66256,-0.20703,-4.1793,-38.735,5.9386
0.54898,0.33823,0.21204,0.56623,0.68672,-0.2472,-4.1793,-38.735,5.9386
0.66669,0.72446,0.36516,0.57594,0.6946,-0.2649,-3.0977,-38.723,6.6408
0.97078,0.23521,0.19286,0.54666,0.83547,-0.35218,-2.468,-38.244,9.1901
1.0619,0.10585,0.10257,0.54039,0.8661,-0.35648,-2.468,-38.244,9.1901
0.76582,-0.043304,-0.3647,0.53005,0.88165,-0.35867,3.2529,-38.187,9.1821
0.71571,-0.64035,-0.037689,0.53901,0.85581,-0.34324,2.7291,-38.328,8.7579
0.81491,-1.0651,0.095566,0.54833,0.83427,-0.33594,2.7291,-38.328,8.7579
-0.090744,-1.9866,1.1629,0.55888,0.77228,-0.31297,2.2967,-38.411,8.5122
-0.94792,-1.9699,0.87921,0.58085,0.66936,-0.29105,1.868,-38.483,8.2924
-1.8919,-1.9599,-0.44421,0.57946,0.4951,-0.23332,1.868,-38.483,8.2924
-1.8077,-1.9536,0.54109,0.57027,0.43094,-0.20916,0.95987,-38.908,6.198
-0.99548,-1.5174,-9.2e-05,0.61072,0.41405,-0.26256,1.914,-38.586,7.7839
-0.099579,-0.68437,-0.24925,0.64659,0.44313,-0.35381,1.914,-38.586,7.7839
0.16917,-0.72075,-0.39424,0.62919,0.50514,-0.3734,4.2877,-37.679,10.727
0.094879,-0.9321,-0.59976,0.65542,0.5527,-0.37696,4.7464,-37.636,10.684
0.33656,-2.0057,0.004913,0.73093,0.57967,-0.38442,4.7464,-37.636,10.684
0.3517,-1.767,0.16965,0.7751,0.59891,-0.39865,2.3898,-36.771,13.977
0.36678,-1.6272,-0.081223,0.85355,0.63121,-0.45575,1.1962,-35.505,17.062
0.13144,-0.70348,-0.055573,0.89288,0.63929,-0.48289,1.1962,-35.505,17.062
-0.46687,-0.68613,-0.03508,0.93781,0.63446,-0.50945,1.1184,-32.776,21.855
-0.66097,-0.62772,0.26573,0.94709,0.54942,-0.49687,1.7874,-32.734,21.873
-0.86197,-0.33995,0.61119,1.0414,0.43563,-0.42874,1.7874,-32.734,21.873
-0.91618,0.002823,0.81718,1.0379,0.40423,-0.45278,3.0945,-32.615,21.906
-0.86569,0.068741,0.68469,1.0235,0.38181,-0.45871,6.176,-32.866,20.852
-0.68312,0.33328,0.54317,0.98666,0.33271,-0.45676,6.176,-32.866,20.852
-0.56773,0.41951,0.44762,0.9498,0.29618,-0.43099,5.8148,-33.198,20.426
-0.19609,0.58789,0.13669,0.91216,0.28366,-0.38236,5.5606,-34.078,18.999
0.15096,0.43167,0.07933,0.88517,0.32002,-0.3328,5.5606,-34.078,18.999
0.083496,0.29169,0.39844,0.87425,0.36429,-0.31669,4.039,-34.948,17.762
0.41272,-0.32335,2.0463,0.86774,0.47366,-0.30587,-0.38768,-35.66,16.775
0.42644,-1.0044,2.046,0.90058,0.54704,-0.30443,-0.38768,-35.66,16.775
0.51765,-2.0092,0.059021,0.95589,0.67804,-0.33351,-2.2987,-35.235,17.503
2.0311,-2.0531,-1.1797,0.95572,0.85887,-0.34727,-4.6817,-34.165,19.078
0.11505,-2.0095,-1.0604,0.89163,0.86613,-0.29453,-4.6817,-34.165,19.078
-0.40611,-1.9892,0.004593,0.77321,0.79698,-0.19723,-7.1309,-36.323,13.526
-1.1571,-1.974,-0.18185,0.75462,0.74198,-0.14456,-6.6742,-37.576,9.83
-1.7026,-1.1866,-0.99086,0.74379,0.63168,-0.093079,-6.6742,-37.576,9.83
-1.5679,-0.78424,-0.96701,0.71891,0.50934,-0.069969,-6.3778,-37.832,9.0112
-0.77946,-0.8448,-0.39883,0.68456,0.47392,-0.051883,-6.3778,-37.832,9.0112
-0.55118,-0.72951,-0.21101,0.60349,0.4462,-0.039065,-5.795,-38.236,7.5876
-0.40681,-0.095261,0.097198,0.57504,0.45792,-0.044143,-4.6964,-38.854,4.6356
-0.11504,0.17346,0.17165,0.53776,0.48577,-0.053808,-3.5593,-39.144,2.8761
0.039322,0.21382,0.048172,0.50435,0.51124,-0.057144,-3.5593,-39.144,2.8761
0.40035,0.29306,-0.47182,0.48273,0.56117,-0.067989,-2.1177,-39.347,0.67448
0.44101,0.35692,-0.29379,0.48219,0.6241,-0.09656,-1.3514,-39.384,0.45299
0.45854,1.029,0.24541,0.48855,0.64709,-0.11426,-1.3514,-39.384,0.45299
0.42416,0.82269,0.52161,0.51527,0.66414,-0.14488,-0.59216,-39.384,1.3002
0.84128,0.23469,0.49202,0.52827,0.66903,-0.15773,-0.34988,-39.2,4.052
0.97072,0.027145,0.35197,0.50798,0.72211,-0.20233,-0.34988,-39.2,4.052
1.1883,-0.18547,0.30379,0.49053,0.75796,-0.22971,1.2031,-39.15,4.359
0.96248,-0.84467,-1.0065,0.49204,0.76894,-0.25038,3.164,-38.869,5.6893
1.1916,-1.6511,-0.99461,0.51661,0.78441,-0.30605,3.164,-38.869,5.6893
1.8617,-0.98552,1.1115,0.53181,0.78567,-0.3341,3.8538,-38.426,7.857
-0.67244,-1.9771,0.74828,0.54739,0.72262,-0.34196,3.8538,-38.426,7.857
-1.4292,-1.9604,0.73286,0.56525,0.47293,-0.26599,4.3185,-38.24,8.4989
-1.9119,-1.9521,0.43704,0.5517,0.36901,-0.23495,3.5995,-38.458,7.8242
-1.9219,-1.9483,0.88016,0.57052,0.23375,-0.19503,3.5995,-38.458,7.8242
-1.6946,-1.5727,0.38934,0.60554,0.20482,-0.22422,3.5995,-38.458,7.8242
-0.39462,-0.68753,-0.60361,0.62931,0.18622,-0.29577,3.5995,-38.458,7.8242
-0.50723,-0.61807,-0.39606,0.64212,0.20849,-0.28955,4.3996,-38.368,7.8571
-0.56158,-0.67629,-0.3972,0.66085,0.22651,-0.29109,6.0859,-38.115,7.9626
-0.18356,-1.7043,0.19939,0.73138,0.24806,-0.28274,4.9508,-37.797,10.002
0.36819,-1.8756,0.39352,0.77468,0.27208,-0.28797,3.741,-36.987,13.081
0.9117,-1.7739,0.1395,0.85481,0.33471,-0.32683,3.741,-36.987,13.081
0.487,-0.96716,-0.13167,0.92365,0.40583,-0.38193,2.982,-34.331,19.123
0.25565,-1.109,-0.24139,0.9706,0.43538,-0.40337,2.982,-34.331,19.123
-0.60922,-0.63734,0.063934,0.99282,0.4221,-0.41476,2.982,-34.331,19.123
-0.93791,-0.086716,0.29121,1.0015,0.39559,-0.41669,2.6601,-32.77,21.73
-0.88451,0.1675,0.4449,1.035,0.25101,-0.34544,2.6601,-32.77,21.73
-0.79739,0.37318,0.46863,1.0276,0.22118,-0.33688,4.0445,-32.5,21.922
-0.64105,0.28358,0.29855,0.99127,0.10981,-0.27748,5.0826,-33.149,20.7
-0.52237,0.31618,0.3208,0.9571,0.12208,-0.28769,5.8779,-33.797,19.4
-0.10318,0.46231,0.3918,0.94585,0.13834,-0.28522,5.8779,-33.797,19.4
0.11987,0.12044,0.39607,0.94285,0.19362,-0.27449,5.6752,-34.313,18.536
-0.008545,0.019012,0.74367,0.94869,0.23798,-0.27351,2.5578,-34.235,19.354
0.74493,-0.34724,2.053,0.96144,0.34531,-0.28762,2.5578,-34.235,19.354
0.20224,-1.8227,1.2828,0.9903,0.43106,-0.30656,1.0117,-33.928,20.025
0.66449,-2.0164,-0.40797,0.99576,0.48838,-0.31572,-2.0522,-33.362,20.879
1.5729,-2.0493,-1.9599,0.93371,0.63108,-0.27987,-2.0522,-33.362,20.879
0.18219,-2.0085,-0.76315,0.84761,0.63872,-0.20995,-2.0522,-33.362,20.879
-0.7979,-1.9863,-0.70395,0.70302,0.57804,-0.083588,-2.0522,-33.362,20.879
-0.67252,-1.9855,-0.26599,0.70037,0.53874,-0.050307,-4.1829,-38.168,8.8823
-0.92436,-1.8489,-0.32938,0.72965,0.44867,-0.018822,-5.4927,-38.123,8.3431
-1.1031,-0.82961,-0.60925,0.69429,0.40842,-0.01174,-5.4927,-38.123,8.3431
-0.35408,-0.55267,-0.31769,0.65813,0.38503,-0.001423,-5.0467,-38.235,8.1109
-0.21492,-0.37099,-0.11183,0.57791,0.39313,-0.003406,-4.0317,-38.839,5.3314
-0.093475,0.090881,0.016663,0.54882,0.4098,-0.008276,-4.0317,-38.839,5.3314
0.15428,0.23515,-0.008804,0.51711,0.43011,-0.010776,-2.8117,-39.211,2.7834
0.23733,0.23213,-0.030869,0.50621,0.45238,-0.018788,-1.9404,-39.348,1.0649
0.51907,0.32132,-0.14874,0.51032,0.46235,-0.027391,-1.9404,-39.348,1.0649
0.61272,0.38272,0.1075,0.52501,0.48836,-0.052785,-1.6072,-39.355,1.3399
0.72459,0.49391,0.3147,0.53441,0.50328,-0.067046,-1.1357,-39.332,2.2018
0.82843,0.45016,0.13174,0.55364,0.53201,-0.091646,-1.1357,-39.332,2.2018
0.86409,0.25855,0.13725,0.57027,0.56019,-0.10409,-0.71188,-39.264,3.3158
1.0724,-0.093933,0.46579,0.58049,0.58176,-0.11257,-0.49353,-39.091,4.9825
0.94305,-0.55606,0.051117,0.59424,0.69213,-0.21647,-0.49353,-39.091,4.9825
1.0279,-0.84688,-0.030502,0.59831,0.6701,-0.23727,-0.36785,-39.036,5.406
1.5406,-1.3991,0.51579,0.61642,0.6367,-0.2808,1.7688,-38.652,7.4885
-0.3737,-1.9769,1.5816,0.63184,0.61795,-0.29486,1.7688,-38.652,7.4885
-1.838,-1.9545,0.35246,0.6799,0.44573,-0.26122,2.068,-38.349,8.8471
-1.8915,-1.6344,-0.77443,0.64067,0.18009,-0.14971,1.613,-38.241,9.3911
-1.9061,-1.9544,0.18285,0.6259,0.07162,-0.096886,1.613,-38.241,9.3911
-1.9073,-1.7665,0.05336,0.66017,0.040197,-0.096049,-1.2806,-38.943,5.9145
-0.38004,-0.74605,-0.81215,0.67675,0.050361,-0.12933,0.13588,-38.643,7.7347
-0.68309,-0.72458,-0.32156,0.66448,0.12567,-0.18631,0.13588,-38.643,7.7347
-0.43843,-1.1636,-0.58707,0.71069,0.15991,-0.19204,1.7261,-38.658,7.4681
-0.3085,-1.8527,-0.074402,0.7515,0.17743,-0.19082,1.6465,-38.582,7.8684
0.082733,-1.9995,0.069,0.83034,0.2243,-0.19856,1.6465,-38.582,7.8684
0.31818,-1.7663,0.16698,0.86465,0.23898,-0.20467,0.046866,-37.028,13.494
0.58032,-1.3199,-0.019241,0.9376,0.26782,-0.22796,-0.45857,-35.997,16.037
0.16054,-0.93105,0.063538,1.0272,0.29391,-0.24763,-0.45857,-35.997,16.037
-0.11015,-0.72728,0.30658,1.0406,0.28855,-0.2509,-1.3139,-33.608,20.542
-0.67595,-0.47173,0.48424,1.0614,0.25785,-0.2723,-0.89809,-33.079,21.405
-0.81628,-0.14232,0.60832,1.1001,0.19211,-0.2416,-0.89809,-33.079,21.405
-0.7952,0.002823,0.55544,1.0962,0.18959,-0.28825,0.71234,-32.66,22.045
-0.64047,0.084778,0.16383,1.0815,0.18694,-0.30664,3.6461,-32.92,21.358
-0.52742,0.14996,0.10683,0.99992,0.2175,-0.37256,3.6461,-32.92,21.358
-0.44847,0.30243,0.032379,0.93413,0.23498,-0.39035,3.6461,-32.92,21.358
-0.14105,0.46754,-0.019592,0.90568,0.24262,-0.39082,3.6461,-32.92,21.358
-0.11661,0.14294,0.95432,0.86598,0.2847,-0.37935,5.9239,-34.798,17.526
0.1702,-0.078964,1.9762,0.86046,0.31766,-0.37052,6.0129,-35.597,15.808
0.27542,-0.83022,1.8551,0.86081,0.36906,-0.3435,3.2467,-36.294,15.013
0.44847,-2.0132,-0.61424,0.90981,0.46468,-0.3172,3.2467,-36.294,15.013
0.16237,-2.0159,-1.7096,0.92411,0.5399,-0.31074,1.518,-36.07,15.805
0.77971,-2.0252,-1.1735,0.88665,0.64229,-0.23526,-4.6942,-36.171,14.927
0.40662,-2.0138,-0.80016,0.84077,0.65217,-0.18661,-4.6942,-36.171,14.927
0.16365,-2.0011,0.098343,0.80033,0.65913,-0.15354,-5.3826,-37.491,10.891
-0.18155,-1.7926,-0.83073,0.79596,0.64894,-0.11811,-5.9844,-37.682,9.8682
-0.34566,-1.207,-0.87614,0.77116,0.61196,-0.09149,-5.9844,-37.682,9.8682
-0.49834,-0.59589,-0.5146,0.73221,0.57159,-0.070648,-6.0617,-38.118,7.9627
-0.22032,-0.78712,-0.2825,0.69809,0.55038,-0.058633,-5.2651,-38.582,6.0735
-0.35709,-0.6237,-0.20006,0.62471,0.52445,-0.042889,-5.2651,-38.582,6.0735
-0.51808,-0.007339,0.18407,0.59855,0.52383,-0.040636,-4.1382,-39.045,3.3957
-0.37204,0.14917,0.19211,0.57569,0.51975,-0.042637,-3.3104,-39.231,1.7779
-0.020248,0.30849,-0.20726,0.56074,0.51952,-0.043789,-3.3104,-39.231,1.7779
0.29221,0.56129,-0.35603,0.55318,0.52831,-0.044473,-2.7687,-39.298,1.0811
0.38275,0.52902,-0.1286,0.55276,0.55286,-0.050028,-2.4689,-39.328,0.62797
0.54433,0.36797,0.26242,0.56213,0.5637,-0.056006,-2.4689,-39.328,0.62797
0.66333,0.29805,0.36868,0.58404,0.58599,-0.070895,-2.4481,-39.319,1.0747
0.75398,0.28558,0.40221,0.61525,0.62288,-0.078199,-2.7692,-39.212,2.8174
0.93379,0.079361,0.32356,0.6236,0.64002,-0.086254,-2.7692,-39.212,2.8174
0.62174,-0.31866,-0.13333,0.64982,0.62906,-0.095736,-0.95854,-39.194,4.0066
0.55405,-0.69885,-0.1281,0.66428,0.62457,-0.11103,-1.0316,-38.849,6.5483
0.59947,-1.7256,1.1405,0.69769,0.60644,-0.14725,-1.0316,-38.849,6.5483
-1.4813,-1.9662,-0.10336,0.72633,0.56224,-0.15414,-0.71845,-38.551,8.1527
-0.91324,-1.3526,0.49254,0.69349,0.45378,-0.10642,-0.91882,-38.412,8.7665
-1.882,-1.7878,-1.0524,0.58868,0.32094,-0.048891,-0.91882,-38.412,8.7665
-1.8994,-1.9569,-0.11188,0.56867,0.29088,-0.05615,-0.68962,-39.065,5.1552
-0.98172,-1.3364,-0.4449,0.61838,0.28178,-0.12422,1.543,-39.18,3.9662
-0.3342,-0.85823,-0.35416,0.64347,0.28811,-0.1638,1.543,-39.18,3.9662
-0.43124,-0.50021,-0.30537,0.66258,0.32756,-0.2131,3.5118,-38.782,6.0644
-0.24071,-1.1703,-0.62958,0.70777,0.34837,-0.22076,4.2438,-38.644,6.465
-0.025345,-1.5451,-0.036713,0.74219,0.358,-0.22484,4.2438,-38.644,6.465
0.061249,-1.9036,-0.048111,0.82789,0.39167,-0.23462,2.9425,-37.795,10.774
0.33637,-1.64,0.1754,0.86861,0.40847,-0.24575,1.7164,-36.79,14.026
0.24052,-1.0365,-0.10808,0.94007,0.43449,-0.28517,1.7164,-36.79,14.026
0.1064,-0.57825,-0.17076,1.0203,0.44158,-0.32931,1.5534,-34.438,19.099
-0.12755,-0.5105,-0.024078,1.0343,0.43183,-0.33164,1.5534,-34.438,19.099
-0.50055,-0.60429,0.23242,1.0508,0.40956,-0.34445,1.6714,-33.749,20.282
-0.61682,-0.39632,0.34105,1.0597,0.40526,-0.3645,2.2288,-33.386,20.822
-0.74959,-0.13211,0.49097,1.0659,0.4142,-0.41901,3.5949,-32.841,21.488
-0.79292,-0.022202,0.47827,1.0552,0.41935,-0.44147,3.5949,-32.841,21.488
-0.69565,0.13692,0.43488,0.99714,0.40124,-0.47712,6.7828,-33.028,20.403
-0.49902,0.20085,0.33107,0.95073,0.39876,-0.48653,8.1851,-33.545,18.998
-0.34843,0.19656,0.33414,0.92944,0.40318,-0.48702,8.1851,-33.545,18.998
-0.27249,0.29941,0.61285,0.89755,0.43331,-0.48256,8.8864,-34.121,17.606
0.19309,-0.007858,2.0421,0.8871,0.46051,-0.47619,7.7137,-34.88,16.644
0.5067,-0.67036,1.3127,0.89028,0.54355,-0.44731,7.7137,-34.88,16.644
0.9066,-2.0246,-0.75929,0.91785,0.66989,-0.43671,6.0648,-35.006,17.057
0.89517,-2.0258,-0.93367,0.9288,0.76193,-0.4249,-1.3082,-34.836,18.381
1.502,-2.0296,0.2384,0.91469,0.84397,-0.34031,-1.3082,-34.836,18.381
0.57517,-2.0182,-0.86993,0.88976,0.8336,-0.28772,-3.7333,-35.969,15.667
-0.10504,-1.9968,-0.11192,0.83765,0.78559,-0.21438,-3.6875,-37.009,13.035
-0.14203,-1.9968,-0.21561,0.76507,0.7153,-0.13867,-3.6875,-37.009,13.035
-0.73296,-1.5101,-0.76358,0.74663,0.68063,-0.12703,-3.5896,-37.801,10.553
-0.92882,-0.30338,-0.80318,0.70701,0.62389,-0.10689,-1.9729,-38.626,7.5681
-0.79099,-0.42867,-0.6273,0.67265,0.58254,-0.087598,-1.9729,-38.626,7.5681
-0.63789,-0.62285,-0.3819,0.59606,0.52099,-0.060064,-1.9729,-38.626,7.5681
-0.44827,-0.008194,0.15086,0.54663,0.50563,-0.060504,-1.9729,-38.626,7.5681
-0.18759,0.012604,0.31056,0.53258,0.50568,-0.066374,0.17612,-39.353,2.1098
0.1608,0.028748,-0.099899,0.53024,0.51829,-0.068007,1.3334,-39.379,0.84049
0.52896,0.5867,-0.41647,0.52424,0.53195,-0.070689,1.5692,-39.373,0.69971
0.5459,0.67226,-0.26962,0.51831,0.56097,-0.078356,1.5692,-39.373,0.69971
0.44832,0.45576,0.13982,0.52469,0.56973,-0.084618,1.9241,-39.359,0.60094
0.42015,0.38248,0.26883,0.57538,0.57234,-0.10286,1.9457,-39.337,1.3975
0.62769,0.73067,0.30302,0.62086,0.58773,-0.10689,1.9457,-39.337,1.3975
0.92584,0.13315,-0.14358,0.63848,0.61106,-0.1112,0.66838,-39.158,4.3964
1.0379,-0.041245,0.029724,0.64338,0.66932,-0.12543,-0.11097,-39.015,5.5685
0.81441,-0.55638,-0.45515,0.63881,0.68123,-0.13826,-0.11097,-39.015,5.5685
1.0609,-0.74873,0.62532,0.62964,0.6446,-0.16745,1.7838,-38.928,5.8816
1.5148,-1.0314,1.231,0.63638,0.53024,-0.17031,1.7838,-38.928,5.8816
-1.0005,-1.9786,-0.3172,0.65537,0.47721,-0.15915,2.6458,-38.868,5.9501
-1.9412,-1.9408,1.7328,0.67667,0.31819,-0.12262,2.3008,-38.857,6.1663
-1.9058,-1.9545,0.16901,0.6532,0.23364,-0.09544,1.204,-39.075,4.9818
-1.9095,-1.9531,0.33122,0.69097,0.087131,-0.074662,1.204,-39.075,4.9818
-0.5571,-0.69008,-0.28531,0.7086,0.089315,-0.10968,2.2175,-38.734,6.9207
-0.47064,-0.44309,-0.57031,0.71303,0.14835,-0.20022,2.2175,-38.734,6.9207
-0.1516,-0.67696,-0.67188,0.72897,0.21922,-0.21874,4.5671,-38.405,7.574
0.14987,-1.5763,-0.038116,0.75491,0.2448,-0.22296,5.2927,-38.282,7.7242
0.16893,-2.001,0.11923,0.83284,0.28509,-0.22672,3.9056,-37.248,12.266
0.5312,-2.0067,0.051392,0.87708,0.30573,-0.23211,3.9056,-37.248,12.266
0.66698,-1.7962,-0.38794,0.99791,0.34685,-0.27706,2.8631,-36.124,15.491
0.13574,-0.78374,-0.2119,1.0597,0.34835,-0.2916,2.8631,-36.124,15.491
-0.3683,-0.42079,-0.06749,1.0695,0.33285,-0.28656,2.3835,-33.475,20.662
-0.60847,-0.41727,-0.052612,1.0614,0.27442,-0.27454,2.6183,-33.256,20.985
-0.95406,-0.21905,0.4966,1.0526,0.26121,-0.2837,2.6183,-33.256,20.985
-0.9875,0.17586,0.70999,1.0416,0.26174,-0.31839,3.8165,-33.529,20.357
-0.937,0.32698,0.74974,1.019,0.27246,-0.36685,6.7173,-33.683,19.326
-0.56578,0.14015,0.58597,0.98518,0.29036,-0.40581,6.7173,-33.683,19.326
-0.016525,0.13046,0.18253,0.94962,0.32521,-0.43794,8.0609,-33.939,18.34
0.095856,0.14937,-0.057571,0.9353,0.35715,-0.45244,8.9524,-34.212,17.393
0.14423,0.28676,-0.036682,0.91345,0.44335,-0.47103,8.9524,-34.212,17.393
0.047623,0.30238,0.063263,0.90188,0.48623,-0.47217,8.9997,-34.329,17.137
0.000214,0.10027,1.1724,0.87207,0.57072,-0.43666,6.9048,-34.887,16.982
0.80041,-0.47507,2.0541,0.87045,0.59545,-0.39842,6.9048,-34.887,16.982
0.99263,-0.85768,1.6351,0.8782,0.61189,-0.38307,5.3591,-35.336,16.607
-0.54791,-2,-1.7003,0.89882,0.75375,-0.36259,0.50598,-35.447,17.217
0.14453,-1.9993,0.26421,0.89642,0.83019,-0.33881,0.50598,-35.447,17.217
0.56032,-2.0201,-1.1463,0.83748,0.78639,-0.21449,-2.9285,-36.044,15.665
-0.006317,-1.9997,-0.19206,0.80195,0.73671,-0.12713,-2.8705,-37.507,11.754
-0.65743,-1.4879,-0.94508,0.79589,0.71755,-0.10304,-2.8705,-37.507,11.754
-0.73552,-1.0395,-1.1007,0.77869,0.66448,-0.069442,-4.4119,-38.019,9.3957
-0.27052,-0.98317,-0.33612,0.76196,0.64919,-0.062892,-4.1036,-38.258,8.5221
-0.093933,-0.7202,-0.20961,0.69809,0.61244,-0.042184,-4.1036,-38.258,8.5221
-0.22614,-0.32965,-0.20702,0.6374,0.599,-0.034352,-2.95,-38.783,6.349
-0.02211,0.035675,0.009171,0.6058,0.59813,-0.029964,-1.8807,-39.132,4.278
0.21269,0.15073,-0.051224,0.58825,0.58144,-0.027134,-1.8807,-39.132,4.278
0.25192,0.21007,-0.18991,0.58352,0.57897,-0.031352,-0.8929,-39.325,2.4286
0.33093,0.45964,-0.060425,0.58276,0.5856,-0.048609,-0.43528,-39.336,2.3704
0.35342,0.41725,0.17447,0.58481,0.58678,-0.059811,-0.43528,-39.336,2.3704
0.44803,0.77741,0.528,0.60096,0.57375,-0.095281,0.097904,-39.309,2.8204
0.64113,0.71947,0.3983,0.62553,0.57814,-0.1154,1.3469,-39.133,4.4695
0.82713,0.45656,0.31183,0.63374,0.59737,-0.12765,1.3469,-39.133,4.4695
0.8611,0.03891,0.18253,0.62978,0.63248,-0.14163,1.2475,-38.979,5.6794
0.6696,-0.26735,0.077438,0.62206,0.64004,-0.1451,2.3675,-38.911,5.7893
0.5488,-0.62357,-0.22315,0.61793,0.60552,-0.18588,2.3675,-38.911,5.7893
1.3588,-1.0737,-0.19811,0.6324,0.56285,-0.21932,3.4524,-38.764,6.2138
0.39949,-2.0013,0.70082,0.63691,0.54256,-0.22118,3.4524,-38.764,6.2138
-1.9233,-1.9477,0.94247,0.63982,0.40482,-0.17776,3.4524,-38.764,6.2138
-1.8882,-1.9574,-0.61235,0.6374,0.27281,-0.14803,3.4524,-38.764,6.2138
