0.44122,-1.6914,-0.34499,1.1153,-1.5615,1.599,9.6078,-35.177,3.5718
0.63475,-1.8256,-0.50441,1.112,-1.5779,1.6034,9.6078,-35.177,3.5718
0.38904,-1.6988,0.27832,1.1041,-1.5632,1.584,9.3491,-35.265,3.3903
0.19635,-1.5992,0.26361,1.0995,-1.5463,1.5611,8.8679,-35.461,2.5234
-0.13451,-1.22,0.24034,1.098,-1.556,1.5312,8.8679,-35.461,2.5234
-0.1868,-0.73439,0.18132,1.1005,-1.5882,1.5122,8.9499,-35.488,1.7481
-0.18619,-0.53647,0.092438,1.1076,-1.6045,1.4679,9.0782,-35.486,0.91892
-0.22911,-0.4577,-0.036972,1.1168,-1.6113,1.4292,9.0782,-35.486,0.91892
-0.27651,-0.56412,0.040085,1.1225,-1.6195,1.4191,9.6405,-35.327,-1.2685
-0.27029,-0.66173,0.028275,1.1381,-1.6524,1.4219,10.066,-35.188,-1.7398
-0.2124,-0.93962,0.023285,1.1475,-1.6748,1.4327,10.066,-35.188,-1.7398
-0.13211,-1.0773,0.082199,1.1682,-1.7248,1.4665,11.452,-34.769,-1.5839
0.028336,-0.99651,0.034088,1.2157,-1.8064,1.5306,12.195,-34.525,-1.3591
0.095184,-0.77908,0.008911,1.224,-1.8219,1.5435,12.195,-34.525,-1.3591
0.10544,-0.70575,-0.047195,1.2391,-1.8388,1.557,12.836,-34.295,-1.2658
0.057404,-0.70564,-0.045212,1.2461,-1.8442,1.5607,13.363,-34.091,-1.3126
-0.10234,-0.767,-0.002991,1.2598,-1.8581,1.5689,13.363,-34.091,-1.3126
-0.14165,-0.83411,0.017883,1.2786,-1.8964,1.5887,14.283,-33.706,-1.5645
-0.21194,-0.95525,0.018341,1.2858,-1.9074,1.5921,14.705,-33.513,-1.7773
-0.27927,-1.0191,0.002075,1.3023,-1.9143,1.5849,14.705,-33.513,-1.7773
-0.3316,-0.98009,-0.010834,1.3112,-1.9134,1.5774,15.161,-33.287,-2.1564
-0.40097,-0.89179,0.002655,1.3284,-1.9129,1.5642,16.098,-32.77,-3.0871
-0.37662,-0.77608,0.046783,1.3427,-1.9362,1.5767,16.098,-32.77,-3.0871
-0.26415,-0.70479,0.13818,1.3582,-1.9762,1.6093,16.599,-32.498,-3.2984
-0.21959,-0.72621,0.13908,1.3756,-1.9967,1.6325,16.599,-32.498,-3.2984
-0.1151,-0.92102,-0.055817,1.3843,-2.0025,1.6429,17.725,-31.884,-3.427
-0.096649,-1.0397,0.005783,1.4,-2.0213,1.6739,17.725,-31.884,-3.427
-0.059708,-1.2675,0.11617,1.407,-2.0333,1.6912,18.817,-31.284,-3.1272
-0.21422,-1.3115,0.033829,1.416,-2.0491,1.7116,18.817,-31.284,-3.1272
-0.36931,-1.2552,0.18111,1.4202,-2.0165,1.6832,19.101,-31.115,-3.0894
-0.50111,-1.2056,0.065659,1.42,-1.9907,1.6536,19.059,-31.106,-3.4138
-0.57468,-1.07,0.008865,1.4158,-1.9391,1.5923,19.059,-31.106,-3.4138
-0.44974,-1.0264,-0.044937,1.413,-1.9217,1.5703,18.794,-31.225,-3.7844
-0.077072,-0.89066,0.18639,1.3827,-1.9151,1.5633,18.794,-31.225,-3.7844
0.34082,-0.9687,-0.24052,1.3658,-2.0019,1.6983,18.547,-31.349,-3.9743
0.38304,-1.0605,-0.2813,1.3561,-2.0003,1.7259,18.11,-31.768,-2.3108
0.42362,-1.4027,-0.093735,1.3313,-1.986,1.7742,17.769,-32.038,-0.60014
0.34582,-1.8037,-0.046188,1.3169,-1.9726,1.7857,17.769,-32.038,-0.60014
0.11189,-1.8498,-0.005478,1.2816,-1.9341,1.7817,15.862,-32.981,1.7827
0.19022,-1.8051,-0.16217,1.2421,-1.8873,1.7545,15.862,-32.981,1.7827
0.26529,-1.4473,-0.26128,1.2126,-1.8456,1.7205,15.862,-32.981,1.7827
0.17761,-1.1878,-0.32222,1.1975,-1.8003,1.6744,13.485,-33.996,2.229
-0.11552,-0.96117,-0.084579,1.1921,-1.778,1.6518,12.881,-34.253,1.8233
-0.20328,-0.89169,-0.044739,1.1777,-1.7491,1.6196,12.881,-34.253,1.8233
-0.3324,-0.77199,-0.047272,1.1685,-1.7454,1.6133,11.723,-34.691,1.2853
-0.32463,-0.64941,-0.041077,1.143,-1.7422,1.6114,11.723,-34.691,1.2853
-0.32217,-0.60161,-0.025146,1.1325,-1.7243,1.6044,11.124,-34.883,1.3898
-0.26991,-0.5114,-0.046783,1.1293,-1.7118,1.5995,10.669,-35.021,1.496
-0.19348,-0.46758,-0.075867,1.124,-1.6842,1.591,10.669,-35.021,1.496
-0.16571,-0.45947,-0.082199,1.1221,-1.67,1.5887,10.168,-35.161,1.6833
-0.16377,-0.46146,-0.081192,1.1196,-1.6373,1.5826,10.018,-35.194,1.8883
-0.14946,-0.47238,-0.068054,1.1126,-1.5878,1.5735,10.018,-35.194,1.8883
-0.13249,-0.48978,-0.12213,1.1089,-1.5744,1.5735,9.8559,-35.23,2.0496
-0.12616,-0.54044,-0.22792,1.1016,-1.5513,1.5771,9.6013,-35.288,2.2643
-0.13661,-0.55763,-0.21628,1.099,-1.5396,1.5786,9.6013,-35.288,2.2643
-0.19083,-0.61142,-0.26988,1.0977,-1.5184,1.581,9.0134,-35.4,2.8481
-0.31757,-0.69305,-0.35663,1.1019,-1.5042,1.5866,8.9269,-35.401,3.0982
-0.32606,-0.72963,-0.32713,1.1108,-1.4966,1.5918,8.9269,-35.401,3.0982
-0.32036,-0.87344,-0.27274,1.1236,-1.4748,1.573,9.3309,-35.251,3.5838
-0.34335,-1.1763,0.017441,1.1366,-1.481,1.5774,9.7355,-35.13,3.6936
-0.30141,-1.408,-0.090714,1.1498,-1.5118,1.598,9.7355,-35.13,3.6936
-0.26407,-1.9335,-0.18141,1.1553,-1.5317,1.6144,10.126,-35.002,3.8577
-0.51492,-1.5187,-0.51276,1.1585,-1.5534,1.6423,10.566,-34.771,4.6752
-0.55403,-1.2617,-0.51334,1.1333,-1.5591,1.6754,10.566,-34.771,4.6752
-0.48752,-1.0523,-0.21692,1.1239,-1.5442,1.6578,9.87,-34.878,5.3504
0.036804,-1.4877,-0.34018,1.1069,-1.5415,1.6322,9.2155,-35.115,4.9529
0.79651,-1.7833,-0.48821,1.1007,-1.5581,1.6334,9.2155,-35.115,4.9529
0.43773,-1.5527,0.062744,1.0916,-1.595,1.6398,8.7546,-35.305,4.4074
0.28941,-1.6844,0.3436,1.0862,-1.571,1.6021,8.3861,-35.461,3.8367
-0.097672,-1.3232,0.10939,1.0825,-1.5724,1.5642,8.3861,-35.461,3.8367
-0.28151,-0.92087,0.22078,1.0867,-1.6045,1.5422,8.2407,-35.584,2.8969
-0.24014,-0.58939,0.02597,1.0924,-1.6234,1.5291,8.7918,-35.553,1.0853
-0.27489,-0.53732,-0.014236,1.1059,-1.6464,1.4888,8.7918,-35.553,1.0853
-0.28622,-0.55321,0.03595,1.1212,-1.6643,1.465,9.2794,-35.446,-0.099329
-0.22926,-0.64807,0.02417,1.1401,-1.6931,1.4659,9.7908,-35.299,-0.81726
-0.13109,-0.8766,-0.02742,1.1625,-1.7403,1.4958,9.7908,-35.299,-0.81726
-0.002213,-1.0133,0.045303,1.1744,-1.7694,1.5209,11.299,-34.842,-0.9429
0.036667,-0.97884,0.072861,1.1992,-1.8343,1.5821,12.209,-34.543,-0.46926
0.13512,-0.85721,-0.027924,1.2091,-1.8597,1.6067,12.209,-34.543,-0.46926
0.0233,-0.75398,0.025269,1.2332,-1.9039,1.6471,12.983,-34.263,-0.081112
0.030304,-0.76617,-0.018112,1.2436,-1.9336,1.668,13.628,-34.012,0.008656
-0.021881,-0.7726,0.007523,1.2474,-1.9495,1.6779,13.628,-34.012,0.008656
-0.1695,-0.86827,0.051926,1.2536,-1.9784,1.6946,14.44,-33.675,-0.06992
-0.22407,-0.92735,0.061661,1.2569,-1.9895,1.6983,14.697,-33.563,-0.18582
-0.25818,-1.0415,0.066803,1.2668,-2.0019,1.6954,14.697,-33.563,-0.18582
-0.30081,-0.97627,0.065979,1.2812,-2.0035,1.685,15.24,-33.307,-0.95484
-0.34723,-0.86909,0.065125,1.2977,-2.0042,1.6774,15.576,-33.135,-1.3986
-0.35809,-0.81468,-0.1003,1.3146,-2.0297,1.6941,15.576,-33.135,-1.3986
-0.29773,-0.73793,0.04248,1.3231,-2.0521,1.7118,16.111,-32.864,-1.7082
-0.24893,-0.73891,0.17607,1.3418,-2.0976,1.7525,17.389,-32.19,-1.9934
-0.092087,-0.84668,0.043625,1.3606,-2.1284,1.7885,17.389,-32.19,-1.9934
-0.052567,-0.94626,0.001801,1.3755,-2.1527,1.827,18.042,-31.829,-1.9853
-0.081543,-1.1341,-0.065231,1.3868,-2.1701,1.8555,18.576,-31.534,-1.7494
-0.17679,-1.1058,0.049591,1.391,-2.1686,1.855,18.576,-31.534,-1.7494
-0.27603,-1.0953,0.102,1.397,-2.1363,1.8218,18.941,-31.323,-1.6283
-0.46019,-1.1699,0.13184,1.3986,-2.1081,1.7911,19.019,-31.241,-2.1962
-0.63402,-1.1112,0.042267,1.3972,-2.0566,1.7299,19.019,-31.241,-2.1962
-0.63553,-1.0697,0.11153,1.3879,-2.0253,1.6763,18.786,-31.349,-2.6168
-0.26152,-0.91009,0.047043,1.3837,-2.0186,1.6659,18.786,-31.349,-2.6168
0.26744,-0.84955,-0.16277,1.3667,-1.9863,1.6458,18.488,-31.493,-2.9888
0.38983,-0.90858,-0.25928,1.3582,-1.9851,1.6605,17.886,-31.867,-2.6672
0.38257,-1.2684,-0.10338,1.3398,-1.9919,1.7114,17.801,-31.983,-1.6583
0.38275,-1.7619,-0.19284,1.3128,-1.9901,1.7567,17.801,-31.983,-1.6583
0.2061,-1.8347,-0.15889,1.28,-1.9478,1.745,16.409,-32.746,0.99711
-0.056503,-1.8645,0.11971,1.2348,-1.8879,1.7068,16.409,-32.746,0.99711
0.11739,-1.6565,-0.051697,1.2094,-1.8703,1.6975,15.026,-33.382,1.5462
0.14693,-1.5029,-0.23406,1.1698,-1.8483,1.6912,13.3,-34.077,2.0972
0.081207,-1.2173,-0.27176,1.1577,-1.8325,1.6843,12.027,-34.513,2.5942
-0.005356,-1.0899,-0.16753,1.1352,-1.7705,1.6461,12.027,-34.513,2.5942
-0.11525,-0.86229,-0.021164,1.122,-1.7475,1.6324,10.662,-34.955,2.6479
-0.18538,-0.73018,-0.013565,1.1135,-1.7424,1.6326,10.043,-35.133,2.7113
-0.16219,-0.70372,-0.047729,1.0992,-1.732,1.6377,10.043,-35.133,2.7113
-0.18103,-0.60802,-0.068802,1.0938,-1.7247,1.6394,9.4709,-35.268,2.9972
-0.17688,-0.52698,-0.032028,1.0828,-1.6892,1.633,8.6975,-35.426,3.451
-0.17209,-0.47168,-0.04277,1.0781,-1.6573,1.6194,8.6975,-35.426,3.451
-0.19199,-0.45911,-0.10846,1.0763,-1.6389,1.6109,8.4324,-35.488,3.4691
-0.20241,-0.46509,-0.15025,1.0737,-1.6001,1.59,8.0432,-35.604,3.195
-0.21249,-0.48821,-0.14949,1.072,-1.5828,1.5804,8.0432,-35.604,3.195
-0.17709,-0.57083,-0.15181,1.0663,-1.5588,1.5718,7.8281,-35.66,3.1002
-0.18108,-0.58842,-0.1707,1.0592,-1.5457,1.5731,7.5412,-35.713,3.1955
-0.27966,-0.62505,-0.27269,1.0535,-1.5347,1.5761,7.5412,-35.713,3.1955
-0.39911,-0.73956,-0.31084,1.0528,-1.5221,1.5766,7.2676,-35.756,3.3497
-0.36397,-0.85844,-0.22414,1.055,-1.5178,1.5768,6.9884,-35.855,2.8455
-0.33276,-0.91771,-0.36108,1.0779,-1.4559,1.5245,6.9884,-35.855,2.8455
-0.46152,-1.0638,-0.12437,1.1053,-1.3738,1.453,7.332,-35.777,2.9558
-0.2442,-1.4427,-0.25583,1.1274,-1.3703,1.4559,7.9414,-35.634,3.1071
-0.2014,-1.6102,-0.25014,1.1445,-1.3878,1.4739,7.9414,-35.634,3.1071
-0.43658,-1.3722,-0.25572,1.1483,-1.3927,1.4837,9.1925,-35.268,3.7674
-0.54538,-1.2228,-0.38051,1.1447,-1.4055,1.5129,9.1538,-35.225,4.2319
-0.63554,-0.96049,-0.46129,1.1389,-1.4095,1.5257,9.1538,-35.225,4.2319
-0.34758,-0.90784,-0.26538,1.1166,-1.3958,1.5089,8.2072,-35.419,4.5413
-0.091827,-1.1183,-0.17722,1.1055,-1.4204,1.5148,7.8592,-35.536,4.2391
0.56049,-1.5086,-0.40671,1.1023,-1.4491,1.5303,7.8592,-35.536,4.2391
0.49589,-1.551,-0.052811,1.1007,-1.4863,1.5433,7.665,-35.556,4.4241
0.47163,-1.7887,0.23145,1.1002,-1.4804,1.5302,7.725,-35.55,4.3638
0.17555,-1.7401,0.12947,1.0966,-1.4787,1.501,7.725,-35.55,4.3638
-0.16628,-1.2221,0.37625,1.099,-1.4904,1.4786,7.9155,-35.641,3.0983
-0.14772,-0.94974,0.27098,1.1172,-1.5394,1.4764,8.0464,-35.661,2.4683
-0.085236,-0.6535,0.10825,1.1246,-1.5393,1.4151,8.0464,-35.661,2.4683
-0.25635,-0.55261,0.071198,1.1293,-1.5371,1.39,8.3739,-35.653,1.1352
-0.34386,-0.54576,0.075348,1.1406,-1.5476,1.3648,9.1714,-35.469,-0.62637
-0.33665,-0.65544,-0.097733,1.1474,-1.5613,1.3622,9.1714,-35.469,-0.62637
-0.29761,-0.80928,-0.10794,1.1733,-1.6085,1.3744,9.6813,-35.327,-0.90695
-0.21753,-1.0412,0.093353,1.1929,-1.6534,1.4048,10.996,-34.944,-0.7155
-0.019318,-0.97105,0.04007,1.2012,-1.6785,1.4245,10.996,-34.944,-0.7155
0.035538,-0.89662,0.001663,1.2171,-1.7108,1.4532,10.996,-34.944,-0.7155
0.072357,-0.75642,-0.02121,1.2248,-1.7145,1.4569,12.135,-34.571,-0.37366
0.033432,-0.66322,-0.042694,1.2471,-1.7058,1.4472,12.135,-34.571,-0.37366
-0.012268,-0.66618,-0.053528,1.26,-1.7074,1.4436,12.643,-34.386,-0.52243
-0.083481,-0.74542,-0.052094,1.2666,-1.708,1.4397,13.524,-34.042,-0.88815
-0.14743,-0.84593,-0.012894,1.282,-1.7047,1.4263,13.524,-34.042,-0.88815
-0.21152,-0.89226,-0.018204,1.2908,-1.7021,1.419,14.031,-33.825,-1.2238
-0.37106,-0.93632,-0.004684,1.31,-1.7039,1.4116,14.031,-33.825,-1.2238
-0.49886,-0.95309,-0.020142,1.339,-1.762,1.4461,14.613,-33.565,-1.541
-0.48299,-0.91527,0.004929,1.3485,-1.7979,1.472,15.924,-32.946,-1.88
-0.37589,-0.83942,0.15956,1.3687,-1.8596,1.5184,15.924,-32.946,-1.88
-0.26826,-0.94411,0.037964,1.3793,-1.8773,1.5327,16.642,-32.583,-1.9824
-0.23663,-1.0206,-0.05838,1.397,-1.9067,1.5627,17.902,-31.901,-2.0861
-0.19339,-1.1546,-0.019012,1.4037,-1.9167,1.576,17.902,-31.901,-2.0861
-0.15242,-1.2276,0.10541,1.4159,-1.9025,1.5714,17.902,-31.901,-2.0861
-0.25146,-1.2898,-0.036163,1.4158,-1.8369,1.5121,18.466,-31.584,-2.0035
-0.40955,-1.2357,0.075424,1.4138,-1.7937,1.4732,18.466,-31.584,-2.0035
-0.43794,-1.164,0.07489,1.4077,-1.7165,1.4008,18.371,-31.629,-2.1506
-0.34076,-1.0207,0.007736,1.4039,-1.6914,1.3776,17.898,-31.874,-2.4917
-0.069031,-0.91451,0.14893,1.3883,-1.6604,1.3558,17.898,-31.874,-2.4917
0.10365,-0.90456,0.051498,1.3644,-1.6732,1.4104,17.187,-32.272,-2.368
0.27707,-0.98293,-0.24876,1.3567,-1.6802,1.4398,16.898,-32.466,-1.7188
0.34416,-1.2373,-0.21594,1.3354,-1.6915,1.5039,16.898,-32.466,-1.7188
0.31927,-1.4098,-0.053329,1.3226,-1.687,1.5238,15.902,-33.001,0.75106
0.17432,-1.6836,0.001877,1.2896,-1.6681,1.5407,14.91,-33.425,1.7266
0.19115,-1.7787,-0.14333,1.2497,-1.6514,1.5515,14.91,-33.425,1.7266
0.29329,-1.6181,-0.23315,1.2141,-1.6358,1.5641,13.589,-33.946,2.346
0.17453,-1.2887,-0.17294,1.1932,-1.6076,1.5562,12.195,-34.423,2.9731
-0.034698,-0.97076,-0.086884,1.1863,-1.5894,1.5419,12.195,-34.423,2.9731
-0.084366,-0.86627,-0.068024,1.1735,-1.5566,1.508,10.687,-34.905,3.1588
-0.23001,-0.68298,-0.078751,1.1651,-1.5476,1.498,10.179,-35.091,2.7418
-0.22987,-0.60732,-0.11529,1.1443,-1.5328,1.4891,10.179,-35.091,2.7418
-0.21597,-0.57459,-0.12489,1.1352,-1.5125,1.4759,9.1648,-35.383,2.5654
-0.29033,-0.51701,-0.07193,1.1326,-1.4998,1.4677,8.8616,-35.47,2.4243
-0.27235,-0.52829,-0.093338,1.1282,-1.4789,1.4565,8.8616,-35.47,2.4243
-0.2247,-0.52571,-0.12503,1.1256,-1.4723,1.4551,8.7039,-35.517,2.2981
-0.24765,-0.50172,-0.10866,1.1204,-1.4594,1.456,8.2907,-35.606,2.4449
-0.21896,-0.49651,-0.11005,1.1096,-1.4374,1.4608,8.2907,-35.606,2.4449
-0.24246,-0.48491,-0.18474,1.1056,-1.4273,1.4599,7.9955,-35.661,2.6268
-0.2848,-0.48746,-0.13414,1.099,-1.4041,1.4567,7.6671,-35.725,2.7276
-0.26334,-0.5116,-0.16934,1.0969,-1.3933,1.4558,7.6671,-35.725,2.7276
-0.26625,-0.57254,-0.36539,1.0972,-1.3744,1.4559,7.4014,-35.775,2.8036
-0.23886,-0.65002,-0.35797,1.1055,-1.3544,1.4576,7.4034,-35.747,3.1412
-0.16852,-0.75551,-0.44171,1.1189,-1.3443,1.463,7.4034,-35.747,3.1412
-0.20732,-1.0411,-0.1053,1.1373,-1.3422,1.4705,7.7517,-35.646,3.4379
-0.1852,-1.5473,-0.13496,1.1467,-1.3497,1.4793,8.8279,-35.315,4.18
-0.16783,-1.9274,-0.24477,1.1618,-1.3911,1.5125,8.8279,-35.315,4.18
-0.50526,-1.5672,-0.34138,1.166,-1.414,1.5312,9.2838,-35.136,4.6664
-0.47612,-1.4661,-0.28432,1.1533,-1.4673,1.5837,9.3423,-35.059,5.1128
-0.26639,-1.5447,-0.28011,1.1372,-1.4844,1.5826,9.3423,-35.059,5.1128
0.35969,-1.6019,-0.21692,1.1312,-1.4962,1.5791,8.3667,-35.291,5.2013
0.86653,-1.6933,0.10797,1.1192,-1.5237,1.5753,8.1287,-35.394,4.8693
0.23601,-1.3784,0.33583,1.1131,-1.5187,1.5617,8.1287,-35.394,4.8693
-0.15303,-1.0671,0.1926,1.1025,-1.4945,1.5108,7.7997,-35.533,4.3729
-0.2901,-0.98613,0.19679,1.1037,-1.5546,1.4736,7.5998,-35.689,3.3277
-0.32417,-0.67647,0.22112,1.1058,-1.5803,1.4663,7.5998,-35.689,3.3277
-0.32111,-0.46985,0.013535,1.1124,-1.6231,1.4478,8.0868,-35.696,1.7066
-0.3723,-0.4599,0.020416,1.1157,-1.6412,1.443,8.4019,-35.651,0.95181
-0.40721,-0.60205,0.04631,1.1233,-1.6738,1.4417,8.4019,-35.651,0.95181
-0.29985,-0.9467,-0.005219,1.137,-1.714,1.4557,9.0907,-35.493,0.33767
-0.20798,-1.1317,0.010345,1.1546,-1.7637,1.4911,9.8029,-35.303,0.30463
-0.083786,-1.2034,0.14442,1.1731,-1.8142,1.5392,9.8029,-35.303,0.30463
0.068085,-1.0607,0.034836,1.1811,-1.8344,1.5602,10.586,-35.071,0.71735
0.11116,-0.94012,0.007111,1.1967,-1.8509,1.5822,11.848,-34.648,1.2789
0.099945,-0.80078,-0.011765,1.2057,-1.8482,1.5836,11.848,-34.648,1.2789
0.010849,-0.7898,0.018051,1.222,-1.8381,1.583,12.258,-34.507,1.2506
-0.02916,-0.80737,0.022186,1.2312,-1.8472,1.5909,12.593,-34.386,1.2427
-0.14664,-0.85554,0.003906,1.2364,-1.8531,1.5943,12.593,-34.386,1.2427
-0.25056,-0.94659,0.021515,1.2489,-1.8598,1.5926,12.933,-34.26,1.225
-0.28149,-0.99449,0.034698,1.2574,-1.8566,1.5843,13.779,-33.944,0.70703
-0.28377,-0.9285,0.11585,1.2726,-1.852,1.5708,13.779,-33.944,0.70703
-0.27153,-0.83464,0.078552,1.2946,-1.8452,1.5572,14.122,-33.809,0.23895
-0.26257,-0.71927,0.038284,1.3031,-1.8396,1.5526,14.575,-33.617,-0.052577
-0.18567,-0.62917,0.072571,1.3238,-1.8273,1.545,14.575,-33.617,-0.052577
-0.12851,-0.62772,0.046021,1.3344,-1.8217,1.5434,15.758,-33.076,-0.4041
-0.005386,-0.74535,-0.070267,1.3546,-1.8176,1.552,16.431,-32.748,-0.37523
0.024887,-0.9234,0.032089,1.373,-1.8185,1.5656,16.431,-32.748,-0.37523
0.005554,-1.0467,0.030609,1.3873,-1.8122,1.564,17.602,-32.135,-0.15418
-0.33609,-1.3235,0.13423,1.3936,-1.7968,1.5431,17.87,-31.986,-0.30793
-0.55769,-1.2893,0.14658,1.3934,-1.7891,1.5277,17.87,-31.986,-0.30793
-0.63397,-1.1605,0.087723,1.388,-1.7802,1.4997,17.859,-31.986,-0.70729
-0.46953,-0.864,-0.00267,1.3844,-1.7758,1.4834,17.625,-32.102,-1.1584
-0.019135,-0.77904,0.060989,1.3746,-1.7588,1.4444,17.625,-32.102,-1.1584
0.19104,-0.83278,-0.10692,1.3583,-1.7468,1.4484,16.681,-32.56,-2.0244
0.28775,-1.0116,-0.27036,1.3547,-1.7425,1.4647,16.343,-32.764,-1.4095
0.38281,-1.4332,-0.12628,1.3335,-1.7635,1.5397,16.343,-32.764,-1.4095
0.39976,-1.7219,-0.13507,1.3199,-1.7668,1.5691,20.458,-30.139,-3.9533
0.080154,-1.9999,0.013519,1.2837,-1.7504,1.5937,20.458,-30.139,-3.9533
0.066116,-1.9983,0.16759,1.2361,-1.7245,1.607,18.885,-31.377,-1.159
0.31891,-2.0046,-0.14983,1.1896,-1.7378,1.6493,17.41,-32.24,-0.053367
0.23802,-1.4746,-0.34499,1.1655,-1.7399,1.6612,15.367,-33.234,1.3727
0.091263,-1.2361,-0.27454,1.1594,-1.7257,1.6454,15.367,-33.234,1.3727
-0.15836,-0.90782,-0.10718,1.1481,-1.6927,1.6009,11.56,-33.649,3.7506
-0.30885,-0.76268,-0.036896,1.1285,-1.6814,1.5749,11.56,-33.649,3.7506
-0.37486,-0.71808,-0.001587,1.1086,-1.6861,1.5722,10.968,-33.903,3.2047
-0.38071,-0.66057,-0.010574,1.0931,-1.6865,1.574,10.282,-34.132,3.0466
-0.41277,-0.60396,0.039261,1.0876,-1.6818,1.5734,9.2938,-34.397,3.2323
-0.37827,-0.55893,0.039017,1.0803,-1.6607,1.5643,9.2938,-34.397,3.2323
-0.25767,-0.47551,-0.028687,1.0782,-1.6454,1.5562,9.0109,-34.474,3.2171
-0.16762,-0.43915,-0.10204,1.0756,-1.5763,1.5202,8.841,-34.53,3.0853
-0.18161,-0.42319,-0.092407,1.0736,-1.5214,1.4939,8.841,-34.53,3.0853
-0.1779,-0.43068,-0.16556,1.0719,-1.4964,1.4831,8.5612,-34.628,2.7549
-0.12154,-0.41962,-0.20793,1.0672,-1.4526,1.467,8.3718,-34.679,2.6952
-0.092941,-0.4173,-0.20241,1.0647,-1.4321,1.4602,8.3718,-34.679,2.6952
-0.10165,-0.48549,-0.34711,1.0612,-1.3954,1.4488,8.0202,-34.761,2.7059
-0.20215,-0.5681,-0.36208,1.062,-1.3675,1.4441,8.0202,-34.761,2.7059
-0.25034,-0.76475,-0.24844,1.0684,-1.3571,1.4511,8.0266,-34.748,2.8483
-0.22891,-1.0099,-0.28484,1.0791,-1.3659,1.4655,8.2,-34.68,3.1652
-0.293,-1.2106,-0.22694,1.0906,-1.3604,1.4631,8.4647,-34.58,3.5388
-0.35611,-1.6527,-0.15338,1.1047,-1.3696,1.4781,8.4647,-34.58,3.5388
-0.49297,-1.5502,-0.1373,1.1189,-1.3834,1.4934,9.3013,-34.281,4.2722
-0.56343,-1.3761,-0.24049,1.1242,-1.3866,1.5003,9.3013,-34.281,4.2722
-0.58376,-1.1212,-0.56329,1.1169,-1.3846,1.5081,9.6137,-34.168,4.4852
-0.51515,-0.91325,-0.78536,1.1111,-1.38,1.5074,9.4519,-34.19,4.6533
-0.44994,-0.88914,-0.63756,1.0964,-1.3716,1.5001,8.5612,-34.448,4.4765
0.14645,-1.359,-0.26559,1.0881,-1.3708,1.4989,8.5612,-34.448,4.4765
0.44995,-1.5182,-0.088348,1.0737,-1.3974,1.5156,8.0235,-34.583,4.4284
0.46919,-1.4383,-0.039413,1.0741,-1.4773,1.545,8.0235,-34.583,4.4284
0.54954,-1.6597,0.14012,1.0759,-1.4842,1.5307,8.1367,-34.549,4.4843
0.037964,-1.5905,0.30393,1.0801,-1.4883,1.5005,8.1367,-34.549,4.4843
-0.023438,-1.3277,0.35237,1.085,-1.5057,1.495,8.1367,-34.549,4.4843
-0.13968,-0.85695,0.2079,1.0927,-1.5556,1.4791,8.8942,-34.514,3.1039
-0.19168,-0.69176,0.14363,1.1035,-1.5845,1.4338,9.3456,-34.464,2.2101
-0.30025,-0.5482,0.014893,1.1159,-1.6095,1.3958,9.3456,-34.464,2.2101
-0.37277,-0.558,0.05101,1.1301,-1.6473,1.3875,10.283,-34.266,-0.30404
-0.3773,-0.59856,0.077591,1.1383,-1.6722,1.3939,10.758,-34.11,-0.85874
-0.2792,-0.81453,0.016068,1.1571,-1.7301,1.423,10.758,-34.11,-0.85874
-0.11968,-0.93639,0.076614,1.1785,-1.7874,1.4651,11.365,-33.909,-1.0028
-0.037766,-0.9538,0.076294,1.1997,-1.8382,1.5096,12.941,-33.349,-0.59619
0.041092,-0.84572,0.048309,1.2172,-1.8675,1.5389,12.941,-33.349,-0.59619
0.043243,-0.73308,0.014816,1.2244,-1.8765,1.5493,13.661,-33.063,-0.41926
0.042633,-0.69385,0.046494,1.2371,-1.8913,1.5644,14.213,-32.831,-0.30348
-0.09465,-0.6985,0.058533,1.2432,-1.8979,1.5704,14.213,-32.831,-0.30348
-0.14044,-0.8152,0.073334,1.2557,-1.9087,1.5773,14.661,-32.634,-0.29201
-0.17409,-0.85826,0.0746,1.2776,-1.9102,1.5705,14.661,-32.634,-0.29201
-0.31316,-1.0247,0.064697,1.2858,-1.9107,1.568,15.496,-32.241,-0.5868
-0.44005,-1.0573,0.023483,1.2993,-1.9315,1.5793,15.943,-32.016,-0.8827
-0.48636,-0.99362,0.059219,1.3045,-1.9521,1.5947,16.545,-31.701,-1.14
-0.46843,-0.86172,0.15962,1.313,-1.9969,1.6332,16.545,-31.701,-1.14
-0.39757,-0.80693,0.02655,1.3128,-2.0279,1.6605,16.853,-31.541,-1.0564
-0.36713,-0.82753,-0.027252,1.3179,-2.032,1.6652,17.296,-31.3,-1.0603
-0.2991,-0.99204,0.048187,1.317,-1.9383,1.5777,17.296,-31.3,-1.0603
-0.29094,-1.2272,0.12337,1.3126,-1.8892,1.5335,17.8,-31.012,-1.1891
-0.32748,-1.3063,0.11859,1.3109,-1.8514,1.5094,17.777,-31.025,-1.1668
-0.31845,-1.2718,0.19598,1.3045,-1.8061,1.4879,17.777,-31.025,-1.1668
-0.24094,-1.318,0.11937,1.296,-1.7672,1.4764,17.61,-31.129,-0.92836
-0.037491,-1.4557,0.03334,1.2839,-1.7546,1.493,17.37,-31.273,-0.5128
0.28268,-1.4296,-0.19856,1.275,-1.7568,1.5119,17.37,-31.273,-0.5128
0.315,-1.281,-0.15721,1.2495,-1.7502,1.5416,16.606,-31.674,0.99187
0.19839,-1.2711,-0.1002,1.2337,-1.7315,1.5433,15.774,-32.051,1.9808
0.083282,-1.537,-0.057251,1.1964,-1.6861,1.536,15.774,-32.051,1.9808
0.099777,-1.627,-0.064896,1.1425,-1.6486,1.5397,13.215,-33.085,3.2714
0.20512,-1.6116,-0.15774,1.1297,-1.6412,1.5447,12.032,-33.481,3.7743
0.29304,-1.4493,-0.42793,1.1155,-1.6234,1.547,12.032,-33.481,3.7743
0.28036,-1.3145,-0.41917,1.1114,-1.61,1.5413,11.31,-33.683,4.185
0.094788,-0.97496,-0.1268,1.1027,-1.5815,1.5207,10.602,-33.93,4.0439
-0.009445,-0.80641,-0.044693,1.1014,-1.5605,1.4993,10.602,-33.93,4.0439
-0.049103,-0.75772,-0.034576,1.0871,-1.5638,1.4995,10.121,-34.1,3.8366
-0.30348,-0.64955,-7.6e-05,1.0786,-1.5671,1.5025,9.6708,-34.231,3.8335
-0.43875,-0.59271,0.03183,1.0759,-1.5655,1.5005,9.6708,-34.231,3.8335
-0.44142,-0.55953,0.033768,1.0703,-1.5539,1.4881,9.4151,-34.298,3.8707
-0.39539,-0.47357,-0.048309,1.0666,-1.545,1.4803,9.0091,-34.445,3.5129
-0.36285,-0.44432,-0.073349,1.0555,-1.5029,1.4554,9.0091,-34.445,3.5129
-0.24912,-0.4451,-0.097763,1.05,-1.4633,1.4341,8.726,-34.534,3.3521
-0.16972,-0.46037,-0.20201,1.0482,-1.443,1.4232,8.3278,-34.667,2.9666
-0.13521,-0.4837,-0.22113,1.0459,-1.4041,1.4048,8.3278,-34.667,2.9666
-0.20567,-0.5258,-0.20381,1.0454,-1.387,1.3987,8.2416,-34.698,2.8487
-0.30255,-0.52789,-0.24338,1.0469,-1.3614,1.3938,8.2252,-34.697,2.9
-0.30925,-0.54198,-0.31677,1.0553,-1.3455,1.3977,8.2252,-34.697,2.9
-0.26805,-0.59837,-0.43076,1.0598,-1.3428,1.3983,8.4965,-34.599,3.2746
-0.24702,-0.80986,-0.39586,1.0711,-1.3378,1.3979,8.8302,-34.502,3.4079
-0.32765,-1.012,-0.32645,1.0808,-1.314,1.3785,8.8302,-34.502,3.4079
-0.33932,-1.7412,-0.21742,1.095,-1.3187,1.3841,9.2572,-34.375,3.5537
-0.46822,-1.6571,-0.28232,1.1078,-1.3405,1.3992,9.7126,-34.225,3.781
-0.5405,-1.4718,-0.44493,1.1113,-1.3679,1.4244,9.7126,-34.225,3.781
-0.52673,-1.1447,-0.77292,1.0976,-1.385,1.443,10.091,-34.039,4.4191
-0.40302,-1.2244,-0.6537,1.0888,-1.3802,1.4334,9.5651,-34.178,4.513
0.25647,-1.5089,-0.1942,1.0744,-1.3836,1.4153,9.5651,-34.178,4.513
0.84061,-1.7693,-0.20232,1.0703,-1.3971,1.414,9.1371,-34.366,3.9294
0.6967,-1.6145,-0.007217,1.0634,-1.4098,1.3955,8.9167,-34.496,3.2396
0.096268,-1.5704,0.29326,1.0589,-1.4013,1.3572,8.9167,-34.496,3.2396
-0.21533,-1.2117,0.2021,1.061,-1.4177,1.3457,8.8698,-34.574,2.4435
-0.22697,-1.032,0.11989,1.0685,-1.4604,1.3281,9.4858,-34.488,0.77062
-0.27193,-0.49034,0.022446,1.0735,-1.4768,1.313,9.4858,-34.488,0.77062
-0.27621,-0.44502,-0.043869,1.0849,-1.5021,1.2863,9.9386,-34.368,-0.22084
-0.28351,-0.48523,0.020233,1.103,-1.5466,1.2787,10.32,-34.246,-0.84837
-0.3063,-0.7413,0.084854,1.1107,-1.5646,1.2853,10.32,-34.246,-0.84837
-0.12982,-1.1268,-0.013748,1.129,-1.6077,1.3124,10.744,-34.107,-1.1298
-0.074295,-1.223,0.039703,1.1386,-1.6313,1.3317,11.963,-33.71,-0.70617
0.051163,-1.1242,0.078979,1.1585,-1.6738,1.3722,11.963,-33.71,-0.70617
0.11519,-0.88065,0.027039,1.1802,-1.6957,1.3948,12.684,-33.452,-0.27878
0.13763,-0.79942,0.01767,1.1949,-1.6954,1.399,13.298,-33.213,-0.10095
0.106,-0.67918,-0.013535,1.2082,-1.6925,1.3972,13.298,-33.213,-0.10095
0.03093,-0.70195,-0.022003,1.2149,-1.694,1.3977,14.224,-32.827,-0.12417
-0.024017,-0.73189,-0.022141,1.2299,-1.699,1.398,14.224,-32.827,-0.12417
-0.12648,-0.86566,0.013214,1.2384,-1.7004,1.3952,14.692,-32.62,-0.20537
-0.16162,-0.95329,0.039154,1.2667,-1.7029,1.3817,15.806,-32.087,-0.7514
-0.22298,-0.96838,0.051743,1.2866,-1.7108,1.3787,16.408,-31.774,-1.0736
-0.28862,-0.95711,0.060318,1.2962,-1.7182,1.3814,16.408,-31.774,-1.0736
-0.29417,-0.90707,0.088928,1.3111,-1.7361,1.3905,15.437,-32.261,-0.94226
-0.27293,-0.79256,0.10033,1.3203,-1.7407,1.3917,15.98,-31.99,-1.1231
-0.2122,-0.83105,0.081757,1.3375,-1.7457,1.395,15.98,-31.99,-1.1231
-0.17114,-0.88896,0.017242,1.3452,-1.7456,1.3959,17.051,-31.425,-1.3084
-0.082047,-1.0639,0.061447,1.3673,-1.7315,1.3868,21.433,-30.15,-5.2588
-0.071396,-1.1987,-0.070007,1.3772,-1.7186,1.3757,21.433,-30.15,-5.2588
-0.13435,-1.209,-0.075287,1.3807,-1.7068,1.364,21.612,-30.019,-5.2759
-0.27154,-1.1414,0.075348,1.3838,-1.6701,1.3268,21.88,-29.758,-5.6347
-0.34804,-1.0995,0.10945,1.3812,-1.6329,1.283,21.88,-29.758,-5.6347
-0.34444,-1.0451,0.10956,1.3704,-1.6267,1.2689,21.737,-29.791,-6.0024
-0.19784,-1.0357,0.10761,1.3569,-1.5908,1.2339,21.353,-30.009,-6.2904
0.13734,-1.097,-0.40904,1.3543,-1.653,1.3013,21.353,-30.009,-6.2904
0.31343,-1.1837,-0.5233,1.3385,-1.6764,1.3509,20.559,-30.725,-5.4185
0.32446,-1.4725,-0.095825,1.3272,-1.6923,1.3865,20.128,-31.207,-4.1334
0.26701,-1.6505,-0.10011,1.2813,-1.6925,1.4391,20.128,-31.207,-4.1334
0.026779,-1.8757,0.051117,1.235,-1.6804,1.4536,19.407,-31.79,-2.9705
0.054596,-1.733,-0.044159,1.2097,-1.681,1.4654,16.586,-33.451,-1.4127
0.094574,-1.624,-0.17781,1.167,-1.6855,1.4811,16.586,-33.451,-1.4127
0.15871,-1.2468,-0.32066,1.1528,-1.6818,1.4786,15.26,-34.092,-0.94943
0.016724,-0.94927,-0.17589,1.1278,-1.6529,1.4463,15.26,-34.092,-0.94943
-0.089294,-0.84041,-0.13045,1.1115,-1.6342,1.4257,14.486,-34.425,-1.0678
-0.23863,-0.70598,-0.05719,1.1026,-1.6287,1.4197,13.369,-34.853,-1.6052
-0.32793,-0.66341,-0.093613,1.087,-1.6248,1.4171,13.369,-34.853,-1.6052
-0.38028,-0.62883,-0.060013,1.0815,-1.6212,1.4155,12.776,-35.073,-1.6543
-0.4249,-0.51842,-0.015305,1.0738,-1.6034,1.4057,12.131,-35.301,-1.6658
-0.35516,-0.53082,-0.033691,1.0652,-1.5635,1.3873,12.131,-35.301,-1.6658
-0.25967,-0.5312,-0.057465,1.0615,-1.5455,1.3808,12.131,-35.301,-1.6658
-0.14258,-0.52452,-0.11049,1.0526,-1.5059,1.3726,11.767,-35.425,-1.6273
-0.1141,-0.52212,-0.09903,1.0467,-1.4855,1.3706,11.767,-35.425,-1.6273
-0.039642,-0.50465,-0.143,1.0328,-1.4461,1.366,11.501,-35.523,-1.3707
-0.043091,-0.53572,-0.25887,1.025,-1.4271,1.3638,10.615,-35.814,-0.84258
-0.18042,-0.65866,-0.30333,1.0049,-1.3752,1.364,10.615,-35.814,-0.84258
-0.2552,-0.68593,-0.15051,0.99897,-1.3567,1.3754,10.153,-35.953,-0.57188
-0.36235,-0.69754,-0.19429,0.99916,-1.3537,1.3844,9.8314,-36.047,-0.18349
-0.34642,-0.71234,-0.29193,1.0054,-1.352,1.4003,9.8314,-36.047,-0.18349
-0.30499,-0.76427,-0.33566,1.0109,-1.3509,1.4053,9.9284,-36.011,0.84369
-0.44182,-1.088,-0.16753,1.0275,-1.3471,1.4116,10.377,-35.874,1.2036
-0.46169,-1.2903,-0.070129,1.066,-1.3385,1.4154,10.377,-35.874,1.2036
-0.33304,-1.5208,-0.15379,1.0789,-1.3447,1.4234,12.003,-35.33,1.9374
-0.50233,-1.4173,-0.23138,1.0955,-1.3653,1.4488,12.003,-35.33,1.9374
-0.58458,-1.3158,-0.42494,1.0969,-1.3743,1.4625,12.003,-35.33,1.9374
-0.51576,-0.99507,-0.55191,1.0879,-1.3994,1.4962,12.768,-34.984,3.0223
-0.27071,-1.0299,-0.45392,1.0718,-1.4178,1.5118,12.295,-35.103,3.5551
0.34875,-1.4196,0.009583,1.0597,-1.4347,1.5124,12.295,-35.103,3.5551
0.83426,-1.9202,-0.45787,1.0551,-1.4771,1.5316,11.408,-35.421,3.359
0.77676,-1.8444,-0.27591,1.0534,-1.492,1.5368,7.5439,-34.76,4.4481
0.3035,-1.8831,0.24971,1.0482,-1.4761,1.5103,7.5439,-34.76,4.4481
-0.11646,-1.3502,0.33066,1.0459,-1.4741,1.4917,7.4683,-34.809,4.1882
-0.095963,-1.0994,0.33031,1.0474,-1.5271,1.4584,7.6992,-34.915,2.571
-0.086426,-0.61183,0.078568,1.0536,-1.5519,1.4235,7.6992,-34.915,2.571
-0.24155,-0.48027,0.026031,1.0579,-1.5577,1.4042,7.9714,-34.909,1.6698
-0.28871,-0.52492,0.033936,1.0683,-1.5767,1.3798,8.3391,-34.857,0.62659
-0.30777,-0.6283,0.084915,1.0748,-1.5934,1.3775,8.3391,-34.857,0.62659
-0.23962,-0.92921,0.029663,1.0905,-1.639,1.3948,8.736,-34.766,-0.071397
-0.16655,-1.0408,0.042938,1.1158,-1.7282,1.4575,9.8578,-34.464,-0.04475
-0.038559,-1.0898,0.11475,1.1241,-1.7585,1.4819,9.8578,-34.464,-0.04475
0.018173,-0.9677,0.075455,1.1394,-1.8055,1.5204,10.511,-34.269,0.3779
0.036957,-0.88681,0.014557,1.1478,-1.82,1.5312,11.714,-33.867,0.88827
0.007507,-0.73412,0.027939,1.1615,-1.8339,1.5395,11.714,-33.867,0.88827
-0.016586,-0.70975,-0.032867,1.1741,-1.8418,1.54,12.193,-33.7,0.79133
-0.065292,-0.7545,-0.041824,1.1863,-1.8496,1.5378,12.611,-33.55,0.58691
-0.11563,-0.8177,-0.046875,1.1991,-1.8538,1.5322,12.611,-33.55,0.58691
-0.13747,-0.87465,-0.044373,1.2058,-1.8541,1.5271,13.409,-33.244,0.00931
-0.19872,-0.97551,-0.038788,1.2203,-1.8523,1.5139,13.805,-33.079,-0.38657
-0.33157,-0.96335,0.013916,1.234,-1.8421,1.4981,13.805,-33.079,-0.38657
-0.35532,-0.92451,0.052048,1.2571,-1.8527,1.4878,14.229,-32.892,-0.79376
-0.31137,-0.79773,0.19455,1.2749,-1.8671,1.49,20.821,-26.283,9.2402
-0.24681,-0.81384,0.068192,1.2845,-1.8717,1.4927,20.821,-26.283,9.2402
-0.23837,-0.84786,-0.018707,1.3027,-1.8751,1.499,21.921,-25.602,8.5863
-0.2374,-0.92168,0.00795,1.3105,-1.8747,1.5013,22.343,-25.239,8.573
-0.14062,-1.071,0.11369,1.322,-1.8737,1.5028,22.343,-25.239,8.573
-0.15181,-1.1499,-0.037964,1.335,-1.9044,1.5337,22.803,-24.842,8.5234
-0.30652,-1.2268,0.13393,1.335,-1.8869,1.5183,22.818,-24.853,8.4496
-0.36479,-1.2379,0.04863,1.3323,-1.8548,1.4863,22.818,-24.853,8.4496
-0.43311,-1.1922,0.099716,1.3296,-1.8437,1.4748,22.706,-24.987,8.3542
-0.32753,-1.0498,0.045578,1.3229,-1.833,1.4628,22.385,-25.325,8.2009
-0.14035,-0.98341,0.10287,1.313,-1.8147,1.4449,22.385,-25.325,8.2009
0.25516,-0.91348,-0.15219,1.3162,-1.8747,1.5239,22.168,-25.463,8.3623
0.33785,-1.1159,-0.26546,1.2957,-1.8884,1.5762,22.592,-24.54,9.8528
0.34506,-1.2834,-0.12692,1.2833,-1.8907,1.6025,22.592,-24.54,9.8528
0.34337,-1.6814,-0.096588,1.2545,-1.8666,1.6175,21.783,-24.678,11.235
0.077133,-1.8731,0.026413,1.2361,-1.845,1.6111,19.45,-25.523,13.416
0.057159,-1.8453,0.034943,1.1703,-1.7998,1.5954,19.45,-25.523,13.416
0.19566,-1.6274,-0.31924,1.1422,-1.7882,1.5887,18.002,-26.256,14.008
0.18935,-1.297,-0.31316,1.1354,-1.7784,1.5773,16.466,-27.122,14.247
-0.051727,-1.004,-0.15059,1.1341,-1.7501,1.5437,16.466,-27.122,14.247
-0.21664,-0.82407,-0.026154,1.1312,-1.7434,1.533,16.241,-27.423,13.926
-0.31367,-0.73131,-0.023117,1.1182,-1.7462,1.5266,16.004,-27.669,13.711
-0.33389,-0.69763,-0.009644,1.104,-1.7493,1.5313,16.004,-27.669,13.711
-0.35278,-0.65411,0.021652,1.1019,-1.7429,1.5311,15.497,-27.886,13.854
-0.32347,-0.55148,0.027283,1.0981,-1.7191,1.5276,15.157,-27.944,14.111
-0.24718,-0.574,-0.017654,1.0963,-1.704,1.5251,15.157,-27.944,14.111
-0.12115,-0.51219,-0.094223,1.0929,-1.6646,1.5141,14.693,-28.023,14.441
-0.096344,-0.50046,-0.14218,1.0921,-1.6382,1.5023,14.151,-28.154,14.726
-0.042831,-0.54927,-0.12926,1.0877,-1.5538,1.4601,14.151,-28.154,14.726
-0.032349,-0.58302,-0.17854,1.0813,-1.5131,1.4435,13.051,-28.601,14.878
-0.069107,-0.59921,-0.23572,1.0778,-1.4993,1.44,12.499,-28.785,14.998
-0.19775,-0.62567,-0.24629,1.0721,-1.479,1.4368,12.499,-28.785,14.998
-0.35318,-0.61609,-0.21085,1.0709,-1.4713,1.4358,12.026,-28.899,15.164
-0.40595,-0.60948,-0.25942,1.0762,-1.4616,1.4375,11.684,-28.899,15.43
-0.39418,-0.63661,-0.33044,1.0869,-1.4593,1.4362,11.684,-28.899,15.43
-0.32854,-0.75072,-0.41034,1.0937,-1.4589,1.4348,11.905,-28.774,15.495
-0.3737,-0.88336,-0.3213,1.1104,-1.4421,1.4181,12.799,-28.361,15.542
-0.36577,-1.2922,-0.15524,1.1197,-1.4446,1.4215,12.799,-28.361,15.542
-0.15692,-1.8243,-0.23059,1.1363,-1.4694,1.4445,13.305,-27.998,15.774
-0.29491,-1.652,-0.14619,1.1441,-1.4974,1.4733,13.687,-27.629,16.095
-0.65314,-1.2825,-0.3521,1.1351,-1.5189,1.5047,13.687,-27.629,16.095
-0.65421,-0.96408,-0.35384,1.1171,-1.5246,1.5146,13.54,-27.471,16.485
-0.47775,-0.98685,-0.15926,1.1092,-1.5207,1.5058,14.337,-24.112,15.906
0.23079,-1.3609,-0.38855,1.0954,-1.5323,1.4978,14.337,-24.112,15.906
0.57782,-1.5802,-0.29855,1.0906,-1.5504,1.5053,14.315,-24.358,15.546
0.56107,-1.5906,0.15923,1.0826,-1.5655,1.5083,14.447,-24.33,15.468
0.17302,-1.6206,0.084991,1.0767,-1.5426,1.4728,14.447,-24.33,15.468
-0.097778,-1.3572,0.2321,1.0772,-1.5481,1.4606,14.406,-24.803,14.738
-0.25392,-0.92659,0.19363,1.0789,-1.5726,1.4363,15.019,-24.928,13.891
-0.29372,-0.63692,0.022858,1.0816,-1.5891,1.4199,15.019,-24.928,13.891
-0.31407,-0.60678,-0.039841,1.0898,-1.6093,1.3771,16.749,-25.18,11.198
-0.36713,-0.64574,0.054031,1.1076,-1.6423,1.3527,17.423,-25.098,10.319
-0.25436,-0.79958,0.005722,1.1156,-1.6624,1.3594,17.423,-25.098,10.319
-0.17302,-0.88448,-0.032242,1.1342,-1.7093,1.389,18.115,-24.781,9.8846
0.010406,-0.94527,0.058487,1.1448,-1.7313,1.4083,18.803,-24.288,9.8213
0.159,-0.86894,0.029922,1.1648,-1.7693,1.4474,18.803,-24.288,9.8213
0.23961,-0.76894,-0.025726,1.1935,-1.7928,1.4816,19.891,-23.212,10.271
0.2224,-0.73439,-0.018127,1.1935,-1.7928,1.4816,19.891,-23.212,10.271
0.12729,-0.67683,-0.023987,1.2169,-1.8108,1.5067,20.27,-22.784,10.486
0.061234,-0.70186,-0.04808,1.2229,-1.821,1.5157,20.61,-22.408,10.632
-0.095917,-0.77477,0.016891,1.2333,-1.8459,1.5325,21.3,-21.819,10.498
-0.13648,-0.82858,-0.004745,1.2384,-1.858,1.5379,21.3,-21.819,10.498
-0.27258,-0.98476,0.055664,1.2562,-1.8805,1.5361,21.689,-21.613,10.12
-0.38061,-1.0083,0.10588,1.2691,-1.8893,1.5296,22.491,-21.193,9.2154
-0.42247,-0.95784,0.084305,1.2751,-1.8963,1.5291,22.491,-21.193,9.2154
-0.45686,-0.854,0.063873,1.2865,-1.9106,1.531,22.825,-20.993,8.8462
-0.38516,-0.76942,0.12183,1.2928,-1.9135,1.5291,22.825,-20.993,8.8462
-0.30112,-0.77115,0.13937,1.3109,-1.9145,1.5272,23.198,-20.718,8.5176
-0.079788,-0.92789,-0.084793,1.34,-1.8931,1.5237,23.57,-20.365,8.3473
0.030136,-1.0813,0.035034,1.3502,-1.8818,1.5224,23.57,-20.365,8.3473
0.057098,-1.1918,0.051331,1.3638,-1.8644,1.5216,24.025,-19.641,8.7745
-0.05719,-1.2426,0.19441,1.3677,-1.855,1.5184,24.116,-19.387,9.0835
-0.48987,-1.2688,0.22418,1.3725,-1.8258,1.4962,24.116,-19.387,9.0835
-0.56203,-1.2626,0.1851,1.3723,-1.7982,1.4595,24.122,-19.294,9.2615
-0.5995,-1.0695,0.003418,1.3678,-1.7936,1.4358,24.204,-19.499,8.5948
-0.1787,-0.82771,-0.13226,1.3612,-1.7881,1.4145,24.204,-19.499,8.5948
0.1004,-0.75104,-0.12157,1.3563,-1.7867,1.4114,24.243,-19.666,8.0895
0.29175,-0.87285,-0.32457,1.3408,-1.7925,1.4364,23.633,-20.143,8.7008
0.24394,-1.0439,-0.16737,1.3323,-1.7915,1.4555,23.633,-20.143,8.7008
0.20827,-1.634,-0.1478,1.2916,-1.7898,1.523,23.633,-20.143,8.7008
0.04155,-1.9993,-0.017914,1.2533,-1.7704,1.542,21.8,-20.868,11.367
0.026245,-1.9979,0.10741,1.2301,-1.7567,1.5498,21.8,-20.868,11.367
0.25516,-1.9228,-0.079803,1.1843,-1.744,1.5759,20.548,-21.505,12.459
0.32417,-1.4275,-0.29767,1.1676,-1.7364,1.585,17.814,-22.621,14.522
0.27298,-1.2206,-0.26587,1.1468,-1.6948,1.5691,17.814,-22.621,14.522
0.099686,-0.92776,-0.17712,1.1244,-1.6296,1.5206,16.971,-23.054,14.848
-0.078766,-0.76906,-0.068817,1.1158,-1.6225,1.5152,16.353,-23.526,14.8
-0.15668,-0.69698,-0.042633,1.0999,-1.6162,1.5129,16.353,-23.526,14.8
-0.19408,-0.60207,-0.091812,1.0927,-1.6141,1.5133,15.428,-24.115,14.846
-0.32095,-0.50119,-0.00528,1.0812,-1.6058,1.5136,15.016,-24.293,14.977
