0.11981,-0.99063,-0.072876,1.4421,0.92536,-0.76687,-3.2825,-35.39,-31.177
0.12564,-0.98985,-0.077713,1.4418,0.92812,-0.76967,-3.2802,-35.395,-31.172
0.12941,-0.99182,-0.071686,1.4409,0.93501,-0.77661,-3.2257,-35.403,-31.168
0.12854,-0.99281,-0.075684,1.4398,0.94361,-0.78546,-3.2257,-35.403,-31.168
0.12672,-0.99376,-0.078659,1.4388,0.94922,-0.79153,-3.1728,-35.413,-31.162
0.12552,-0.98981,-0.071777,1.4376,0.95639,-0.7992,-3.1548,-35.421,-31.155
0.11435,-0.99353,-0.082886,1.4371,0.95841,-0.80151,-3.1548,-35.421,-31.155
0.10638,-0.9894,-0.074142,1.4365,0.9612,-0.80505,-3.138,-35.428,-31.149
0.11124,-0.98854,-0.078003,1.4363,0.96198,-0.80632,-3.1245,-35.434,-31.144
0.10852,-0.99144,-0.082016,1.4353,0.9654,-0.81123,-3.1245,-35.434,-31.144
0.10735,-0.99326,-0.070175,1.4348,0.96955,-0.81612,-3.1291,-35.431,-31.147
0.11694,-0.98576,-0.077881,1.4345,0.97185,-0.8188,-3.106,-35.452,-31.125
0.11034,-0.99048,-0.078018,1.4337,0.97501,-0.82281,-3.106,-35.452,-31.125
0.11031,-0.9924,-0.075043,1.4333,0.97594,-0.8241,-3.0972,-35.456,-31.121
0.10559,-0.9962,-0.075134,1.4328,0.97801,-0.82685,-3.0966,-35.456,-31.121
0.10458,-0.99034,-0.07814,1.4323,0.98094,-0.83058,-3.0966,-35.456,-31.121
0.10268,-0.99323,-0.076202,1.4323,0.98082,-0.83067,-3.0782,-35.469,-31.108
0.10547,-0.98746,-0.07811,1.4321,0.98092,-0.83105,-3.0937,-35.47,-31.106
0.11113,-0.98657,-0.075027,1.432,0.98083,-0.83094,-3.0937,-35.47,-31.106
0.12201,-0.99078,-0.084717,1.4317,0.98151,-0.83149,-3.0766,-35.47,-31.108
0.12871,-0.9948,-0.080612,1.431,0.98311,-0.83271,-3.0679,-35.469,-31.109
0.12489,-0.9947,-0.08168,1.4306,0.98603,-0.83515,-3.0679,-35.469,-31.109
0.11992,-0.98682,-0.081772,1.4303,0.98712,-0.83587,-2.9911,-35.473,-31.112
0.12082,-0.98779,-0.077805,1.4301,0.98688,-0.83558,-2.973,-35.475,-31.112
0.11716,-0.9926,-0.080841,1.43,0.98767,-0.83633,-2.973,-35.475,-31.112
0.11139,-0.99828,-0.075027,1.4299,0.98705,-0.83577,-2.9636,-35.467,-31.122
0.117,-0.98964,-0.076889,1.4301,0.98611,-0.83483,-2.9636,-35.467,-31.122
0.12088,-0.98877,-0.079788,1.4301,0.98576,-0.8343,-2.9752,-35.468,-31.119
0.12102,-0.98981,-0.084732,1.43,0.98545,-0.8339,-2.9758,-35.467,-31.12
0.11804,-0.99162,-0.078842,1.4299,0.98474,-0.83293,-2.9599,-35.459,-31.131
0.12181,-0.99168,-0.075821,1.4299,0.98469,-0.83281,-2.9599,-35.459,-31.131
0.12196,-0.98883,-0.084717,1.4298,0.9851,-0.8334,-2.9546,-35.463,-31.127
0.12772,-0.99574,-0.077667,1.4297,0.9852,-0.83359,-2.9546,-35.463,-31.127
0.1239,-1.0005,-0.075775,1.4296,0.98608,-0.83439,-2.96,-35.466,-31.123
0.116,-0.98863,-0.075928,1.4297,0.98593,-0.83402,-2.9598,-35.471,-31.117
0.12294,-0.98502,-0.08963,1.4299,0.98584,-0.83379,-2.9423,-35.476,-31.114
0.13617,-0.98523,-0.08046,1.4295,0.98454,-0.83237,-2.9423,-35.476,-31.114
0.13716,-0.9901,-0.077469,1.4286,0.98762,-0.83537,-2.9362,-35.455,-31.139
0.13237,-0.989,-0.078552,1.4284,0.9914,-0.83918,-2.8841,-35.473,-31.123
0.12291,-0.99274,-0.080719,1.4282,0.99279,-0.84088,-2.8841,-35.473,-31.123
0.11421,-0.99057,-0.079926,1.4282,0.99237,-0.84071,-2.8921,-35.482,-31.112
0.11612,-0.98772,-0.081848,1.4285,0.99028,-0.83925,-2.9163,-35.476,-31.116
0.11514,-0.98964,-0.07991,1.4287,0.98893,-0.8382,-2.9163,-35.476,-31.116
0.12288,-0.99464,-0.077759,1.429,0.98611,-0.83606,-2.971,-35.471,-31.117
0.1191,-0.99264,-0.081802,1.4291,0.98523,-0.83562,-2.9932,-35.469,-31.116
0.1161,-0.99158,-0.077896,1.4293,0.98495,-0.83548,-2.9932,-35.469,-31.116
0.11504,-0.98959,-0.074951,1.4295,0.98374,-0.83468,-3.0144,-35.471,-31.113
0.11231,-0.98859,-0.081924,1.4298,0.98321,-0.83427,-3.0339,-35.472,-31.109
0.117,-0.9906,-0.075912,1.4303,0.98089,-0.83216,-3.0339,-35.472,-31.109
0.11711,-0.99548,-0.075912,1.4309,0.97955,-0.83062,-3.0799,-35.465,-31.112
0.11995,-0.99263,-0.07782,1.4311,0.97835,-0.82928,-3.0799,-35.465,-31.112
0.12189,-0.98979,-0.08075,1.4313,0.97681,-0.82742,-3.0888,-35.467,-31.11
0.11896,-0.99065,-0.076859,1.4313,0.97636,-0.82686,-3.0957,-35.459,-31.118
0.11795,-0.99353,-0.072922,1.4313,0.9764,-0.82669,-3.0957,-35.459,-31.118
0.1237,-0.98979,-0.076752,1.4314,0.97686,-0.82693,-3.093,-35.454,-31.125
0.12663,-0.98697,-0.081635,1.4313,0.97662,-0.82647,-3.0809,-35.453,-31.126
0.11618,-0.99161,-0.080856,1.4313,0.97585,-0.82544,-3.0809,-35.453,-31.126
0.11714,-0.99065,-0.081833,1.4313,0.97504,-0.82452,-3.0764,-35.451,-31.129
0.11688,-0.99054,-0.069977,1.4314,0.97347,-0.82292,-3.0776,-35.44,-31.141
0.12082,-0.99263,-0.073853,1.4315,0.97401,-0.82344,-3.0776,-35.44,-31.141
0.12486,-0.99374,-0.080688,1.4315,0.97476,-0.82412,-3.0817,-35.439,-31.142
0.1199,-0.99454,-0.073868,1.4313,0.97636,-0.82569,-3.0733,-35.444,-31.137
0.1077,-0.99435,-0.085007,1.4315,0.97619,-0.82548,-3.0733,-35.444,-31.137
0.10951,-0.98955,-0.084961,1.4317,0.97379,-0.8233,-3.0893,-35.45,-31.129
0.12749,-0.98309,-0.079651,1.4317,0.97225,-0.82189,-3.104,-35.45,-31.128
0.12386,-0.98791,-0.084671,1.4313,0.97133,-0.82123,-3.104,-35.45,-31.128
0.12099,-0.99365,-0.079788,1.431,0.97219,-0.8223,-3.097,-35.437,-31.143
0.12285,-0.98883,-0.081711,1.4309,0.97321,-0.82351,-3.1059,-35.442,-31.137
0.11793,-0.98868,-0.076874,1.4309,0.97335,-0.82417,-3.1059,-35.442,-31.137
0.11717,-0.99066,-0.082825,1.4309,0.97328,-0.8244,-3.1047,-35.447,-31.131
0.11528,-0.99451,-0.080887,1.4308,0.97242,-0.82446,-3.1514,-35.439,-31.135
0.11528,-0.99258,-0.08287,1.431,0.97166,-0.82464,-3.1514,-35.439,-31.135
0.1124,-0.99055,-0.083908,1.431,0.97022,-0.8243,-3.186,-35.435,-31.137
0.11424,-0.99059,-0.080902,1.431,0.96753,-0.82315,-3.2193,-35.437,-31.13
0.10553,-0.99037,-0.07811,1.431,0.96527,-0.82172,-3.2193,-35.437,-31.13
0.10559,-0.99233,-0.079086,1.4312,0.96105,-0.81909,-3.2677,-35.434,-31.13
0.10078,-0.99414,-0.076248,1.4315,0.95834,-0.81713,-3.3891,-35.413,-31.14
0.10364,-0.9913,-0.078156,1.4321,0.95304,-0.81387,-3.3891,-35.413,-31.14
0.10452,-0.98743,-0.07814,1.4325,0.94962,-0.81136,-3.4625,-35.41,-31.135
0.10545,-0.9894,-0.076141,1.4327,0.94731,-0.80938,-3.5007,-35.406,-31.135
0.10838,-0.98947,-0.078064,1.4329,0.94442,-0.80703,-3.5007,-35.406,-31.135
0.10283,-0.99618,-0.080154,1.4331,0.94277,-0.80569,-3.5684,-35.389,-31.147
0.097946,-0.99409,-0.078278,1.4337,0.93957,-0.80292,-3.6116,-35.381,-31.151
0.1026,-0.9874,-0.078171,1.4343,0.93495,-0.79892,-3.6116,-35.381,-31.151
0.10562,-0.98846,-0.084045,1.4345,0.93398,-0.79817,-3.6495,-35.375,-31.153
0.10849,-0.99432,-0.078064,1.4344,0.93315,-0.79754,-3.6744,-35.374,-31.151
0.11146,-0.99733,-0.079987,1.4345,0.93363,-0.79796,-3.6744,-35.374,-31.151
0.11696,-0.98672,-0.077881,1.4347,0.93545,-0.79962,-3.6709,-35.377,-31.149
0.11806,-0.98972,-0.081818,1.4346,0.93634,-0.80062,-3.6686,-35.385,-31.141
0.1191,-0.98685,-0.086761,1.4346,0.93558,-0.7999,-3.6686,-35.385,-31.141
0.10754,-0.99721,-0.076111,1.4346,0.93567,-0.80025,-3.6717,-35.383,-31.142
0.099045,-0.99707,-0.082199,1.4349,0.93481,-0.79951,-3.682,-35.383,-31.141
0.1058,-0.99048,-0.089981,1.4353,0.93255,-0.79768,-3.682,-35.383,-31.141
0.10565,-0.99042,-0.083054,1.4353,0.92997,-0.79544,-3.7158,-35.386,-31.133
0.10851,-0.99046,-0.082016,1.4356,0.92682,-0.79282,-3.7747,-35.376,-31.138
0.098877,-0.99217,-0.079224,1.436,0.92484,-0.79176,-3.7747,-35.376,-31.138
0.095978,-0.99211,-0.078308,1.4362,0.92377,-0.7911,-3.7919,-35.379,-31.132
0.097961,-0.99121,-0.081238,1.4365,0.92261,-0.79066,-3.8614,-35.382,-31.12
0.091293,-0.99301,-0.082367,1.4368,0.92055,-0.78896,-3.8614,-35.382,-31.12
0.087418,-0.99291,-0.080475,1.4373,0.91642,-0.78539,-3.9123,-35.374,-31.123
0.093185,-0.99208,-0.082321,1.4379,0.91226,-0.78162,-3.9254,-35.375,-31.121
0.10577,-0.9924,-0.087021,1.4378,0.91141,-0.78071,-3.9254,-35.375,-31.121
0.11624,-0.99162,-0.083832,1.4377,0.91106,-0.77995,-3.9282,-35.372,-31.123
0.12384,-0.9908,-0.081696,1.4376,0.91175,-0.78036,-3.9166,-35.364,-31.134
0.12007,-0.98978,-0.085724,1.4373,0.91485,-0.78285,-3.9166,-35.364,-31.134
0.11514,-0.98578,-0.08287,1.4369,0.91594,-0.78376,-3.8783,-35.367,-31.135
0.11322,-0.98959,-0.079941,1.4372,0.91642,-0.78431,-3.8667,-35.367,-31.137
0.10956,-0.99051,-0.085938,1.4372,0.9155,-0.78374,-3.8667,-35.367,-31.137
0.10574,-0.99431,-0.084045,1.4373,0.91441,-0.78288,-3.8949,-35.373,-31.126
0.1057,-0.99719,-0.079086,1.4375,0.91233,-0.7811,-3.9187,-35.368,-31.129
0.10564,-0.99426,-0.079086,1.4377,0.91194,-0.78082,-3.9187,-35.368,-31.129
0.10757,-0.99239,-0.082031,1.438,0.9118,-0.78079,-3.9455,-35.374,-31.118
0.10655,-0.9904,-0.080078,1.4381,0.91233,-0.7817,-3.9512,-35.378,-31.114
0.10646,-0.98651,-0.080078,1.438,0.91274,-0.78219,-3.9512,-35.378,-31.114
0.10562,-0.9933,-0.079086,1.4383,0.91218,-0.78165,-3.9517,-35.38,-31.111
0.10562,-0.99138,-0.08107,1.4384,0.91218,-0.78162,-3.9571,-35.382,-31.108
0.10269,-0.99031,-0.079147,1.4387,0.91207,-0.78141,-3.9571,-35.382,-31.108
0.10268,-0.99225,-0.077179,1.4393,0.91221,-0.78132,-3.9715,-35.387,-31.1
0.1122,-0.99048,-0.074997,1.4396,0.91232,-0.781,-3.9685,-35.393,-31.095
0.10684,-0.99826,-0.085022,1.4401,0.91265,-0.78081,-3.9685,-35.393,-31.095
0.098969,-0.99222,-0.083191,1.4402,0.91139,-0.77922,-3.9656,-35.393,-31.095
0.09787,-0.98827,-0.080261,1.4405,0.90838,-0.7757,-3.9709,-35.377,-31.112
0.098846,-0.99217,-0.078247,1.441,0.90447,-0.77144,-3.9709,-35.377,-31.112
0.10274,-0.9942,-0.078171,1.4414,0.90662,-0.77306,-3.9811,-35.372,-31.116
0.1133,-0.99347,-0.078934,1.4413,0.91002,-0.77597,-3.9677,-35.385,-31.103
0.11336,-0.9935,-0.081909,1.4412,0.91203,-0.77765,-3.9677,-35.385,-31.103
0.11726,-0.99651,-0.081833,1.4411,0.91284,-0.77805,-3.9513,-35.391,-31.099
0.11626,-0.9926,-0.083832,1.441,0.91316,-0.77825,-3.9073,-35.394,-31.1
0.1104,-0.98955,-0.08197,1.4409,0.91301,-0.77797,-3.9073,-35.394,-31.1
0.10841,-0.98657,-0.082016,1.4411,0.91072,-0.77568,-3.8896,-35.389,-31.108
0.10959,-0.99438,-0.083969,1.4412,0.91048,-0.77539,-3.9104,-35.391,-31.104
0.11034,-0.98662,-0.08197,1.4416,0.90784,-0.77258,-3.9104,-35.391,-31.104
0.10848,-0.99239,-0.079041,1.4417,0.90716,-0.77184,-3.9258,-35.39,-31.103
0.10469,-0.99522,-0.07814,1.4421,0.90455,-0.76934,-3.9397,-35.388,-31.104
0.098007,-0.99703,-0.078278,1.4427,0.90216,-0.76709,-3.9397,-35.388,-31.104
0.098953,-0.99124,-0.083191,1.4432,0.90099,-0.766,-3.985,-35.389,-31.097
0.10261,-0.9903,-0.076202,1.4436,0.89958,-0.76479,-3.998,-35.391,-31.092
0.10371,-0.99326,-0.079132,1.4436,0.89985,-0.76518,-3.998,-35.391,-31.092
0.10666,-0.99335,-0.082047,1.444,0.89997,-0.76558,-4.0245,-35.397,-31.083
0.10654,-0.99426,-0.076126,1.4439,0.90155,-0.76724,-4.0245,-35.397,-31.083
0.10835,-0.99235,-0.074112,1.4437,0.90368,-0.76936,-4.0245,-35.397,-31.083
0.10175,-0.9903,-0.080185,1.4435,0.90536,-0.771,-4.007,-35.405,-31.075
0.097885,-0.99118,-0.078278,1.4434,0.90557,-0.77115,-4.007,-35.405,-31.075
0.099869,-0.99026,-0.082184,1.4434,0.9067,-0.7722,-3.9945,-35.407,-31.074
0.097794,-0.98245,-0.08223,1.4432,0.9063,-0.77184,-3.9771,-35.407,-31.078
0.098755,-0.98825,-0.077255,1.4431,0.90536,-0.77105,-3.9771,-35.407,-31.078
0.091309,-0.99687,-0.079391,1.4434,0.90605,-0.77207,-3.9812,-35.397,-31.088
0.095032,-0.99692,-0.074387,1.4435,0.90635,-0.77238,-3.9784,-35.402,-31.083
0.092194,-1.0007,-0.071457,1.4437,0.90616,-0.77208,-3.9784,-35.402,-31.083
0.095947,-0.99016,-0.078308,1.4441,0.90633,-0.77211,-3.9818,-35.408,-31.076
0.099701,-0.98538,-0.079208,1.4443,0.90491,-0.77036,-3.9866,-35.407,-31.076
0.101,-0.99519,-0.084152,1.4445,0.90302,-0.76768,-3.9866,-35.407,-31.076
0.098846,-0.99217,-0.078247,1.4445,0.90266,-0.76707,-3.9796,-35.402,-31.082
0.098038,-0.99413,-0.08223,1.4448,0.89952,-0.76365,-3.9673,-35.404,-31.081
0.097946,-0.99605,-0.076309,1.4449,0.89797,-0.76201,-3.9673,-35.404,-31.081
0.097961,-0.99507,-0.077286,1.4452,0.8956,-0.75962,-3.9762,-35.392,-31.094
0.099762,-0.99217,-0.076263,1.4454,0.89433,-0.7586,-3.9872,-35.389,-31.097
0.094955,-0.99303,-0.074387,1.4455,0.8926,-0.75704,-3.9872,-35.389,-31.097
0.096802,-0.99399,-0.070389,1.4457,0.89267,-0.75716,-4.0061,-35.385,-31.098
0.094894,-0.98624,-0.078339,1.4457,0.8922,-0.75665,-4.0067,-35.383,-31.101
0.094833,-0.98621,-0.075363,1.4458,0.89055,-0.75473,-4.0067,-35.383,-31.101
0.096954,-0.99504,-0.076324,1.446,0.88911,-0.75305,-4.0091,-35.381,-31.103
0.092148,-0.99394,-0.076416,1.4462,0.88727,-0.75058,-4.0014,-35.372,-31.114
0.09697,-0.99696,-0.075317,1.4469,0.88523,-0.74749,-4.0014,-35.372,-31.114
0.095047,-0.98726,-0.083282,1.447,0.88476,-0.74662,-3.9918,-35.371,-31.116
0.096985,-0.98926,-0.083237,1.4471,0.88287,-0.74387,-3.9785,-35.367,-31.123
0.099899,-0.99609,-0.078232,1.447,0.88273,-0.74327,-3.9785,-35.367,-31.123
0.10278,-0.99617,-0.078171,1.447,0.88342,-0.74312,-3.9576,-35.363,-31.13
0.10082,-0.99513,-0.076248,1.4469,0.88471,-0.7436,-3.9096,-35.36,-31.14
0.10077,-0.98932,-0.0802,1.447,0.8846,-0.74268,-3.9096,-35.36,-31.14
0.10544,-0.98648,-0.07811,1.4468,0.8856,-0.74303,-3.8872,-35.357,-31.146
0.10275,-0.99034,-0.082123,1.4465,0.88722,-0.74439,-3.8579,-35.358,-31.148
0.10095,-0.99808,-0.079193,1.4464,0.88895,-0.74585,-3.8579,-35.358,-31.148
0.099045,-0.99997,-0.079224,1.4461,0.89119,-0.74806,-3.8177,-35.355,-31.157
0.097061,-0.99799,-0.078293,1.4461,0.89256,-0.74926,-3.806,-35.357,-31.156
0.1017,-0.98448,-0.084137,1.4459,0.89213,-0.74868,-3.806,-35.357,-31.156
0.088364,-0.98616,-0.086365,1.4458,0.89163,-0.74804,-3.7863,-35.361,-31.153
0.087616,-0.99684,-0.085419,1.4456,0.89056,-0.74676,-3.7704,-35.352,-31.165
0.092438,-0.99503,-0.087296,1.4457,0.88975,-0.74599,-3.7704,-35.352,-31.165
0.09523,-0.99408,-0.085266,1.4456,0.8896,-0.74574,-3.7607,-35.359,-31.159
0.10199,-0.9962,-0.085129,1.4453,0.89056,-0.7463,-3.7606,-35.348,-31.171
0.099075,-0.99806,-0.082199,1.4453,0.89242,-0.74803,-3.7606,-35.348,-31.171
0.1017,-0.98448,-0.084137,1.4451,0.89465,-0.7501,-3.7222,-35.36,-31.163
0.11047,-0.99052,-0.083954,1.4447,0.8967,-0.75212,-3.7026,-35.366,-31.158
0.11139,-1.0012,-0.072067,1.444,0.90175,-0.75721,-3.7026,-35.366,-31.158
0.11427,-0.99834,-0.074966,1.4434,0.909,-0.76441,-3.6428,-35.368,-31.162
0.11407,-0.98666,-0.077942,1.4429,0.91391,-0.76927,-3.6191,-35.374,-31.159
0.10759,-0.99045,-0.084015,1.4424,0.91537,-0.77087,-3.6191,-35.374,-31.159
0.10463,-0.98941,-0.0811,1.4421,0.91538,-0.77097,-3.5817,-35.383,-31.152
0.08931,-0.98521,-0.086349,1.4419,0.91456,-0.77049,-3.5817,-35.383,-31.152
0.084427,-0.98604,-0.082504,1.4419,0.91227,-0.76843,-3.577,-35.379,-31.158
0.082779,-0.99381,-0.086487,1.4421,0.9045,-0.76155,-3.6222,-35.365,-31.168
0.090576,-1.0037,-0.082382,1.4422,0.90011,-0.75758,-3.6367,-35.358,-31.174
0.094254,-1.0008,-0.078354,1.4423,0.90027,-0.75789,-3.6367,-35.358,-31.174
0.0961,-0.99216,-0.083252,1.4425,0.90153,-0.75947,-3.6417,-35.355,-31.177
0.10364,-0.9826,-0.08606,1.4426,0.90049,-0.75864,-3.6708,-35.367,-31.161
0.10835,-0.97978,-0.085968,1.4423,0.8996,-0.75807,-3.6708,-35.367,-31.161
0.10371,-0.98941,-0.083099,1.4414,0.90114,-0.76018,-3.6746,-35.352,-31.177
0.099899,-0.99222,-0.082184,1.4412,0.90259,-0.76181,-3.6701,-35.353,-31.176
0.10384,-0.99622,-0.082108,1.441,0.90519,-0.76499,-3.6701,-35.353,-31.176
0.098816,-0.98926,-0.079224,1.4409,0.9057,-0.76584,-3.6612,-35.36,-31.169
0.097977,-0.99121,-0.08223,1.4408,0.90685,-0.76779,-3.6767,-35.367,-31.159
0.09697,-0.99214,-0.080276,1.4407,0.90717,-0.76905,-3.6767,-35.367,-31.159
0.10574,-0.9982,-0.080093,1.4406,0.90842,-0.77105,-3.6997,-35.378,-31.144
0.10545,-0.98552,-0.079086,1.4404,0.90936,-0.77267,-3.7209,-35.381,-31.138
0.098892,-0.99219,-0.080231,1.4404,0.90961,-0.77324,-3.7209,-35.381,-31.138
0.091217,-0.99008,-0.081375,1.4405,0.91016,-0.77419,-3.7439,-35.382,-31.135
0.10179,-0.99129,-0.081161,1.4407,0.90979,-0.77404,-3.7468,-35.387,-31.129
0.10558,-0.99039,-0.080093,1.4406,0.91058,-0.7755,-3.7468,-35.387,-31.129
0.098877,-0.99605,-0.075272,1.4407,0.91397,-0.77897,-3.7633,-35.394,-31.119
0.098923,-0.99123,-0.082199,1.4408,0.91497,-0.78007,-3.7526,-35.405,-31.107
0.098816,-0.98926,-0.079224,1.4408,0.91481,-0.78029,-3.7526,-35.405,-31.107
0.097992,-0.99219,-0.08223,1.4407,0.91397,-0.77967,-3.7717,-35.414,-31.094
0.097992,-0.99606,-0.078278,1.4406,0.91341,-0.77941,-3.7894,-35.405,-31.103
0.097916,-0.99312,-0.077286,1.4408,0.91653,-0.78219,-3.7894,-35.405,-31.103
0.098633,-0.99112,-0.069351,1.4409,0.91791,-0.78324,-3.775,-35.413,-31.095
0.096802,-0.99208,-0.072357,1.4412,0.92173,-0.78579,-3.7124,-35.428,-31.085
0.095062,-0.99791,-0.074387,1.4412,0.92161,-0.78499,-3.7124,-35.428,-31.085
0.092133,-0.99492,-0.074432,1.4414,0.92409,-0.78568,-3.6759,-35.433,-31.085
0.097916,-0.99506,-0.075302,1.4417,0.92569,-0.78533,-3.6063,-35.435,-31.09
0.10522,-0.98639,-0.068207,1.4416,0.92886,-0.78632,-3.6063,-35.435,-31.09
0.11313,-0.98956,-0.075989,1.4414,0.93338,-0.78835,-3.5351,-35.437,-31.097
0.11407,-0.98859,-0.075974,1.4413,0.93608,-0.78974,-3.3628,-35.441,-31.111
0.11693,-0.99251,-0.070953,1.4413,0.94076,-0.7919,-3.3628,-35.441,-31.111
0.11702,-0.99641,-0.070953,1.4413,0.94392,-0.79381,-3.2849,-35.447,-31.112
0.12465,-0.99461,-0.070801,1.441,0.95166,-0.79844,-3.2018,-35.457,-31.11
0.12651,-0.99078,-0.071747,1.4403,0.95848,-0.80329,-3.2018,-35.457,-31.11
0.13048,-0.99576,-0.072662,1.4399,0.96226,-0.80616,-3.0651,-35.461,-31.119
0.12953,-0.99574,-0.073669,1.4393,0.96815,-0.8103,-2.9651,-35.469,-31.12
0.12851,-0.9899,-0.07666,1.4389,0.97195,-0.81337,-2.9651,-35.469,-31.12
0.12738,-0.98498,-0.073715,1.4383,0.97629,-0.81659,-2.8301,-35.475,-31.125
0.12834,-0.98885,-0.069748,1.4371,0.98426,-0.82353,-2.7943,-35.475,-31.129
0.12569,-0.99275,-0.076721,1.4367,0.98573,-0.82477,-2.7943,-35.475,-31.129
0.1256,-0.98984,-0.075745,1.4363,0.98864,-0.82737,-2.7474,-35.471,-31.137
0.11879,-0.99252,-0.067947,1.436,0.99013,-0.82876,-2.7248,-35.476,-31.133
0.10933,-0.99043,-0.076065,1.4357,0.99179,-0.8303,-2.7248,-35.476,-31.133
0.1188,-0.98288,-0.07785,1.4356,0.99224,-0.83079,-2.6961,-35.488,-31.122
0.12091,-0.99071,-0.078781,1.4352,0.99334,-0.83203,-2.6904,-35.489,-31.121
0.11614,-0.99545,-0.074921,1.4348,0.99595,-0.83459,-2.6904,-35.489,-31.121
0.1161,-0.99446,-0.074921,1.4346,0.99702,-0.83571,-2.6641,-35.49,-31.123
0.11987,-0.99066,-0.075851,1.4344,0.99824,-0.83719,-2.6459,-35.493,-31.121
0.12563,-0.98886,-0.077713,1.4342,0.99908,-0.83817,-2.6459,-35.493,-31.121
0.13251,-0.991,-0.08252,1.4335,1.0009,-0.84022,-2.6328,-35.488,-31.127
0.14595,-0.9913,-0.082245,1.4323,1.0045,-0.84384,-2.621,-35.495,-31.121
0.13808,-0.9872,-0.07843,1.4317,1.0059,-0.84544,-2.621,-35.495,-31.121
0.13052,-0.98999,-0.080566,1.431,1.0074,-0.84795,-2.621,-35.495,-31.121
0.11719,-1.0003,-0.074905,1.4305,1.0081,-0.84944,-2.621,-35.495,-31.121
0.10556,-0.99908,-0.071182,1.4303,1.0079,-0.8516,-2.6106,-35.488,-31.13
0.091095,-0.99004,-0.076447,1.4309,1.0034,-0.85081,-2.6774,-35.492,-31.119
0.080444,-0.98881,-0.072693,1.4314,0.9993,-0.84774,-2.6774,-35.492,-31.119
0.076569,-0.99449,-0.06485,1.432,0.99537,-0.84557,-2.8663,-35.489,-31.106
0.079498,-0.99263,-0.068741,1.4327,0.99272,-0.84356,-2.9107,-35.49,-31.1
0.091949,-0.99582,-0.065521,1.4334,0.991,-0.84247,-2.9107,-35.49,-31.1
0.092056,-0.99199,-0.074432,1.4342,0.99001,-0.84125,-2.9989,-35.497,-31.084
0.096802,-0.99399,-0.070389,1.4349,0.98969,-0.83992,-3.0027,-35.506,-31.074
0.11018,-0.98947,-0.072083,1.4351,0.99013,-0.83892,-3.0027,-35.506,-31.074
0.11224,-0.99437,-0.07402,1.4351,0.99099,-0.83888,-2.9571,-35.505,-31.079
0.12181,-0.99362,-0.073837,1.4348,0.9939,-0.8398,-2.836,-35.503,-31.093
0.12552,-0.98401,-0.077713,1.4347,0.99644,-0.84132,-2.836,-35.503,-31.093
0.13046,-0.99091,-0.076614,1.4339,1.0029,-0.84497,-2.836,-35.503,-31.093
0.13329,-0.99001,-0.075577,1.4335,1.0057,-0.84618,-2.6918,-35.503,-31.106
0.13815,-0.99495,-0.074478,1.433,1.008,-0.8478,-2.6918,-35.503,-31.106
0.14204,-0.99312,-0.078354,1.4321,1.0124,-0.85092,-2.6367,-35.501,-31.112
0.15533,-0.99049,-0.075134,1.4315,1.0146,-0.85265,-2.5191,-35.501,-31.122
0.1523,-0.99037,-0.068268,1.4307,1.0183,-0.85586,-2.5191,-35.501,-31.122
0.12746,-0.99176,-0.069763,1.4302,1.0215,-0.8589,-2.4353,-35.502,-31.127
0.12561,-0.98692,-0.07869,1.43,1.0221,-0.86038,-2.4346,-35.502,-31.128
0.11305,-0.99048,-0.07103,1.4298,1.0204,-0.86023,-2.4346,-35.502,-31.128
0.10431,-0.99121,-0.065277,1.4301,1.0205,-0.86101,-2.4975,-35.503,-31.122
0.10175,-0.99805,-0.072266,1.4305,1.0199,-0.86213,-2.5698,-35.519,-31.097
0.10533,-0.9903,-0.069214,1.4311,1.0175,-0.86113,-2.5698,-35.519,-31.097
0.11302,-0.99338,-0.067078,1.4313,1.0177,-0.86227,-2.6135,-35.523,-31.089
0.1158,-0.99145,-0.064041,1.4314,1.0193,-0.86433,-2.6594,-35.526,-31.082
0.11595,-0.99248,-0.069992,1.4315,1.0205,-0.86574,-2.6594,-35.526,-31.082
0.11494,-0.99342,-0.067047,1.4318,1.0219,-0.86701,-2.6777,-35.538,-31.066
0.11885,-0.98967,-0.073898,1.4319,1.0223,-0.86729,-2.6736,-35.541,-31.064
0.12073,-0.9897,-0.071869,1.4322,1.021,-0.86542,-2.6736,-35.541,-31.064
0.12849,-0.9928,-0.0737,1.4322,1.0224,-0.86627,-2.6661,-35.534,-31.073
0.13032,-0.99086,-0.070679,1.4322,1.0227,-0.8663,-2.6509,-35.534,-31.073
0.13039,-0.99185,-0.072662,1.4321,1.0241,-0.86729,-2.6509,-35.534,-31.073
0.13226,-0.98996,-0.073624,1.4319,1.0248,-0.86787,-2.6319,-35.535,-31.074
0.12938,-0.98988,-0.072678,1.4316,1.0263,-0.86934,-2.5979,-35.536,-31.076
0.12857,-0.99185,-0.077652,1.4313,1.0268,-0.87016,-2.5979,-35.536,-31.076
0.12265,-0.99069,-0.070831,1.4312,1.0267,-0.87025,-2.6062,-35.539,-31.072
0.12175,-0.98973,-0.074814,1.4312,1.0264,-0.87041,-2.6023,-35.536,-31.075
0.1169,-0.98767,-0.073929,1.4312,1.0243,-0.86863,-2.6023,-35.536,-31.075
0.1151,-0.99348,-0.073975,1.4312,1.0227,-0.86769,-2.6181,-35.537,-31.073
0.12082,-0.99263,-0.073853,1.4313,1.0213,-0.86686,-2.6617,-35.528,-31.08
0.11694,-0.98769,-0.075912,1.4314,1.0184,-0.86426,-2.6617,-35.528,-31.08
0.11795,-0.99159,-0.07489,1.4316,1.0166,-0.86272,-2.6903,-35.52,-31.087
0.11987,-0.99162,-0.074844,1.4318,1.0154,-0.86154,-2.717,-35.512,-31.093
0.12263,-0.99263,-0.068863,1.432,1.0146,-0.86069,-2.717,-35.512,-31.093
0.1286,-0.99089,-0.079636,1.432,1.015,-0.86107,-2.72,-35.512,-31.092
0.12837,-0.98695,-0.0737,1.4319,1.0137,-0.85974,-2.7123,-35.501,-31.106
0.1143,-0.99738,-0.077942,1.4319,1.0128,-0.85872,-2.7123,-35.501,-31.106
0.11209,-0.98369,-0.076981,1.4322,1.0117,-0.85766,-2.7157,-35.493,-31.114
0.11877,-0.98384,-0.075882,1.4323,1.0091,-0.85508,-2.7372,-35.491,-31.115
0.12181,-0.99168,-0.075821,1.4323,1.0079,-0.85407,-2.7372,-35.491,-31.115
0.11983,-0.98871,-0.075851,1.4322,1.0088,-0.85512,-2.7479,-35.486,-31.12
0.1179,-0.98965,-0.07489,1.432,1.0089,-0.85557,-2.7409,-35.488,-31.119
0.1151,-0.99348,-0.073975,1.432,1.0088,-0.85569,-2.7409,-35.488,-31.119
0.116,-0.99347,-0.070969,1.4321,1.0076,-0.85485,-2.7529,-35.491,-31.114
0.11043,-0.99535,-0.077026,1.4324,1.0062,-0.85366,-2.7684,-35.488,-31.116
0.11316,-0.99149,-0.074982,1.4327,1.0036,-0.85151,-2.7684,-35.488,-31.116
0.11322,-0.9944,-0.074982,1.4328,1.0009,-0.849,-2.8187,-35.478,-31.123
0.10365,-0.99616,-0.074203,1.4335,0.99733,-0.8456,-2.8514,-35.475,-31.123
0.10933,-0.99429,-0.072098,1.4338,0.99443,-0.84275,-2.8514,-35.475,-31.123
0.11032,-0.99242,-0.07605,1.4341,0.99353,-0.84183,-2.8649,-35.471,-31.127
0.1111,-0.99428,-0.066132,1.4344,0.99174,-0.83987,-2.8831,-35.464,-31.133
0.11688,-0.99442,-0.067001,1.4346,0.99237,-0.84038,-2.8831,-35.464,-31.133
0.11504,-0.99345,-0.070999,1.4347,0.99388,-0.84163,-2.8782,-35.475,-31.12
0.1151,-0.99155,-0.075958,1.4346,0.99401,-0.84163,-2.8734,-35.472,-31.124
0.11781,-0.99155,-0.06897,1.4345,0.99333,-0.84094,-2.8734,-35.472,-31.124
0.11504,-0.99152,-0.072983,1.4345,0.99369,-0.84132,-2.8661,-35.471,-31.126
0.11514,-0.99445,-0.074951,1.4344,0.99335,-0.84101,-2.8641,-35.46,-31.139
0.11702,-0.99158,-0.075912,1.4345,0.99269,-0.8405,-2.8641,-35.46,-31.139
0.1169,-0.98767,-0.073929,1.4344,0.99143,-0.83957,-2.8721,-35.459,-31.14
0.1161,-0.99158,-0.077896,1.4344,0.98998,-0.83831,-2.8788,-35.457,-31.141
0.1161,-0.99254,-0.076904,1.4343,0.98798,-0.83679,-2.8788,-35.457,-31.141
0.11148,-0.99831,-0.078979,1.4344,0.98698,-0.83609,-2.9102,-35.444,-31.153
0.11626,-0.99841,-0.077896,1.4346,0.98518,-0.83497,-2.9446,-35.441,-31.154
0.11707,-0.99547,-0.073929,1.4346,0.98428,-0.83458,-2.9446,-35.441,-31.154
0.12378,-0.98789,-0.081696,1.4344,0.98257,-0.83315,-2.9768,-35.438,-31.154
0.11308,-0.99243,-0.07103,1.4344,0.98065,-0.83154,-2.9953,-35.43,-31.161
0.11423,-0.99348,-0.077942,1.4345,0.97991,-0.83096,-2.9953,-35.43,-31.161
0.11502,-0.98668,-0.076935,1.4348,0.97739,-0.82895,-3.0168,-35.422,-31.168
0.119,-0.99262,-0.07785,1.4348,0.97564,-0.82751,-3.0168,-35.422,-31.168
0.11893,-0.99161,-0.074875,1.4348,0.97338,-0.8262,-3.0436,-35.42,-31.168
0.11121,-0.98952,-0.076035,1.4348,0.97378,-0.82728,-3.0901,-35.409,-31.176
0.11212,-0.98852,-0.07402,1.4347,0.97279,-0.82667,-3.1114,-35.412,-31.17
0.11502,-0.98474,-0.078903,1.4346,0.97205,-0.82684,-3.1114,-35.412,-31.17
0.11525,-0.99449,-0.07991,1.4345,0.97135,-0.82656,-3.1358,-35.405,-31.175
0.1172,-0.99647,-0.078857,1.4346,0.96926,-0.82517,-3.1878,-35.398,-31.178
0.11615,-0.99159,-0.07988,1.4347,0.96708,-0.82376,-3.1878,-35.398,-31.178
0.11235,-0.99344,-0.078949,1.4348,0.96368,-0.82126,-3.2228,-35.397,-31.176
0.1131,-0.98856,-0.074982,1.435,0.96044,-0.81899,-3.3,-35.381,-31.186
0.11125,-0.99145,-0.076035,1.4351,0.95951,-0.81859,-3.3,-35.381,-31.186
0.11229,-0.99051,-0.078949,1.4354,0.95663,-0.81679,-3.3481,-35.382,-31.179
0.11218,-0.98758,-0.076981,1.4354,0.95474,-0.81591,-3.3874,-35.378,-31.179
0.11226,-0.99051,-0.077972,1.4355,0.9524,-0.81446,-3.3874,-35.378,-31.179
0.10748,-0.9856,-0.084015,1.4356,0.95026,-0.8133,-3.4209,-35.37,-31.185
0.11229,-0.99246,-0.077972,1.4357,0.94819,-0.81177,-3.493,-35.369,-31.178
0.1126,-0.99838,-0.0849,1.4357,0.94706,-0.81157,-3.493,-35.369,-31.178
0.11336,-0.9964,-0.078934,1.4357,0.94607,-0.81097,-3.5248,-35.373,-31.171
0.1143,-0.99352,-0.080902,1.4361,0.94319,-0.80937,-3.5248,-35.373,-31.171
0.11308,-0.98181,-0.080917,1.4362,0.94122,-0.80841,-3.5494,-35.376,-31.164
0.10762,-0.99046,-0.085007,1.4362,0.93982,-0.80751,-3.6322,-35.374,-31.157
0.10854,-0.99242,-0.082016,1.4363,0.93728,-0.8063,-3.6753,-35.368,-31.158
0.10745,-0.98944,-0.079056,1.4364,0.93712,-0.80683,-3.6753,-35.368,-31.158
0.10948,-0.99339,-0.080017,1.4368,0.93582,-0.80692,-3.774,-35.378,-31.135
0.10727,-0.98454,-0.076111,1.437,0.9337,-0.80688,-3.774,-35.378,-31.135
0.10562,-0.9904,-0.082062,1.437,0.93262,-0.80656,-3.8188,-35.378,-31.13
0.10756,-0.99141,-0.082031,1.4372,0.93123,-0.80665,-3.8725,-35.38,-31.121
0.10852,-0.99532,-0.078064,1.4371,0.93093,-0.80704,-3.9164,-35.386,-31.109
0.094315,-0.99989,-0.082306,1.437,0.93068,-0.80812,-3.9164,-35.386,-31.109
0.08725,-0.98607,-0.079468,1.4373,0.9289,-0.80705,-3.9909,-35.395,-31.089
0.10274,-0.9942,-0.078171,1.4378,0.92509,-0.80515,-3.9909,-35.395,-31.089
0.10564,-0.99815,-0.075134,1.4378,0.92643,-0.80729,-4.04,-35.396,-31.081
0.099792,-0.98735,-0.081192,1.4378,0.92709,-0.80837,-4.0635,-35.4,-31.074
0.090347,-0.99492,-0.080414,1.4378,0.9254,-0.80765,-4.0635,-35.4,-31.074
0.0923,-0.9969,-0.080368,1.4379,0.92324,-0.80595,-4.1152,-35.397,-31.071
0.097,-0.99406,-0.079269,1.4384,0.92041,-0.80401,-4.1661,-35.393,-31.069
0.10173,-0.99028,-0.079178,1.4388,0.91897,-0.80308,-4.1661,-35.393,-31.069
0.10956,-0.99342,-0.082977,1.4388,0.91932,-0.80345,-4.188,-35.397,-31.061
0.10948,-0.99243,-0.080994,1.4386,0.91948,-0.80349,-4.188,-35.397,-31.061
0.10849,-0.99046,-0.081024,1.4386,0.91992,-0.8038,-4.188,-35.397,-31.061
0.1017,-0.98932,-0.079178,1.4386,0.91828,-0.80195,-4.1819,-35.398,-31.061
0.10175,-0.99126,-0.079178,1.4389,0.91642,-0.79997,-4.181,-35.391,-31.069
0.10475,-0.99815,-0.07814,1.439,0.91495,-0.79846,-4.181,-35.391,-31.069
0.10753,-0.99237,-0.080063,1.4392,0.91532,-0.79871,-4.194,-35.385,-31.074
0.10753,-0.98657,-0.085007,1.4392,0.9151,-0.79833,-4.1952,-35.387,-31.072
0.10731,-0.98842,-0.074127,1.4391,0.91388,-0.7967,-4.1952,-35.387,-31.072
0.1037,-0.99229,-0.080139,1.4391,0.91452,-0.79707,-4.1834,-35.377,-31.085
0.1086,-0.99921,-0.078064,1.439,0.91535,-0.79738,-4.152,-35.369,-31.097
0.10672,-0.99432,-0.08403,1.4388,0.91488,-0.79685,-4.152,-35.369,-31.097
0.10082,-0.99126,-0.0802,1.4388,0.91387,-0.79587,-4.1441,-35.368,-31.1
0.10736,-0.98651,-0.078079,1.4389,0.91175,-0.79367,-4.1629,-35.359,-31.107
0.11523,-0.99159,-0.081879,1.439,0.9115,-0.79338,-4.1629,-35.359,-31.107
0.10947,-0.99145,-0.080994,1.4389,0.91188,-0.79354,-4.1629,-35.359,-31.107
0.10661,-0.99428,-0.079071,1.4387,0.91075,-0.79234,-4.148,-35.354,-31.115
0.098755,-0.99019,-0.075272,1.4387,0.91049,-0.7921,-4.148,-35.354,-31.115
0.10176,-0.99223,-0.079178,1.439,0.90951,-0.79116,-4.1493,-35.347,-31.123
0.11128,-0.98663,-0.081955,1.4389,0.90929,-0.79092,-4.1571,-35.344,-31.126
0.11311,-0.98665,-0.077957,1.4385,0.90928,-0.79058,-4.1571,-35.344,-31.126
0.098969,-0.99222,-0.083191,1.4384,0.90969,-0.79056,-4.1293,-35.336,-31.138
0.10844,-0.98659,-0.083008,1.4384,0.90913,-0.78986,-4.1136,-35.335,-31.142
0.10832,-0.98846,-0.076096,1.4381,0.90834,-0.78923,-4.1136,-35.335,-31.142
0.10379,-0.99814,-0.078156,1.438,0.90919,-0.79016,-4.1183,-35.321,-31.156
0.096054,-0.99405,-0.079285,1.4379,0.91074,-0.79188,-4.1183,-35.328,-31.149
0.092178,-0.993,-0.078384,1.438,0.91081,-0.79214,-4.1183,-35.328,-31.149
0.090317,-0.98813,-0.085358,1.4382,0.9082,-0.79027,-4.1145,-35.331,-31.145
0.098022,-0.9893,-0.086182,1.438,0.90678,-0.78907,-4.1375,-35.331,-31.142
0.099884,-0.98932,-0.084167,1.438,0.90582,-0.78813,-4.1375,-35.331,-31.142
0.099991,-0.99031,-0.087143,1.4377,0.90485,-0.787,-4.1439,-35.322,-31.152
0.099899,-0.98834,-0.085159,1.4377,0.9041,-0.78606,-4.1297,-35.32,-31.156
0.10376,-0.99037,-0.084091,1.4377,0.90303,-0.78451,-4.1297,-35.32,-31.156
0.1086,-0.98955,-0.086975,1.4374,0.90064,-0.78165,-4.111,-35.309,-31.171
0.11346,-0.99449,-0.085861,1.4371,0.89998,-0.78085,-4.0967,-35.3,-31.184
0.11055,-0.99249,-0.085922,1.4367,0.90032,-0.78098,-4.0967,-35.3,-31.184
0.12099,-0.98303,-0.089676,1.4365,0.9009,-0.78145,-4.0823,-35.286,-31.2
0.12282,-0.98401,-0.084686,1.4359,0.90324,-0.78385,-4.0335,-35.279,-31.215
0.12097,-0.98688,-0.085709,1.4351,0.90701,-0.78784,-4.0335,-35.279,-31.215
0.11716,-0.99451,-0.078857,1.4347,0.91122,-0.79257,-4.0261,-35.281,-31.213
0.11432,-0.99255,-0.082886,1.4345,0.91451,-0.79652,-4.0035,-35.297,-31.199
0.11128,-0.98856,-0.079987,1.4343,0.91529,-0.79782,-4.0035,-35.297,-31.199
0.10461,-0.9865,-0.083084,1.4342,0.91567,-0.79942,-4.0164,-35.302,-31.191
0.10481,-0.99527,-0.083084,1.4342,0.91466,-0.79913,-4.0748,-35.308,-31.176
0.1068,-0.99825,-0.083038,1.4341,0.91364,-0.79974,-4.0748,-35.308,-31.176
0.11142,-0.99345,-0.080963,1.4338,0.91456,-0.80159,-4.1112,-35.309,-31.172
0.11336,-0.98674,-0.088837,1.4338,0.91557,-0.80294,-4.1364,-35.31,-31.167
0.1095,-0.9876,-0.085938,1.4337,0.9173,-0.80528,-4.1364,-35.31,-31.167
0.10681,-0.99437,-0.087982,1.4337,0.91698,-0.80532,-4.1463,-35.315,-31.159
0.11145,-0.99442,-0.081955,1.4336,0.91529,-0.80432,-4.174,-35.309,-31.162
0.10576,-1.003,-0.076141,1.4337,0.91645,-0.80617,-4.174,-35.309,-31.162
0.10085,-0.99127,-0.081177,1.4337,0.91548,-0.80529,-4.2016,-35.314,-31.154
0.11136,-0.98378,-0.087891,1.4338,0.91423,-0.80409,-4.2101,-35.308,-31.159
0.11606,-0.98578,-0.080856,1.4336,0.91531,-0.8052,-4.2101,-35.308,-31.159
0.11911,-0.99071,-0.083786,1.4333,0.91673,-0.80655,-4.2104,-35.304,-31.164
0.11725,-0.99165,-0.085785,1.4329,0.92002,-0.80979,-4.187,-35.309,-31.161
0.11906,-0.99167,-0.080811,1.4327,0.92031,-0.81012,-4.187,-35.309,-31.161
0.11623,-0.99356,-0.080856,1.4325,0.92208,-0.81195,-4.1631,-35.312,-31.161
0.11246,-0.99542,-0.081924,1.4325,0.92239,-0.8123,-4.162,-35.312,-31.161
0.11716,-0.9955,-0.077881,1.4324,0.92219,-0.81207,-4.162,-35.312,-31.161
0.11716,-0.99162,-0.081833,1.4324,0.92297,-0.81276,-4.1592,-35.311,-31.162
0.11527,-0.99063,-0.083862,1.4322,0.92402,-0.81363,-4.1477,-35.313,-31.162
0.1171,-0.98869,-0.081833,1.4323,0.92371,-0.81302,-4.1477,-35.313,-31.162
0.11234,-0.9886,-0.082916,1.4323,0.92407,-0.81323,-4.1411,-35.312,-31.164
0.10956,-0.99536,-0.080994,1.4324,0.92287,-0.81173,-4.1346,-35.308,-31.169
0.11055,-0.99249,-0.085922,1.4325,0.92257,-0.81129,-4.1346,-35.308,-31.169
0.11328,-0.99251,-0.079941,1.4326,0.92144,-0.80977,-4.1311,-35.303,-31.176
0.11527,-0.98869,-0.085831,1.4326,0.92144,-0.8093,-4.1311,-35.303,-31.176
0.12097,-0.9888,-0.08374,1.4325,0.92211,-0.8097,-4.1261,-35.3,-31.179
0.11723,-0.99068,-0.085785,1.4322,0.92327,-0.81037,-4.1152,-35.298,-31.183
0.11522,-0.99352,-0.078903,1.4323,0.92396,-0.81079,-4.071,-35.298,-31.189
0.11536,-0.99164,-0.086838,1.4325,0.92438,-0.81082,-4.071,-35.298,-31.189
0.10848,-0.99143,-0.080048,1.4325,0.92404,-0.81024,-4.0612,-35.305,-31.182
0.10568,-0.99237,-0.083054,1.4327,0.92357,-0.80941,-4.0545,-35.304,-31.184
0.10471,-0.99425,-0.080124,1.433,0.92212,-0.80785,-4.0545,-35.304,-31.184
0.10559,-0.99136,-0.080093,1.4331,0.92053,-0.80613,-4.0578,-35.304,-31.183
0.10753,-0.99043,-0.081039,1.4333,0.92007,-0.80503,-4.0548,-35.306,-31.182
0.10947,-0.99145,-0.080994,1.4335,0.91994,-0.80451,-4.0548,-35.306,-31.182
0.11044,-0.99246,-0.080978,1.4341,0.918,-0.80141,-4.0343,-35.303,-31.188
0.12294,-0.9908,-0.083694,1.4343,0.91719,-0.7999,-4.0284,-35.302,-31.19
0.11812,-0.99263,-0.081818,1.4342,0.91731,-0.79963,-4.0284,-35.302,-31.19
0.10982,-0.99643,-0.091873,1.4344,0.91566,-0.79718,-4.0065,-35.301,-31.194
0.11136,-0.9857,-0.085907,1.4344,0.91429,-0.79537,-4.0065,-35.301,-31.194
0.11229,-0.98762,-0.081924,1.4345,0.91298,-0.79353,-3.9932,-35.294,-31.203
0.11528,-0.98969,-0.085831,1.4344,0.91473,-0.79501,-3.9723,-35.285,-31.217
0.11446,-0.99066,-0.090805,1.4341,0.9149,-0.79513,-3.9723,-35.285,-31.217
0.11816,-0.99071,-0.084793,1.4337,0.91651,-0.79682,-3.9644,-35.288,-31.213
0.10765,-0.99144,-0.085983,1.4336,0.9167,-0.79706,-3.9467,-35.28,-31.226
0.10667,-0.99239,-0.08403,1.4338,0.9163,-0.79678,-3.9618,-35.281,-31.222
0.10571,-0.99141,-0.085037,1.4342,0.91475,-0.79547,-3.9618,-35.281,-31.222
0.10271,-0.98647,-0.084106,1.4346,0.91221,-0.79328,-3.9774,-35.283,-31.218
0.10272,-0.99226,-0.079147,1.4352,0.9097,-0.79086,-3.9774,-35.283,-31.218
0.098953,-0.99318,-0.081207,1.4356,0.90842,-0.78961,-4.0247,-35.282,-31.213
0.096115,-0.99216,-0.084244,1.4362,0.90553,-0.78682,-4.061,-35.286,-31.204
0.090317,-0.99007,-0.083374,1.4366,0.90294,-0.78426,-4.061,-35.286,-31.204
0.095154,-0.99213,-0.084274,1.4379,0.89521,-0.77681,-4.0852,-35.283,-31.204
0.099014,-0.99223,-0.085175,1.4382,0.89196,-0.77372,-4.1303,-35.277,-31.205
0.10672,-0.99046,-0.087006,1.4385,0.89053,-0.77229,-4.1303,-35.277,-31.205
0.11342,-0.99739,-0.080917,1.4385,0.89137,-0.77306,-4.1642,-35.275,-31.203
0.1143,-0.9906,-0.083878,1.4384,0.89328,-0.77493,-4.1627,-35.28,-31.197
0.1124,-0.99153,-0.082916,1.438,0.89639,-0.7783,-4.1627,-35.28,-31.197
0.10657,-0.99234,-0.079071,1.4377,0.8981,-0.78066,-4.1422,-35.289,-31.19
0.10458,-0.98648,-0.082092,1.4377,0.89771,-0.78051,-4.1567,-35.291,-31.186
0.09819,-0.99709,-0.086182,1.4377,0.8969,-0.78039,-4.1567,-35.291,-31.186
0.094177,-0.99307,-0.082306,1.4378,0.89623,-0.78007,-4.1735,-35.291,-31.183
0.099045,-0.99515,-0.083191,1.438,0.89524,-0.77977,-4.2298,-35.299,-31.167
0.091309,-0.99397,-0.082367,1.4384,0.89247,-0.77779,-4.2298,-35.299,-31.167
0.092102,-0.98717,-0.080368,1.4387,0.89008,-0.77601,-4.256,-35.298,-31.164
0.09314,-0.99206,-0.080353,1.4392,0.88725,-0.77359,-4.302,-35.298,-31.157
0.09996,-0.99515,-0.081192,1.4393,0.88683,-0.77316,-4.302,-35.298,-31.157
0.093292,-0.99309,-0.085297,1.4395,0.8862,-0.77233,-4.3166,-35.296,-31.158
0.089584,-0.994,-0.090317,1.4396,0.88487,-0.77085,-4.3173,-35.297,-31.157
0.10571,-0.98465,-0.091949,1.4395,0.87953,-0.7654,-4.3173,-35.297,-31.157
0.10942,-0.99046,-0.080017,1.4391,0.88045,-0.76628,-4.335,-35.285,-31.168
0.10274,-0.9884,-0.083115,1.439,0.88246,-0.76826,-4.3249,-35.276,-31.18
0.10579,-0.99432,-0.086014,1.4387,0.88517,-0.77107,-4.3249,-35.276,-31.18
0.10371,-0.99036,-0.082108,1.4385,0.88617,-0.77225,-4.3249,-35.276,-31.18
0.1037,-0.98746,-0.084091,1.4383,0.88839,-0.77471,-4.2934,-35.288,-31.171
0.10178,-0.99225,-0.080185,1.438,0.88949,-0.7763,-4.2934,-35.288,-31.171
0.099991,-0.99612,-0.082184,1.4381,0.88953,-0.77647,-4.2902,-35.29,-31.168
0.10489,-0.99916,-0.083084,1.4382,0.88864,-0.77592,-4.3076,-35.294,-31.161
0.09993,-0.98933,-0.086136,1.4382,0.88794,-0.77534,-4.3076,-35.294,-31.161
0.10088,-0.99031,-0.08316,1.4381,0.88595,-0.77344,-4.3163,-35.292,-31.163
0.10176,-0.99321,-0.078201,1.4382,0.88474,-0.77213,-4.3253,-35.28,-31.175
0.10371,-0.99036,-0.082108,1.4384,0.88525,-0.77247,-4.3253,-35.28,-31.175
0.10378,-0.99233,-0.083099,1.4385,0.88603,-0.773,-4.3221,-35.283,-31.172
0.10761,-0.99143,-0.084015,1.4385,0.88659,-0.77339,-4.3125,-35.286,-31.17
0.1124,-0.98961,-0.0849,1.4383,0.88675,-0.77337,-4.3125,-35.286,-31.17
0.11333,-0.98672,-0.086868,1.4381,0.8876,-0.77407,-4.3004,-35.284,-31.174
0.11333,-0.99252,-0.081909,1.4377,0.89048,-0.77666,-4.2624,-35.289,-31.174
0.11058,-0.98962,-0.08989,1.4375,0.89219,-0.77811,-4.2624,-35.289,-31.174
0.11052,-0.99152,-0.084946,1.4373,0.89207,-0.77797,-4.2458,-35.291,-31.174
0.11427,-0.99156,-0.081894,1.4372,0.89281,-0.77873,-4.2313,-35.29,-31.177
0.10959,-0.99052,-0.086945,1.4371,0.89378,-0.77972,-4.2313,-35.29,-31.177
0.1114,-0.98379,-0.089874,1.437,0.8937,-0.77974,-4.2313,-35.29,-31.177
0.10948,-0.99145,-0.081985,1.4366,0.89414,-0.78056,-4.2279,-35.287,-31.181
0.10877,-0.99927,-0.084991,1.4365,0.89455,-0.78114,-4.2279,-35.287,-31.181
