,Day,CPI USA,CAD/USD,EUR/USD,JPY/USD,GBP/USD,CHF/USD,AUD/USD,HKD/USD,NZD/USD,KRW/USD,MXN/USD
2017-01-03,2,2.5000419999999997,1.3438,0.9601299999999999,117.67,0.81596,1.02659,1.3831,7.7563,1.4436,1208.5,20.909000000000002
2017-01-04,3,2.5000419999999997,1.3293,0.9546100000000001,117.43,0.81328,1.0227700000000002,1.3755,7.7553,1.4394,1198.6,21.385
2017-01-05,4,2.5000419999999997,1.3216,0.94353,115.42,0.80566,1.01078,1.3637,7.7545,1.4244,1183.2,21.399
2017-01-06,5,2.5000419999999997,1.3216,0.94704,116.85,0.81214,1.0151299999999999,1.3692,7.7552,1.4343,1200.4,21.302
2017-01-09,8,2.5000419999999997,1.3222,0.94558,116.08,0.82201,1.01489,1.3582,7.7559,1.4233,1202.0,21.336
2017-01-10,9,2.5000419999999997,1.3208,0.9459299999999999,115.76,0.82211,1.0158399999999999,1.3569,7.7544,1.4294,1197.5,21.628
2017-01-11,10,2.5000419999999997,1.3232,0.95242,116.27,0.8254,1.02044,1.3517,7.7557,1.4274,1196.4,21.881999999999998
2017-01-12,11,2.5000419999999997,1.313,0.93766,113.88,0.81894,1.0066700000000002,1.3321,7.7545,1.401,1172.3,21.699
2017-01-13,12,2.5000419999999997,1.3135,0.94124,115.02,0.81976,1.00984,1.3369,7.7553,1.4075,1179.1,21.546999999999997
2017-01-16,15,2.5000419999999997,1.3163,0.9433799999999999,114.06,0.83037,1.01168,1.3381,7.7553,1.4087,1184.8,21.65
2017-01-17,16,2.5000419999999997,1.306,0.93499,112.98,0.80747,1.00276,1.3267,7.7561,1.3923,1163.0,21.58
2017-01-18,17,2.5000419999999997,1.3177,0.9361299999999999,113.4,0.8124399999999999,1.00282,1.3241,7.7565,1.3932,1172.3,21.855999999999998
2017-01-19,18,2.5000419999999997,1.3329,0.9407200000000001,115.3,0.8118,1.00947,1.3256,7.7569,1.3947,1178.5,21.898000000000003
2017-01-20,19,2.5000419999999997,1.3339,0.9364,115.09,0.81118,1.00505,1.3258,7.7587,1.399,1176.3,21.686
2017-01-23,22,2.5000419999999997,1.3289,0.9311200000000001,112.91,0.80093,0.99902,1.322,7.7563,1.3861,1165.7,21.434
2017-01-24,23,2.5000419999999997,1.3152,0.9303899999999999,113.67,0.79801,1.0,1.3186,7.757,1.3772,1167.0,21.385
2017-01-25,24,2.5000419999999997,1.3075,0.9308700000000001,113.6,0.79247,0.9996200000000001,1.322,7.7574,1.376,1165.3,21.311999999999998
2017-01-26,25,2.5000419999999997,1.3104,0.93727,114.75,0.79505,1.00115,1.3281,7.758,1.3829,1171.0,21.304000000000002
2017-01-27,26,2.5000419999999997,1.3108,0.93548,115.18,0.7981,0.99916,1.325,7.7582,1.378,1176.7,21.026999999999997
2017-01-30,29,2.5000419999999997,1.3093,0.93635,113.85,0.8016800000000001,0.99764,1.3237,7.7583,1.3739,1172.2,20.756
2017-01-31,30,2.5000419999999997,1.303,0.9265399999999999,112.72,0.79471,0.9890700000000001,1.319,7.7584,1.3645,1152.1,20.838
2017-02-01,31,2.7379580000000003,1.3089,0.92968,113.32,0.79097,0.9931,1.3221,7.7594,1.3792,1155.3,20.819000000000003
2017-02-02,32,2.7379580000000003,1.3019,0.9257,112.43,0.7973899999999999,0.98944,1.3035,7.7596,1.369,1141.0,20.629
2017-02-03,33,2.7379580000000003,1.3004,0.9266700000000001,112.39,0.7993600000000001,0.99108,1.3012,7.7583,1.3647,1135.7,20.36
2017-02-06,36,2.7379580000000003,1.3117,0.93194,112.3,0.80329,0.99341,1.309,7.7584,1.3694,1135.7,20.521
2017-02-07,37,2.7379580000000003,1.3167,0.93542,112.16,0.80096,0.9971200000000001,1.3098,7.7586,1.367,1144.0,20.644000000000002
2017-02-08,38,2.7379580000000003,1.3157,0.9339799999999999,111.78,0.7973899999999999,0.9935799999999999,1.3077,7.7588,1.366,1144.1,20.51
2017-02-09,39,2.7379580000000003,1.3141,0.9383100000000001,113.28,0.79909,1.00137,1.3119,7.7577,1.3925,1149.7,20.421
2017-02-10,40,2.7379580000000003,1.3074,0.93909,113.19,0.79993,1.00268,1.3013,7.7595,1.3879,1146.8,20.311
2017-02-13,43,2.7379580000000003,1.3071,0.94321,113.76,0.7994,1.00546,1.3084,7.7596,1.3935,1151.6,20.328
2017-02-14,44,2.7379580000000003,1.3093,0.9454799999999999,114.35,0.8022699999999999,1.0072299999999998,1.309,7.7596,1.3979,1140.5,20.347
2017-02-15,45,2.7379580000000003,1.3084,0.9437399999999999,114.17,0.8023100000000001,1.00623,1.2993,7.7608,1.3887,1136.8,20.292
2017-02-16,46,2.7379580000000003,1.3058,0.9380799999999999,113.35,0.80155,0.99923,1.2998,7.76,1.3838,1141.4,20.34
2017-02-17,47,2.7379580000000003,1.3116,0.94211,112.87,0.80471,1.00214,1.3061,7.7615,1.3925,1152.5,20.462
2017-02-21,51,2.7379580000000003,1.3149,0.94781,113.45,0.8022600000000001,1.0083600000000001,1.3036,7.761,1.3957,1144.4,20.427
2017-02-22,52,2.7379580000000003,1.3187,0.9474100000000001,113.49,0.80286,1.01096,1.3016,7.7604,1.3965,1143.7,19.92
2017-02-23,53,2.7379580000000003,1.3109,0.9447200000000001,112.72,0.797,1.00614,1.2963,7.7596,1.3821,1131.1,19.737000000000002
2017-02-24,54,2.7379580000000003,1.3104,0.94511,112.29,0.8001,1.0056,1.3021,7.761,1.3889,1131.6,19.873
2017-02-27,57,2.7379580000000003,1.3101,0.94116,111.97,0.80173,1.00514,1.3,7.7613,1.3844,1131.3,19.832
2017-02-28,58,2.7379580000000003,1.3248,0.94185,112.08,0.80476,1.00227,1.3011,7.7625,1.3833,1129.4,20.003
2017-03-01,59,2.3806119999999997,1.3346,0.9466600000000001,113.68,0.8118,1.00725,1.305,7.7631,1.4025,1141.7,19.884
2017-03-02,60,2.3806119999999997,1.3384,0.95104,114.49,0.81525,1.0120200000000001,1.3197,7.7628,1.4145,1147.9,19.926
2017-03-03,61,2.3806119999999997,1.3419,0.9476700000000001,114.59,0.8164899999999999,1.01184,1.3232,7.7636,1.4265,1157.8,19.581
2017-03-06,64,2.3806119999999997,1.341,0.9447700000000001,113.93,0.81694,1.01162,1.319,7.7639,1.429,1155.0,19.537
2017-03-07,65,2.3806119999999997,1.3413,0.94504,113.96,0.81911,1.01322,1.3154,7.7645,1.4321,1152.3,19.512999999999998
2017-03-08,66,2.3806119999999997,1.3481,0.94816,114.54,0.82296,1.0146,1.3256,7.7676,1.4457,1155.2,19.609
2017-03-09,67,2.3806119999999997,1.3505,0.9446700000000001,114.74,0.8221200000000001,1.01321,1.3307,7.7648,1.448,1158.2,19.793
2017-03-10,68,2.3806119999999997,1.3469,0.9375,115.02,0.82258,1.01058,1.328,7.7653,1.4455,1151.2,19.66
2017-03-13,71,2.3806119999999997,1.3453,0.9372299999999999,114.59,0.8174100000000001,1.00689,1.319,7.7644,1.4438,1145.9,19.562
2017-03-14,72,2.3806119999999997,1.3463,0.93937,114.58,0.8219200000000001,1.00779,1.3202,7.7683,1.4425,1149.7,19.62
2017-03-15,73,2.3806119999999997,1.3451,0.9405600000000001,114.67,0.81829,1.0080200000000001,1.317,7.769,1.4375,1144.8,19.452
2017-03-16,74,2.3806119999999997,1.3316,0.9313799999999999,113.04,0.80855,0.99544,1.3032,7.7611,1.4326,1126.6,19.173
2017-03-17,75,2.3806119999999997,1.3369,0.93099,112.63,0.80838,0.9977600000000001,1.3005,7.7617,1.4266,1130.1,19.131
2017-03-20,78,2.3806119999999997,1.3357,0.92996,112.62,0.8086800000000001,0.99679,1.293,7.7652,1.4185,1113.1,19.027
2017-03-21,79,2.3806119999999997,1.332,0.9251299999999999,111.93,0.8013,0.99366,1.296,7.7657,1.4163,1119.3,19.094
2017-03-22,80,2.3806119999999997,1.3347,0.92591,111.04,0.80157,0.9899899999999999,1.3029,7.7666,1.4172,1118.8,19.067
2017-03-23,81,2.3806119999999997,1.3333,0.92706,111.11,0.79838,0.9924799999999999,1.3084,7.7673,1.4201,1118.5,18.996
2017-03-24,82,2.3806119999999997,1.3373,0.92553,111.07,0.8006800000000001,0.99125,1.3126,7.767,1.4228,1118.1,18.854
2017-03-27,85,2.3806119999999997,1.3368,0.9190200000000001,110.48,0.79482,0.9830899999999999,1.312,7.7671,1.4178,1109.4,18.823
2017-03-28,86,2.3806119999999997,1.3363,0.9215899999999999,110.53,0.7998,0.98511,1.3074,7.7672,1.4216,1112.7,18.864
2017-03-29,87,2.3806119999999997,1.3372,0.92971,111.06,0.80583,0.99665,1.3057,7.7691,1.4238,1113.4,18.831
2017-03-30,88,2.3806119999999997,1.3279,0.93225,111.4,0.80071,0.997,1.3047,7.7706,1.424,1114.9,18.666
2017-03-31,89,2.3806119999999997,1.3322,0.93481,111.39,0.79772,0.9999299999999999,1.3094,7.7717,1.4283,1118.6,18.832
2017-04-03,92,2.1996900000000004,1.3389,0.9385899999999999,111.02,0.80145,1.00292,1.3157,7.7711,1.4294,1118.5,18.736
2017-04-04,93,2.1996900000000004,1.3415,0.93778,110.78,0.80411,1.00224,1.3217,7.7707,1.4335,1123.5,18.82
2017-04-05,94,2.1996900000000004,1.3411,0.9380299999999999,111.2,0.8008,1.0051700000000001,1.3204,7.7693,1.438,1127.9,18.727999999999998
2017-04-06,95,2.1996900000000004,1.3409,0.93901,111.0,0.80097,1.00464,1.3247,7.7697,1.4343,1132.5,18.754
2017-04-07,96,2.1996900000000004,1.3397,0.94206,110.81,0.80661,1.00676,1.3305,7.7694,1.4373,1134.4,18.654
2017-04-10,99,2.1996900000000004,1.3347,0.9429799999999999,110.95,0.8053,1.00778,1.3334,7.7697,1.4358,1142.7,18.692999999999998
2017-04-11,100,2.1996900000000004,1.3335,0.94214,109.75,0.80109,1.00718,1.334,7.7712,1.438,1148.6,18.753
2017-04-12,101,2.1996900000000004,1.3302,0.94247,109.57,0.80007,1.00544,1.3359,7.771,1.4441,1139.8,18.77
2017-04-13,102,2.1996900000000004,1.3265,0.94071,109.27,0.79866,1.0047700000000002,1.3183,7.7739,1.426,1134.7,18.534000000000002
2017-04-17,106,2.1996900000000004,1.3277,0.93811,108.47,0.79451,1.00219,1.3151,7.7722,1.4229,1135.8,18.546
2017-04-18,107,2.1996900000000004,1.3381,0.93404,108.44,0.78325,0.9977600000000001,1.3242,7.7744,1.4219,1144.7,18.479
2017-04-19,108,2.1996900000000004,1.3469,0.9339799999999999,109.06,0.78195,0.99859,1.3333,7.7744,1.4282,1143.4,18.872
2017-04-20,109,2.1996900000000004,1.348,0.92965,109.33,0.77942,0.99608,1.3264,7.7749,1.4249,1137.6,18.851
2017-04-21,110,2.1996900000000004,1.3503,0.9351799999999999,109.07,0.78233,0.99882,1.3266,7.7758,1.4247,1135.7,18.84
2017-04-24,113,2.1996900000000004,1.3516,0.92184,109.71,0.78227,0.99639,1.3232,7.7796,1.4247,1132.9,18.689
2017-04-25,114,2.1996900000000004,1.3615,0.914,110.87,0.7790699999999999,0.99256,1.3269,7.7799,1.4394,1128.0,18.936
2017-04-26,115,2.1996900000000004,1.3592,0.91975,111.5,0.77896,0.9956799999999999,1.34,7.7809,1.4535,1133.6,19.137999999999998
2017-04-27,116,2.1996900000000004,1.3667,0.9205200000000001,111.11,0.77587,0.9949,1.3421,7.7801,1.4591,1135.1,19.125
2017-04-28,117,2.1996900000000004,1.3665,0.91791,111.46,0.77299,0.9944700000000001,1.3377,7.7782,1.4578,1139.7,18.937
2017-05-01,120,1.8748779999999998,1.366,0.91666,111.69,0.7742,0.9948299999999999,1.3276,7.7776,1.4476,1136.4,18.777
2017-05-02,121,1.8748779999999998,1.372,0.9164399999999999,112.09,0.7739199999999999,0.9932700000000001,1.3293,7.7814,1.4442,1129.2,18.779
2017-05-03,122,1.8748779999999998,1.3714,0.91653,112.41,0.77476,0.99154,1.3419,7.7816,1.4483,1132.5,18.809
2017-05-04,123,1.8748779999999998,1.3743,0.9127299999999999,112.65,0.77456,0.9896299999999999,1.3517,7.782,1.4588,1135.8,19.014
2017-05-05,124,1.8748779999999998,1.3712,0.9103100000000001,112.58,0.77177,0.9879,1.35,7.784,1.4472,1137.9,19.01
2017-05-08,127,1.8748779999999998,1.3705,0.91458,112.89,0.77263,0.9973799999999999,1.3536,7.7847,1.4463,1133.6,19.117
2017-05-09,128,1.8748779999999998,1.3728,0.91894,114.11,0.77337,1.0066,1.3612,7.7842,1.4506,1137.4,19.180999999999997
2017-05-10,129,1.8748779999999998,1.3672,0.92005,114.03,0.77278,1.00819,1.3557,7.7863,1.4405,1133.7,19.007
2017-05-11,130,1.8748779999999998,1.3707,0.92043,113.85,0.77656,1.00742,1.3567,7.7899,1.4602,1127.2,18.898
2017-05-12,131,1.8748779999999998,1.3714,0.9159200000000001,113.43,0.77651,1.00329,1.3523,7.7936,1.4588,1123.2,18.774
2017-05-15,134,1.8748779999999998,1.3641,0.91104,113.58,0.77479,0.9965700000000001,1.3469,7.7884,1.4515,1116.3,18.671
2017-05-16,135,1.8748779999999998,1.3596,0.90261,113.21,0.77466,0.98736,1.3461,7.7886,1.4524,1116.3,18.63
2017-05-17,136,1.8748779999999998,1.3614,0.8979600000000001,111.41,0.77186,0.9802,1.3478,7.7871,1.4451,1120.5,18.68
2017-05-18,137,1.8748779999999998,1.3611,0.8997200000000001,111.11,0.76994,0.9788600000000001,1.3462,7.7825,1.4468,1129.5,18.92
2017-05-19,138,1.8748779999999998,1.3544,0.8932899999999999,111.38,0.76776,0.97467,1.3419,7.783,1.4458,1117.5,18.689
2017-05-23,142,1.8748779999999998,1.349,0.8922,111.4,0.77037,0.97352,1.3347,7.7882,1.4237,1125.1,18.62
2017-05-24,143,1.8748779999999998,1.346,0.8935799999999999,111.89,0.77232,0.976,1.3378,7.7886,1.4228,1122.6,18.542
2017-05-25,144,1.8748779999999998,1.3453,0.89199,111.83,0.77218,0.9723200000000001,1.3398,7.7915,1.4213,1120.1,18.451
2017-05-26,145,1.8748779999999998,1.3456,0.89474,111.21,0.78092,0.97451,1.343,7.7927,1.4164,1119.5,18.477999999999998
2017-05-29,148,1.8748779999999998,1.3446,0.89479,111.31,0.77876,0.97583,1.3438,7.7946,1.4146,1122.4,18.505
2017-05-30,149,1.8748779999999998,1.3469,0.8944200000000001,110.86,0.7777,0.9750200000000001,1.3403,7.793,1.4107,1124.3,18.645
2017-05-31,150,1.8748779999999998,1.35,0.8902700000000001,110.75,0.77644,0.9691299999999999,1.3446,7.7923,1.4087,1119.4,18.685
2017-06-01,151,1.6334879999999998,1.35,0.8916200000000001,111.29,0.77622,0.9709399999999999,1.3546,7.7912,1.4154,1122.2,18.598
2017-06-02,152,1.6334879999999998,1.3504,0.8873700000000001,110.6,0.77654,0.96485,1.346,7.7917,1.4017,1119.7,18.644000000000002
2017-06-05,155,1.6334879999999998,1.3483,0.8887299999999999,110.52,0.77417,0.9652799999999999,1.3363,7.7922,1.4005,1119.9,18.377
2017-06-06,156,1.6334879999999998,1.3461,0.88734,109.44,0.77567,0.96288,1.3316,7.7939,1.3909,1119.0,18.277
2017-06-07,157,1.6334879999999998,1.3492,0.88886,109.51,0.77269,0.9648200000000001,1.3239,7.7947,1.3898,1124.3,18.235
2017-06-08,158,1.6334879999999998,1.3503,0.8915799999999999,110.14,0.77323,0.9676799999999999,1.3258,7.797,1.3861,1123.4,18.203
2017-06-09,159,1.6334879999999998,1.3453,0.8937700000000001,110.54,0.7855300000000001,0.9700799999999999,1.3279,7.7973,1.3881,1124.8,18.182000000000002
2017-06-12,162,1.6334879999999998,1.3415,0.89243,109.87,0.78995,0.96859,1.3265,7.8,1.389,1132.1,18.17
2017-06-13,163,1.6334879999999998,1.3238,0.89235,110.04,0.78499,0.9683299999999999,1.3269,7.7986,1.3847,1128.6,18.077
2017-06-14,164,1.6334879999999998,1.3209,0.88818,109.35,0.78238,0.9676899999999999,1.3135,7.7984,1.3716,1118.5,17.952
2017-06-15,165,1.6334879999999998,1.3283,0.89689,110.69,0.78403,0.9751799999999999,1.3195,7.8017,1.3886,1131.4,18.087
2017-06-16,166,1.6334879999999998,1.3232,0.89381,110.91,0.7823100000000001,0.9738,1.312,7.8006,1.3792,1133.8,17.942
2017-06-19,169,1.6334879999999998,1.322,0.89579,111.37,0.7844300000000001,0.9742799999999999,1.3158,7.8,1.3813,1135.7,17.964000000000002
2017-06-20,170,1.6334879999999998,1.3267,0.89818,111.49,0.79178,0.9752299999999999,1.3184,7.8006,1.3813,1141.7,18.122
2017-06-21,171,1.6334879999999998,1.331,0.8969600000000001,111.47,0.78925,0.9740200000000001,1.3237,7.8006,1.3839,1143.5,18.188
2017-06-22,172,1.6334879999999998,1.3241,0.89654,111.27,0.78947,0.9725299999999999,1.3258,7.7999,1.3764,1140.5,18.121
2017-06-23,173,1.6334879999999998,1.3268,0.8932899999999999,111.22,0.78583,0.96939,1.3205,7.7996,1.3721,1135.0,17.995
2017-06-26,176,1.6334879999999998,1.3238,0.89331,111.62,0.78573,0.97131,1.3179,7.7994,1.3703,1133.4,17.875
2017-06-27,177,1.6334879999999998,1.3188,0.88433,112.14,0.78225,0.96291,1.3175,7.8007,1.3733,1138.9,17.972
2017-06-28,178,1.6334879999999998,1.306,0.87982,112.2,0.7742899999999999,0.96015,1.3115,7.804,1.3704,1141.6,17.893
2017-06-29,179,1.6334879999999998,1.3015,0.8753700000000001,112.3,0.76998,0.9571299999999999,1.3035,7.8055,1.3717,1145.7,18.034000000000002
2017-06-30,180,1.6334879999999998,1.2977,0.8760600000000001,112.26,0.7696,0.95835,1.3019,7.8063,1.3651,1144.4,18.074
2017-07-04,184,1.7279779999999998,1.2941,0.8812399999999999,113.22,0.77375,0.96531,1.3147,7.8079,1.3716,1151.3,18.201
2017-07-05,185,1.7279779999999998,1.2982,0.88229,113.28,0.77394,0.96585,1.3177,7.8074,1.3751,1155.0,18.317999999999998
2017-07-06,186,1.7279779999999998,1.2946,0.87669,113.26,0.77184,0.9627399999999999,1.3182,7.8116,1.3764,1156.9,18.311
2017-07-07,187,1.7279779999999998,1.2887,0.8771399999999999,113.94,0.7761899999999999,0.9640200000000001,1.3154,7.8116,1.3743,1154.7,18.123
2017-07-10,190,1.7279779999999998,1.2888,0.87745,114.15,0.7764800000000001,0.9661200000000001,1.3158,7.8128,1.3753,1149.7,17.982
2017-07-11,191,1.7279779999999998,1.292,0.87451,114.13,0.77784,0.9662700000000001,1.3123,7.8118,1.3846,1150.5,17.952
2017-07-12,192,1.7279779999999998,1.2794,0.8755200000000001,113.22,0.7760100000000001,0.9642799999999999,1.3034,7.8111,1.3775,1140.3,17.787
2017-07-13,193,1.7279779999999998,1.2743,0.8770700000000001,113.27,0.77315,0.96699,1.2942,7.8084,1.3661,1137.8,17.743
2017-07-14,194,1.7279779999999998,1.2672,0.87303,112.54,0.76554,0.96483,1.28,7.8073,1.3629,1129.4,17.567999999999998
2017-07-17,197,1.7279779999999998,1.2669,0.8716200000000001,112.61,0.76559,0.96196,1.2797,7.8042,1.3646,1128.1,17.586
2017-07-18,198,1.7279779999999998,1.2628,0.8645799999999999,111.95,0.7672399999999999,0.95378,1.2622,7.8046,1.3592,1124.5,17.507
2017-07-19,199,1.7279779999999998,1.2595,0.8679,111.76,0.76747,0.9546,1.2582,7.8082,1.3584,1123.6,17.5
2017-07-20,200,1.7279779999999998,1.2585,0.86175,111.97,0.7709,0.95319,1.258,7.8102,1.3534,1122.7,17.528
2017-07-21,201,1.7279779999999998,1.2549,0.85764,111.15,0.7699699999999999,0.9465899999999999,1.2631,7.8087,1.3436,1118.5,17.570999999999998
2017-07-24,204,1.7279779999999998,1.2512,0.8590399999999999,111.02,0.76747,0.94616,1.2608,7.8069,1.3454,1115.2,17.685
2017-07-25,205,1.7279779999999998,1.2507,0.85711,111.57,0.76641,0.94901,1.258,7.8082,1.3464,1117.7,17.748
2017-07-26,206,1.7279779999999998,1.2505,0.85815,111.85,0.76572,0.9569200000000001,1.2603,7.8115,1.3426,1117.5,17.73
2017-07-27,207,1.7279779999999998,1.252,0.8563,111.39,0.76379,0.9632299999999999,1.2536,7.8095,1.3336,1115.9,17.679000000000002
2017-07-28,208,1.7279779999999998,1.2447,0.8514299999999999,110.84,0.76231,0.9688700000000001,1.2523,7.81,1.3331,1123.4,17.761
2017-07-31,211,1.7279779999999998,1.2485,0.8482200000000001,110.39,0.75952,0.9673799999999999,1.253,7.8107,1.3347,1121.7,17.833
2017-08-01,212,1.9389740000000002,1.2514,0.8467399999999999,110.26,0.75664,0.96529,1.2538,7.8127,1.3375,1121.3,17.814
2017-08-02,213,1.9389740000000002,1.256,0.84352,110.56,0.75576,0.96914,1.2542,7.8169,1.3447,1122.4,17.869
2017-08-03,214,1.9389740000000002,1.2578,0.8425799999999999,110.24,0.76143,0.9693299999999999,1.2589,7.8182,1.3457,1128.1,17.861
2017-08-04,215,1.9389740000000002,1.2638,0.8489899999999999,110.76,0.76617,0.97275,1.2619,7.819,1.3485,1128.4,17.868
2017-08-08,219,1.9389740000000002,1.2672,0.8498399999999999,110.48,0.7699600000000001,0.97454,1.2634,7.8233,1.3632,1126.4,17.901
2017-08-09,220,1.9389740000000002,1.2705,0.85177,109.9,0.76958,0.96425,1.2691,7.817,1.3653,1139.5,17.98
2017-08-10,221,1.9389740000000002,1.2711,0.85103,109.39,0.77008,0.9642700000000001,1.2678,7.8166,1.3736,1144.1,17.92
2017-08-11,222,1.9389740000000002,1.2685,0.84657,109.07,0.76953,0.9617899999999999,1.2677,7.8193,1.3682,1142.8,17.861
2017-08-14,225,1.9389740000000002,1.2705,0.84841,109.62,0.77079,0.97088,1.272,7.8211,1.3713,1139.5,17.772000000000002
2017-08-15,226,1.9389740000000002,1.2755,0.85278,110.53,0.77741,0.973,1.2788,7.824,1.3807,1136.8,17.837
2017-08-16,227,1.9389740000000002,1.2699,0.8532,110.62,0.7773100000000001,0.97236,1.2677,7.8224,1.3747,1137.9,17.719
2017-08-17,228,1.9389740000000002,1.2647,0.8524,109.88,0.77637,0.96388,1.2634,7.8233,1.3696,1139.4,17.75
2017-08-18,229,1.9389740000000002,1.2586,0.85115,109.06,0.7770600000000001,0.96341,1.2615,7.8233,1.3657,1141.1,17.797
2017-08-21,232,1.9389740000000002,1.2575,0.84714,108.87,0.77518,0.96272,1.2595,7.8241,1.3651,1138.0,17.660999999999998
2017-08-22,233,1.9389740000000002,1.2552,0.85041,109.43,0.7795300000000001,0.96725,1.2638,7.8263,1.3722,1133.9,17.657
2017-08-23,234,1.9389740000000002,1.2564,0.8469200000000001,109.06,0.7814399999999999,0.96557,1.266,7.8259,1.3854,1129.9,17.726
2017-08-24,235,1.9389740000000002,1.2529,0.8471799999999999,109.33,0.78077,0.96436,1.2656,7.8243,1.3861,1128.7,17.689
2017-08-25,236,1.9389740000000002,1.2492,0.84286,109.39,0.77725,0.95915,1.2611,7.8216,1.3823,1122.4,17.629
2017-08-28,239,1.9389740000000002,1.2482,0.83609,109.2,0.7736,0.9550799999999999,1.257,7.8232,1.3791,1118.5,17.788
2017-08-29,240,1.9389740000000002,1.2515,0.8322799999999999,109.02,0.7730100000000001,0.94926,1.2553,7.8242,1.3756,1124.4,17.881
2017-08-30,241,1.9389740000000002,1.2605,0.83983,110.28,0.77393,0.9606,1.2643,7.8258,1.3873,1124.4,17.785999999999998
2017-08-31,242,1.9389740000000002,1.2536,0.8420799999999999,110.16,0.77569,0.9626,1.2623,7.8259,1.3965,1124.3,17.809
2017-09-01,243,2.232964,1.239,0.84177,110.13,0.77148,0.96255,1.2546,7.8242,1.3953,1120.3,17.799
2017-09-05,247,2.232964,1.2371,0.83968,108.9,0.76867,0.95662,1.2497,7.8256,1.3815,1130.8,17.859
2017-09-06,248,2.232964,1.2264,0.83839,109.01,0.76612,0.95596,1.2513,7.8255,1.3876,1133.5,17.813
2017-09-07,249,2.232964,1.2148,0.83291,108.56,0.76407,0.95204,1.2449,7.8139,1.3847,1127.9,17.692999999999998
2017-09-08,250,2.232964,1.2132,0.8309,107.74,0.75759,0.94626,1.2391,7.8098,1.3746,1132.8,17.706
2017-09-11,253,2.232964,1.2128,0.8352,109.06,0.75857,0.95309,1.2448,7.8121,1.378,1131.3,17.656
2017-09-12,254,2.232964,1.2159,0.83636,110.04,0.75335,0.96005,1.2458,7.8115,1.3717,1127.9,17.762999999999998
2017-09-13,255,2.232964,1.2187,0.8395,110.49,0.7560600000000001,0.9634,1.2509,7.8123,1.3799,1129.5,17.77
2017-09-14,256,2.232964,1.2198,0.8408899999999999,110.59,0.74743,0.96557,1.2533,7.8127,1.3874,1134.7,17.732
2017-09-15,257,2.232964,1.2182,0.83645,110.95,0.73647,0.9595899999999999,1.2489,7.8182,1.3723,1132.2,17.676
2017-09-18,260,2.232964,1.2238,0.8370200000000001,111.46,0.7399,0.96105,1.2547,7.8162,1.3761,1129.0,17.739
2017-09-19,261,2.232964,1.2277,0.83449,111.51,0.74011,0.96298,1.2491,7.804,1.3674,1130.5,17.764
2017-09-20,262,2.232964,1.2273,0.8350700000000001,111.57,0.73831,0.96334,1.2412,7.7999,1.3558,1128.0,17.725
2017-09-21,263,2.232964,1.2339,0.83836,112.38,0.7382,0.9715799999999999,1.2608,7.8057,1.3677,1133.1,17.862000000000002
2017-09-22,264,2.232964,1.2317,0.83624,112.07,0.73887,0.96946,1.2548,7.8086,1.3645,1132.1,17.753
2017-09-25,267,2.232964,1.2341,0.84331,111.89,0.74165,0.96944,1.2585,7.8142,1.3753,1134.3,17.87
2017-09-26,268,2.232964,1.237,0.8484200000000001,112.15,0.74428,0.9705799999999999,1.2682,7.8125,1.3894,1138.0,17.977
2017-09-27,269,2.232964,1.2412,0.8514799999999999,112.84,0.74632,0.97364,1.2724,7.8101,1.386,1144.0,18.136
2017-09-28,270,2.232964,1.245,0.84855,112.57,0.74426,0.9713700000000001,1.2756,7.8102,1.3853,1146.4,18.194000000000003
2017-09-29,271,2.232964,1.248,0.8465600000000001,112.53,0.74659,0.96909,1.2757,7.8116,1.3842,1145.0,18.171
2017-10-02,274,2.041129,1.2505,0.8514299999999999,112.66,0.75327,0.973,1.2776,7.8109,1.3887,1147.2,18.245
2017-10-03,275,2.041129,1.25,0.8508600000000001,112.92,0.75497,0.9739700000000001,1.2781,7.8113,1.3966,1142.6,18.232
2017-10-04,276,2.041129,1.2479,0.8501799999999999,112.73,0.75388,0.97439,1.2731,7.807,1.3956,1141.7,18.230999999999998
2017-10-05,277,2.041129,1.2548,0.8536600000000001,112.74,0.76159,0.9784,1.2818,7.8092,1.4034,1140.7,18.34
2017-10-06,278,2.041129,1.2549,0.8532700000000001,112.85,0.76598,0.9794,1.2881,7.806,1.4116,1143.9,18.547
2017-10-10,282,2.041129,1.2501,0.8473,112.22,0.75745,0.97535,1.2845,7.8045,1.414,1133.4,18.660999999999998
2017-10-11,283,2.041129,1.2498,0.8441200000000001,112.29,0.75718,0.97321,1.2847,7.8062,1.4128,1132.1,18.729
2017-10-12,284,2.041129,1.2472,0.84441,112.26,0.75721,0.97529,1.2784,7.8084,1.4036,1131.8,18.762999999999998
2017-10-13,285,2.041129,1.2487,0.84486,111.89,0.7519600000000001,0.9741,1.2687,7.8076,1.3921,1126.0,18.923
2017-10-16,288,2.041129,1.2529,0.84724,111.87,0.75353,0.9751,1.2722,7.8077,1.3927,1128.7,19.064
2017-10-17,289,2.041129,1.2548,0.8506,112.34,0.75874,0.9793200000000001,1.2759,7.8078,1.3955,1130.5,18.983
2017-10-18,290,2.041129,1.2486,0.84893,112.89,0.75861,0.9816,1.2758,7.8083,1.4007,1132.0,18.855
2017-10-19,291,2.041129,1.2478,0.8447600000000001,112.52,0.7592300000000001,0.9753799999999999,1.2705,7.8009,1.4243,1131.3,18.835
2017-10-20,292,2.041129,1.2601,0.84844,113.42,0.75841,0.98361,1.2784,7.8032,1.4349,1132.2,18.992
2017-10-23,295,2.041129,1.2644,0.85145,113.71,0.7579,0.98619,1.2811,7.8024,1.4353,1130.9,19.045
2017-10-24,296,2.041129,1.2666,0.85001,113.9,0.76118,0.9892200000000001,1.2855,7.8042,1.4492,1129.9,19.174
2017-10-25,297,2.041129,1.2771,0.8472799999999999,113.82,0.75461,0.98977,1.2984,7.8037,1.4547,1127.2,19.081
2017-10-26,298,2.041129,1.2831,0.8548899999999999,113.85,0.7588699999999999,0.9958100000000001,1.3017,7.802,1.4601,1125.5,19.102
2017-10-27,299,2.041129,1.2874,0.8625799999999999,113.93,0.76277,0.99985,1.3062,7.804,1.4577,1127.3,19.175
2017-10-30,302,2.041129,1.2837,0.8600399999999999,113.3,0.75788,0.9968899999999999,1.3034,7.8,1.4569,1125.1,19.191
2017-10-31,303,2.041129,1.2893,0.8587299999999999,113.59,0.7542,0.9978299999999999,1.3066,7.8008,1.462,1117.2,19.157
2017-11-01,304,2.202583,1.2885,0.86026,114.03,0.75351,1.00156,1.303,7.801,1.4507,1111.7,19.134
2017-11-02,305,2.202583,1.2822,0.8576600000000001,113.97,0.76426,0.9990600000000001,1.2961,7.8023,1.4459,1113.0,19.004
2017-11-03,306,2.202583,1.2764,0.86051,114.17,0.76463,1.00055,1.3064,7.8028,1.4463,1115.7,19.134
2017-11-06,309,2.202583,1.2746,0.86215,113.91,0.76118,0.9991399999999999,1.3034,7.8026,1.4464,1112.2,19.069000000000003
2017-11-07,310,2.202583,1.2785,0.8637299999999999,114.05,0.76074,0.9995299999999999,1.3086,7.804,1.4487,1114.6,19.136
2017-11-08,311,2.202583,1.2729,0.8625700000000001,113.65,0.76308,1.0,1.3026,7.797,1.4435,1113.6,19.081
2017-11-09,312,2.202583,1.2692,0.8594299999999999,113.32,0.76155,0.9955299999999999,1.3036,7.7995,1.4383,1118.2,19.090999999999998
2017-11-10,313,2.202583,1.2683,0.8576,113.44,0.75742,0.99545,1.305,7.8024,1.4417,1120.4,19.075
2017-11-14,317,2.202583,1.2733,0.8494299999999999,113.48,0.7610899999999999,0.99051,1.3103,7.8028,1.4535,1115.0,19.127
2017-11-15,318,2.202583,1.2773,0.8469,112.94,0.75939,0.9880899999999999,1.318,7.807,1.4531,1104.9,19.239
2017-11-16,319,2.202583,1.2745,0.84955,112.99,0.7580399999999999,0.9928299999999999,1.317,7.8093,1.4587,1095.9,19.105
2017-11-17,320,2.202583,1.2783,0.84785,112.23,0.7572,0.9896299999999999,1.3232,7.8117,1.4693,1094.4,18.969
2017-11-20,323,2.202583,1.2793,0.85116,112.42,0.7552399999999999,0.9921700000000001,1.3243,7.8119,1.4674,1097.2,19.009
2017-11-21,324,2.202583,1.2778,0.85209,112.38,0.75529,0.99177,1.3194,7.812,1.4639,1089.3,18.833
2017-11-22,325,2.202583,1.2729,0.84815,111.56,0.75257,0.9840700000000001,1.3172,7.811,1.4582,1087.0,18.719
2017-11-23,326,2.202583,1.2715,0.84395,111.24,0.75152,0.9816299999999999,1.3115,7.8112,1.4516,1084.0,18.63
2017-11-24,327,2.202583,1.2708,0.8388100000000001,111.47,0.74987,0.97965,1.3127,7.8089,1.453,1084.3,18.557000000000002
2017-11-27,330,2.202583,1.2735,0.83899,111.03,0.7496,0.9809,1.3134,7.801,1.447,1089.4,18.532
2017-11-28,331,2.202583,1.2807,0.84245,111.27,0.7521100000000001,0.98341,1.3148,7.8028,1.444,1081.7,18.577
2017-11-29,332,2.202583,1.2853,0.8438700000000001,111.86,0.74532,0.9848299999999999,1.3211,7.8089,1.4512,1081.0,18.539
2017-11-30,333,2.202583,1.2888,0.8407,112.36,0.74052,0.9842700000000001,1.3209,7.8101,1.4609,1086.7,18.613
2017-12-01,334,2.109082,1.2729,0.84109,112.25,0.74152,0.9797600000000001,1.315,7.8117,1.4537,1084.2,18.653
2017-12-04,337,2.109082,1.2695,0.8439700000000001,112.74,0.74175,0.98525,1.3162,7.8167,1.46,1086.0,18.631
2017-12-05,338,2.109082,1.268,0.8458399999999999,112.71,0.74417,0.9872299999999999,1.3137,7.8144,1.4535,1087.5,18.715999999999998
2017-12-06,339,2.109082,1.2757,0.8477,112.2,0.74742,0.9898399999999999,1.321,7.813,1.4531,1095.0,18.869
2017-12-07,340,2.109082,1.2843,0.8482299999999999,112.76,0.74474,0.99266,1.3299,7.8085,1.4621,1093.0,18.94
2017-12-08,341,2.109082,1.286,0.85036,113.5,0.74642,0.99374,1.3315,7.8055,1.4604,1092.6,18.937
2017-12-11,344,2.109082,1.2854,0.84806,113.45,0.74885,0.9908299999999999,1.3276,7.8064,1.4459,1088.4,18.995
2017-12-12,345,2.109082,1.2871,0.85205,113.6,0.75045,0.99229,1.3232,7.8069,1.4421,1091.7,19.168
2017-12-13,346,2.109082,1.2852,0.84955,113.03,0.7480399999999999,0.98862,1.3141,7.8055,1.4296,1088.2,19.128
2017-12-14,347,2.109082,1.2805,0.8477899999999999,112.52,0.74478,0.9885,1.3044,7.8086,1.4304,1088.9,19.092
2017-12-15,348,2.109082,1.2834,0.8494799999999999,112.58,0.75044,0.9908100000000001,1.3065,7.813,1.4276,1088.5,19.124000000000002
2017-12-18,351,2.109082,1.2865,0.8476600000000001,112.46,0.74662,0.9862,1.304,7.8163,1.4275,1086.6,19.054000000000002
2017-12-19,352,2.109082,1.2886,0.8454299999999999,112.94,0.7482300000000001,0.986,1.3056,7.8176,1.4307,1085.6,19.184
2017-12-20,353,2.109082,1.2842,0.8423200000000001,113.35,0.74615,0.98618,1.3039,7.8229,1.4329,1080.1,19.233
2017-12-21,354,2.109082,1.2734,0.8427,113.39,0.7481399999999999,0.98905,1.2993,7.8196,1.426,1080.1,19.415
2017-12-22,355,2.109082,1.2759,0.84424,113.41,0.74758,0.9903,1.296,7.8155,1.4262,1076.7,19.548
2017-12-27,360,2.109082,1.2641,0.8403799999999999,113.27,0.7459600000000001,0.9875,1.2866,7.8121,1.4149,1074.9,19.758
2017-12-28,361,2.109082,1.2588,0.83691,112.9,0.74375,0.9787,1.2834,7.8161,1.4114,1070.4,19.718
2017-12-29,362,2.109082,1.2545,0.83344,112.61,0.73964,0.97588,1.28,7.8144,1.4061,1067.7,19.663
2018-01-02,366,2.0705080000000002,1.2517,0.82993,112.26,0.73651,0.9721200000000001,1.2778,7.8153,1.407,1062.6,19.488
2018-01-03,367,2.0705080000000002,1.2533,0.8318200000000001,112.4,0.73937,0.977,1.2759,7.8171,1.4085,1064.8,19.377
2018-01-04,368,2.0705080000000002,1.2515,0.8284799999999999,112.75,0.73826,0.9748399999999999,1.2735,7.818,1.4,1063.3,19.283
2018-01-05,369,2.0705080000000002,1.2403,0.83041,113.17,0.73731,0.97585,1.2724,7.8194,1.3945,1061.9,19.259
2018-01-08,372,2.0705080000000002,1.2422,0.83549,113.03,0.73752,0.97719,1.2759,7.8219,1.3932,1068.1,19.235
2018-01-09,373,2.0705080000000002,1.2454,0.8384799999999999,112.6,0.73942,0.9831799999999999,1.2786,7.8207,1.394,1071.8,19.285
2018-01-10,374,2.0705080000000002,1.2496,0.83529,111.47,0.7397100000000001,0.97778,1.2752,7.8221,1.39,1068.0,19.266
2018-01-11,375,2.0705080000000002,1.2535,0.8307899999999999,111.32,0.7389600000000001,0.97541,1.2687,7.8231,1.381,1065.0,19.338
2018-01-12,376,2.0705080000000002,1.2504,0.8231700000000001,111.25,0.73037,0.9706600000000001,1.2675,7.8228,1.3803,1062.4,19.058
2018-01-15,379,2.0705080000000002,1.2422,0.81499,110.52,0.7247,0.9622700000000001,1.2553,7.8239,1.3693,1063.5,18.827
2018-01-16,380,2.0705080000000002,1.2419,0.81698,110.69,0.72592,0.96249,1.257,7.8229,1.3747,1065.1,18.811
2018-01-17,381,2.0705080000000002,1.2425,0.8172699999999999,110.84,0.72243,0.96139,1.2515,7.8185,1.3711,1067.4,18.662
2018-01-18,382,2.0705080000000002,1.2446,0.81699,111.03,0.72038,0.9592299999999999,1.2509,7.8174,1.3681,1069.2,18.643
2018-01-19,383,2.0705080000000002,1.2459,0.8172,110.65,0.72126,0.9612700000000001,1.2496,7.8175,1.3729,1067.6,18.593
2018-01-22,386,2.0705080000000002,1.2458,0.8164899999999999,110.94,0.71692,0.9620799999999999,1.2483,7.8186,1.3674,1070.3,18.692
2018-01-23,387,2.0705080000000002,1.2454,0.8143600000000001,110.41,0.71517,0.9591799999999999,1.2522,7.8181,1.3612,1074.5,18.793
2018-01-24,388,2.0705080000000002,1.2341,0.80708,109.21,0.70395,0.9461799999999999,1.2391,7.8178,1.3482,1065.7,18.516
2018-01-25,389,2.0705080000000002,1.2323,0.8021199999999999,108.86,0.70185,0.9369700000000001,1.2385,7.8173,1.3584,1060.5,18.477999999999998
2018-01-26,390,2.0705080000000002,1.2321,0.80456,108.75,0.7047800000000001,0.93511,1.2341,7.8179,1.3607,1064.9,18.511
2018-01-29,393,2.0705080000000002,1.2335,0.80848,108.97,0.71087,0.93653,1.2357,7.8181,1.3662,1071.7,18.613
2018-01-30,394,2.0705080000000002,1.2328,0.80575,108.71,0.70741,0.93401,1.2366,7.8195,1.3631,1072.9,18.69
2018-01-31,395,2.0705080000000002,1.2293,0.8042,109.17,0.70516,0.93199,1.2381,7.8214,1.3543,1068.0,18.623
2018-02-01,396,2.211795,1.2288,0.8015100000000001,109.42,0.70229,0.92894,1.2465,7.821,1.3546,1071.3,18.428
2018-02-02,397,2.211795,1.238,0.80285,110.24,0.70699,0.93125,1.2589,7.8212,1.367,1087.9,18.522000000000002
2018-02-05,400,2.211795,1.2483,0.80535,109.89,0.7135199999999999,0.9356899999999999,1.2622,7.8209,1.3716,1088.3,18.623
2018-02-06,401,2.211795,1.253,0.80865,109.34,0.71817,0.9373100000000001,1.2698,7.8192,1.37,1083.0,18.704
2018-02-07,402,2.211795,1.2546,0.8134600000000001,109.38,0.72004,0.9427399999999999,1.275,7.8185,1.3748,1085.3,18.683
2018-02-08,403,2.211795,1.2585,0.81567,109.15,0.71616,0.9386200000000001,1.282,7.8207,1.3849,1093.4,18.845
2018-02-09,404,2.211795,1.2609,0.81712,108.6,0.72432,0.9388700000000001,1.2818,7.8194,1.3806,1087.9,18.817
2018-02-12,407,2.211795,1.2603,0.81494,108.65,0.72348,0.9387,1.2757,7.8197,1.3807,1083.7,18.637999999999998
2018-02-13,408,2.211795,1.26,0.8094600000000001,107.69,0.72033,0.93409,1.2734,7.8225,1.3736,1084.3,18.634
2018-02-14,409,2.211795,1.2562,0.80702,107.09,0.71738,0.9319700000000001,1.27,7.8218,1.364,1076.4,18.613
2018-02-15,410,2.211795,1.2507,0.80086,106.44,0.71067,0.92405,1.2626,7.8214,1.3537,1066.2,18.512
2018-02-16,411,2.211795,1.254,0.8041,106.18,0.71258,0.92601,1.263,7.822,1.3529,1066.3,18.496
2018-02-20,415,2.211795,1.2622,0.81019,107.24,0.71448,0.9353799999999999,1.267,7.8241,1.3603,1073.3,18.672
2018-02-21,416,2.211795,1.2671,0.81183,107.66,0.71685,0.93734,1.2757,7.825,1.3619,1072.9,18.689
2018-02-22,417,2.211795,1.2709,0.81135,106.8,0.71713,0.93421,1.2746,7.8246,1.3614,1080.7,18.665
2018-02-23,418,2.211795,1.2668,0.81309,106.72,0.71546,0.9358700000000001,1.2779,7.8234,1.3714,1077.2,18.558
2018-02-26,421,2.211795,1.2686,0.81258,106.96,0.71595,0.93776,1.2747,7.824,1.3681,1071.5,18.659000000000002
2018-02-27,422,2.211795,1.274,0.81599,107.33,0.7188,0.93911,1.2799,7.8268,1.3791,1076.9,18.771
2018-02-28,423,2.211795,1.2809,0.81909,106.83,0.72502,0.94371,1.2831,7.8262,1.3851,1082.8,18.817
2018-03-01,424,2.359711,1.2851,0.81942,106.74,0.72744,0.94604,1.2916,7.8274,1.3821,1084.5,18.875999999999998
2018-03-02,425,2.359711,1.2891,0.81188,105.49,0.7258,0.93691,1.2901,7.8299,1.3824,1082.4,18.885
2018-03-05,428,2.359711,1.2977,0.81142,105.93,0.72283,0.9394100000000001,1.29,7.8319,1.3838,1079.6,18.884
2018-03-06,429,2.359711,1.2898,0.80623,106.16,0.7197899999999999,0.9389200000000001,1.2788,7.8335,1.3704,1063.3,18.72
2018-03-07,430,2.359711,1.2947,0.80606,105.95,0.72008,0.9425600000000001,1.2804,7.8357,1.3738,1068.2,18.78
2018-03-08,431,2.359711,1.2927,0.81047,106.13,0.72282,0.94891,1.2838,7.8413,1.3776,1073.7,18.702
2018-03-09,432,2.359711,1.284,0.8122,106.82,0.7218399999999999,0.9504100000000001,1.2761,7.8378,1.3725,1066.4,18.59
2018-03-12,435,2.359711,1.283,0.81177,106.47,0.7197,0.9484,1.2708,7.8402,1.3709,1065.6,18.629
2018-03-13,436,2.359711,1.2912,0.80761,106.8,0.7161,0.9446200000000001,1.2695,7.8402,1.3629,1064.5,18.565
2018-03-14,437,2.359711,1.2944,0.8084899999999999,106.36,0.71617,0.94578,1.2681,7.8412,1.3641,1064.5,18.582
2018-03-15,438,2.359711,1.3032,0.8113100000000001,106.12,0.71683,0.94909,1.2792,7.8419,1.3728,1067.3,18.708
2018-03-16,439,2.359711,1.3088,0.8137800000000001,106.06,0.7176600000000001,0.9524100000000001,1.2933,7.843,1.3851,1069.3,18.724
2018-03-19,442,2.359711,1.3079,0.81115,105.99,0.71194,0.95099,1.2976,7.8432,1.3829,1072.9,18.754
2018-03-20,443,2.359711,1.3077,0.81512,106.4,0.71412,0.95488,1.2999,7.8445,1.3898,1071.9,18.765
2018-03-21,444,2.359711,1.2958,0.81389,106.3,0.71026,0.9527200000000001,1.2966,7.8462,1.392,1070.9,18.554000000000002
2018-03-22,445,2.359711,1.2908,0.81234,105.54,0.70857,0.94926,1.2969,7.8477,1.3839,1079.3,18.517
2018-03-23,446,2.359711,1.2856,0.80947,105.03,0.7068399999999999,0.9473799999999999,1.2943,7.8465,1.3778,1080.3,18.541
2018-03-26,449,2.359711,1.2886,0.80392,105.19,0.70312,0.9447200000000001,1.2937,7.8464,1.3713,1076.5,18.348
2018-03-27,450,2.359711,1.2869,0.80648,105.66,0.70697,0.94799,1.2983,7.8469,1.3749,1073.3,18.366
2018-03-28,451,2.359711,1.2902,0.8102199999999999,106.45,0.70906,0.95478,1.3038,7.8476,1.383,1064.5,18.305999999999997
2018-03-29,452,2.359711,1.2894,0.81263,106.39,0.71214,0.95639,1.3022,7.848,1.3857,1063.0,18.227
2018-04-02,456,2.462744,1.2908,0.81234,106.06,0.7118899999999999,0.9545899999999999,1.305,7.8484,1.3847,1056.3,18.288
2018-04-03,457,2.462744,1.2812,0.81496,106.5,0.71146,0.9587,1.3015,7.8489,1.3773,1055.4,18.199
2018-04-04,458,2.462744,1.2809,0.81363,106.48,0.71058,0.95955,1.299,7.8489,1.3701,1061.2,18.226
2018-04-05,459,2.462744,1.2776,0.81704,107.36,0.7141,0.96306,1.3014,7.849,1.3742,1062.0,18.137
2018-04-06,460,2.462744,1.2764,0.81497,107.08,0.71041,0.96042,1.3018,7.8484,1.3762,1069.9,18.292
2018-04-09,463,2.462744,1.2729,0.8119,106.97,0.70744,0.95714,1.2999,7.8493,1.368,1069.7,18.291
2018-04-10,464,2.462744,1.2618,0.80957,107.2,0.7057,0.95605,1.2894,7.8497,1.3581,1065.7,18.282
2018-04-11,465,2.462744,1.2584,0.80807,106.83,0.7047899999999999,0.95783,1.2891,7.8496,1.3579,1067.3,18.23
2018-04-12,466,2.462744,1.2596,0.8116,107.29,0.70325,0.96278,1.2895,7.8501,1.3557,1071.1,18.152
2018-04-13,467,2.462744,1.2597,0.81114,107.48,0.70167,0.9624799999999999,1.2863,7.8499,1.3595,1071.2,18.086
2018-04-16,470,2.462744,1.2579,0.80795,107.24,0.69814,0.9595,1.2861,7.8501,1.3589,1072.4,18.027
2018-04-17,471,2.462744,1.2552,0.80934,107.1,0.69912,0.9656899999999999,1.2871,7.8499,1.363,1067.3,17.983
2018-04-18,472,2.462744,1.2614,0.80755,107.26,0.70328,0.9671799999999999,1.2852,7.8499,1.3649,1064.5,18.028
2018-04-19,473,2.462744,1.2633,0.80924,107.33,0.70544,0.9699,1.2899,7.8483,1.3732,1065.2,18.309
2018-04-20,474,2.462744,1.2728,0.81402,107.59,0.71277,0.97436,1.3034,7.8444,1.3871,1071.4,18.578
2018-04-23,477,2.462744,1.2833,0.81838,108.48,0.71697,0.9773799999999999,1.3127,7.8429,1.3969,1079.3,18.839000000000002
2018-04-24,478,2.462744,1.2828,0.81785,108.9,0.71577,0.97901,1.3152,7.8469,1.4046,1077.1,18.84
2018-04-25,479,2.462744,1.2869,0.82104,109.24,0.71742,0.9831200000000001,1.3223,7.8468,1.4151,1083.2,18.995
2018-04-26,480,2.462744,1.2862,0.8244299999999999,109.28,0.7173,0.98711,1.3223,7.8468,1.4142,1078.1,18.848
2018-04-27,481,2.462744,1.2857,0.82639,109.14,0.72569,0.98892,1.3216,7.8484,1.4147,1068.7,18.688
2018-04-30,484,2.462744,1.2836,0.82765,109.34,0.72701,0.99066,1.3263,7.8484,1.4199,1069.7,18.747
2018-05-01,485,2.801012,1.2867,0.8329200000000001,109.69,0.73392,0.99536,1.3346,7.849,1.4275,1072.2,18.847
2018-05-02,486,2.801012,1.2851,0.83486,109.84,0.73464,0.99744,1.333,7.8498,1.4271,1077.2,19.044
2018-05-03,487,2.801012,1.2862,0.8347100000000001,109.19,0.73661,0.9980600000000001,1.3293,7.8494,1.4214,1077.2,19.083
2018-05-04,488,2.801012,1.2861,0.8368700000000001,109.08,0.7388,1.00054,1.3283,7.8498,1.4255,1076.2,19.19
2018-05-07,491,2.801012,1.2864,0.8388700000000001,109.2,0.73766,1.0032,1.3307,7.85,1.4249,1080.1,19.414
2018-05-08,492,2.801012,1.2963,0.84285,109.12,0.73943,1.00216,1.3423,7.8495,1.4351,1078.5,19.57
2018-05-09,493,2.801012,1.2856,0.8428,109.69,0.7369399999999999,1.00367,1.3404,7.8502,1.4311,1079.4,19.555999999999997
2018-05-10,494,2.801012,1.2775,0.83952,109.47,0.74028,1.00243,1.3293,7.8499,1.4377,1066.4,19.298
2018-05-11,495,2.801012,1.2779,0.8369200000000001,109.32,0.73769,0.99984,1.3251,7.8496,1.4352,1067.6,19.327
2018-05-14,498,2.801012,1.2775,0.83557,109.56,0.73631,0.99828,1.3253,7.8496,1.4425,1069.9,19.500999999999998
2018-05-15,499,2.801012,1.2876,0.8436600000000001,110.33,0.7407199999999999,1.00179,1.3383,7.8502,1.4557,1078.4,19.748
2018-05-16,500,2.801012,1.2809,0.84772,110.23,0.74139,1.00039,1.3319,7.85,1.4496,1078.2,19.676
2018-05-17,501,2.801012,1.2801,0.8475799999999999,110.74,0.74024,1.0017200000000002,1.3312,7.8498,1.4533,1082.1,19.7
2018-05-18,502,2.801012,1.288,0.84944,110.75,0.74198,0.9981399999999999,1.332,7.8497,1.4469,1082.4,19.913
2018-05-22,506,2.801012,1.2786,0.84872,110.99,0.74432,0.9936299999999999,1.3184,7.8496,1.442,1075.4,19.747
2018-05-23,507,2.801012,1.2876,0.85464,110.05,0.74965,0.99459,1.3255,7.8495,1.4487,1080.2,19.73
2018-05-24,508,2.801012,1.2891,0.8525200000000001,109.34,0.74687,0.99093,1.3209,7.8473,1.4439,1081.5,19.69
2018-05-25,509,2.801012,1.2974,0.85739,109.39,0.7507699999999999,0.99182,1.3236,7.8455,1.4457,1078.5,19.572
2018-05-28,512,2.801012,1.3001,0.8602,109.34,0.75137,0.9940399999999999,1.325,7.8459,1.4405,1074.5,19.586
2018-05-29,513,2.801012,1.302,0.8655799999999999,108.68,0.75417,0.9926799999999999,1.3307,7.8457,1.4473,1083.2,19.775
2018-05-30,514,2.801012,1.2897,0.859,108.93,0.75267,0.98926,1.3226,7.8472,1.4322,1079.2,19.741
2018-05-31,515,2.801012,1.2948,0.85646,108.72,0.75183,0.9849399999999999,1.3208,7.8455,1.4272,1079.9,19.963
2018-06-01,516,2.8715479999999998,1.2964,0.8571799999999999,109.49,0.74971,0.98856,1.3235,7.8455,1.4328,1073.2,19.893
2018-06-04,519,2.8715479999999998,1.2928,0.8545200000000001,109.65,0.74988,0.98725,1.307,7.8456,1.4213,1070.2,19.988
2018-06-05,520,2.8715479999999998,1.2993,0.85514,109.65,0.7478,0.9856600000000001,1.3137,7.8467,1.4245,1071.1,20.368
2018-06-06,521,2.8715479999999998,1.2913,0.8493200000000001,110.09,0.74525,0.98595,1.3042,7.8471,1.4203,1067.2,20.313
2018-06-07,522,2.8715479999999998,1.2972,0.84624,109.84,0.7453,0.9810200000000001,1.31,7.8465,1.4211,1072.1,20.473
2018-06-08,523,2.8715479999999998,1.2962,0.8499700000000001,109.48,0.74632,0.986,1.3166,7.8454,1.4222,1075.7,20.458
2018-06-11,526,2.8715479999999998,1.2993,0.8478899999999999,110.02,0.74733,0.98514,1.3137,7.8464,1.4217,1075.6,20.49
2018-06-12,527,2.8715479999999998,1.3004,0.8493200000000001,110.3,0.74744,0.98515,1.3166,7.8472,1.4245,1079.2,20.622
2018-06-13,528,2.8715479999999998,1.2988,0.8491700000000001,110.44,0.74833,0.9855799999999999,1.3182,7.8481,1.4213,1085.0,20.662
2018-06-14,529,2.8715479999999998,1.3052,0.85908,110.42,0.75102,0.9936799999999999,1.3302,7.8485,1.4277,1085.9,20.698
2018-06-15,530,2.8715479999999998,1.3177,0.86135,110.55,0.7530100000000001,0.99675,1.3417,7.8481,1.4403,1101.8,20.712
2018-06-18,533,2.8715479999999998,1.3213,0.86151,110.48,0.75542,0.99518,1.3472,7.8509,1.4418,1105.7,20.668000000000003
2018-06-19,534,2.8715479999999998,1.3276,0.8643799999999999,109.9,0.75915,0.99498,1.3564,7.851,1.4495,1113.8,20.561
2018-06-20,535,2.8715479999999998,1.3301,0.86325,110.2,0.7582800000000001,0.99566,1.3552,7.8472,1.4549,1108.4,20.385
2018-06-21,536,2.8715479999999998,1.331,0.8619399999999999,110.09,0.75488,0.9921,1.3547,7.8432,1.4546,1110.1,20.33
2018-06-22,537,2.8715479999999998,1.3308,0.85841,109.98,0.7537,0.9892200000000001,1.3452,7.8467,1.4481,1112.7,20.102999999999998
2018-06-25,540,2.8715479999999998,1.3303,0.85511,109.58,0.7532800000000001,0.9870899999999999,1.3497,7.8484,1.4505,1116.0,20.053
2018-06-26,541,2.8715479999999998,1.3306,0.8576799999999999,109.97,0.75572,0.99054,1.3525,7.8502,1.4584,1119.1,19.88
2018-06-27,542,2.8715479999999998,1.3307,0.86303,110.34,0.7607,0.99544,1.3572,7.8461,1.4701,1122.0,20.077
2018-06-28,543,2.8715479999999998,1.3267,0.8639100000000001,110.37,0.76427,0.9975200000000001,1.3607,7.8457,1.48,1122.4,19.867
2018-06-29,544,2.8715479999999998,1.3168,0.85729,110.75,0.75866,0.99224,1.3529,7.8474,1.4779,1113.1,19.742
2018-07-03,548,2.9495150000000003,1.3154,0.85811,110.63,0.75872,0.99245,1.3541,7.8438,1.4821,1115.7,19.592
2018-07-04,549,2.9495150000000003,1.3143,0.8581200000000001,110.54,0.75621,0.99275,1.3543,7.8419,1.4787,1116.7,19.434
2018-07-05,550,2.9495150000000003,1.3129,0.85503,110.61,0.75602,0.99282,1.3534,7.8476,1.4733,1118.3,19.248
2018-07-06,551,2.9495150000000003,1.3105,0.8514200000000001,110.5,0.7539,0.99003,1.3469,7.8473,1.4636,1116.3,19.081
2018-07-09,554,2.9495150000000003,1.3097,0.85062,110.71,0.75361,0.99085,1.3389,7.8472,1.4616,1112.7,19.148
2018-07-10,555,2.9495150000000003,1.3125,0.8526,111.23,0.75379,0.9929600000000001,1.3407,7.8499,1.4637,1115.1,19.019000000000002
2018-07-11,556,2.9495150000000003,1.3151,0.8540200000000001,111.64,0.75559,0.99395,1.353,7.8467,1.4748,1125.0,18.988
2018-07-12,557,2.9495150000000003,1.3166,0.8563799999999999,112.43,0.75645,1.0010700000000001,1.3504,7.8463,1.4762,1124.3,18.868
2018-07-13,558,2.9495150000000003,1.3171,0.8574299999999999,112.48,0.75752,1.0034299999999998,1.3506,7.8492,1.4807,1131.5,18.932000000000002
2018-07-16,561,2.9495150000000003,1.3137,0.85388,112.28,0.7550899999999999,0.99734,1.3475,7.8477,1.4759,1128.6,18.837
2018-07-17,562,2.9495150000000003,1.3187,0.85641,112.81,0.7605,0.9979600000000001,1.3529,7.8494,1.4729,1127.1,18.875999999999998
2018-07-18,563,2.9495150000000003,1.3204,0.8590200000000001,112.76,0.76612,0.99924,1.354,7.8502,1.4733,1131.4,18.92
2018-07-19,564,2.9495150000000003,1.3255,0.8606600000000001,112.71,0.7693,1.00076,1.3617,7.8478,1.4855,1137.8,19.069000000000003
2018-07-20,565,2.9495150000000003,1.3142,0.85382,111.75,0.76274,0.9940200000000001,1.3489,7.8507,1.4702,1129.0,19.038
2018-07-23,568,2.9495150000000003,1.3156,0.85451,111.4,0.76267,0.9923799999999999,1.3542,7.8497,1.4731,1136.1,19.055999999999997
2018-07-24,569,2.9495150000000003,1.3157,0.85529,111.12,0.76118,0.9937299999999999,1.3485,7.8456,1.4699,1127.4,18.868
2018-07-25,570,2.9495150000000003,1.3088,0.85526,110.92,0.7599100000000001,0.9929399999999999,1.3473,7.8465,1.4676,1122.5,18.756
2018-07-26,571,2.9495150000000003,1.3065,0.8571700000000001,111.1,0.76132,0.99339,1.3531,7.8468,1.4716,1122.4,18.651
2018-07-27,572,2.9495150000000003,1.3062,0.85816,110.98,0.7627,0.99482,1.3512,7.8498,1.4723,1117.4,18.588
2018-07-30,575,2.9495150000000003,1.3021,0.8541700000000001,111.01,0.7612800000000001,0.98921,1.3503,7.8487,1.4653,1117.7,18.543
2018-07-31,576,2.9495150000000003,1.3017,0.85419,111.83,0.76172,0.9894299999999999,1.3456,7.851,1.4675,1114.5,18.625
2018-08-01,577,2.69918,1.3002,0.85669,111.8,0.7619600000000001,0.9919100000000001,1.3507,7.8515,1.4715,1118.0,18.609
2018-08-02,578,2.69918,1.3014,0.8614,111.52,0.7672399999999999,0.9944200000000001,1.3563,7.8492,1.4812,1128.7,18.65
2018-08-03,579,2.69918,1.2983,0.86306,111.25,0.76845,0.9935,1.3513,7.8495,1.4811,1124.1,18.587
2018-08-07,583,2.69918,1.3023,0.86251,111.21,0.77237,0.9948799999999999,1.3466,7.8499,1.4843,1118.8,18.465
2018-08-08,584,2.69918,1.3052,0.86203,110.99,0.77644,0.99451,1.3478,7.8485,1.4829,1119.4,18.465999999999998
2018-08-09,585,2.69918,1.304,0.8644299999999999,110.98,0.7773,0.9918600000000001,1.3516,7.8507,1.5086,1120.3,18.637
2018-08-10,586,2.69918,1.3113,0.87589,110.75,0.78361,0.99469,1.3697,7.8521,1.5163,1130.4,18.933
2018-08-13,589,2.69918,1.3136,0.87684,110.76,0.7834899999999999,0.99387,1.3749,7.8518,1.5197,1135.3,19.177
2018-08-14,590,2.69918,1.3087,0.88015,111.0,0.78492,0.99287,1.3801,7.8506,1.5179,1129.2,18.972
2018-08-15,591,2.69918,1.3138,0.88251,110.68,0.78793,0.99485,1.3831,7.8483,1.5245,1135.5,19.194000000000003
2018-08-16,592,2.69918,1.3152,0.8790899999999999,110.8,0.78651,0.9953799999999999,1.376,7.8519,1.5173,1127.0,19.028
2018-08-17,593,2.69918,1.3081,0.8760399999999999,110.48,0.7853600000000001,0.99475,1.372,7.8517,1.5123,1122.8,19.044
2018-08-20,596,2.69918,1.3065,0.8736799999999999,110.35,0.7828,0.99346,1.3668,7.8516,1.5094,1120.5,19.017
2018-08-21,597,2.69918,1.3036,0.86641,110.38,0.7769199999999999,0.9866799999999999,1.3591,7.8483,1.4972,1117.1,18.887
2018-08-22,598,2.69918,1.3016,0.8622200000000001,110.49,0.7743,0.9827899999999999,1.3605,7.8504,1.4928,1118.2,18.82
2018-08-23,599,2.69918,1.3063,0.86521,111.17,0.77918,0.9850700000000001,1.3769,7.8504,1.5036,1123.2,18.872
2018-08-24,600,2.69918,1.3036,0.8608,111.23,0.77804,0.9829600000000001,1.3653,7.8483,1.4958,1114.2,18.874000000000002
2018-08-27,603,2.69918,1.2986,0.85705,111.09,0.77589,0.9803700000000001,1.3619,7.8513,1.4942,1109.9,18.712
2018-08-28,604,2.69918,1.2917,0.8537899999999999,111.07,0.7757,0.9756799999999999,1.361,7.8475,1.489,1105.9,18.907
2018-08-29,605,2.69918,1.2931,0.85534,111.57,0.77085,0.97277,1.3705,7.8513,1.4918,1111.9,19.05
2018-08-30,606,2.69918,1.298,0.85744,111.23,0.76873,0.9704,1.375,7.8476,1.5042,1112.3,19.116
2018-08-31,607,2.69918,1.3055,0.8608600000000001,110.92,0.77107,0.96905,1.3887,7.8503,1.5099,1116.8,19.148
2018-09-04,611,2.276972,1.3182,0.86462,111.43,0.77866,0.97493,1.3929,7.8511,1.5266,1119.0,19.374000000000002
2018-09-05,612,2.276972,1.3185,0.86075,111.55,0.77468,0.97234,1.3913,7.8482,1.519,1121.2,19.421
2018-09-06,613,2.276972,1.3188,0.8599399999999999,110.92,0.7729,0.96757,1.3892,7.85,1.5164,1122.4,19.315
2018-09-07,614,2.276972,1.3164,0.8642299999999999,111.09,0.77262,0.96815,1.4034,7.8497,1.5275,1126.1,19.262
2018-09-10,617,2.276972,1.3163,0.86219,111.17,0.7681,0.9741,1.4051,7.8491,1.5308,1129.9,19.292
2018-09-11,618,2.276972,1.3141,0.8631200000000001,111.55,0.7689699999999999,0.9738399999999999,1.4088,7.8501,1.5366,1127.0,19.265
2018-09-12,619,2.276972,1.3014,0.8606,111.33,0.7672,0.97105,1.3978,7.8492,1.5275,1122.9,19.067999999999998
2018-09-13,620,2.276972,1.2997,0.85619,111.75,0.76327,0.96704,1.3889,7.8484,1.5221,1120.4,18.861
2018-09-14,621,2.276972,1.3033,0.85834,112.06,0.76453,0.96655,1.3946,7.8465,1.5247,1120.6,18.861
2018-09-17,624,2.276972,1.3019,0.85567,111.94,0.76037,0.9623799999999999,1.3917,7.8475,1.519,1125.2,18.835
2018-09-18,625,2.276972,1.2992,0.8559200000000001,112.29,0.76066,0.9630799999999999,1.387,7.8454,1.5186,1123.9,18.78
2018-09-19,626,2.276972,1.2947,0.85657,112.29,0.76069,0.96778,1.377,7.8467,1.5125,1121.0,18.761
2018-09-20,627,2.276972,1.2905,0.8501299999999999,112.41,0.7540600000000001,0.9606899999999999,1.373,7.845,1.4971,1118.3,18.815
2018-09-21,628,2.276972,1.2916,0.85125,112.61,0.76408,0.95816,1.3736,7.8089,1.4975,1115.4,18.844
2018-09-24,631,2.276972,1.2935,0.8495299999999999,112.67,0.76151,0.96142,1.3769,7.811,1.5029,1118.9,18.878
2018-09-25,632,2.276972,1.2948,0.8492700000000001,112.89,0.7595,0.9649,1.3789,7.8094,1.5035,1118.1,19.002
2018-09-26,633,2.276972,1.2975,0.85115,112.92,0.7590399999999999,0.9672700000000001,1.3777,7.8116,1.5028,1114.7,18.917
2018-09-27,634,2.276972,1.3045,0.8567,113.24,0.7628199999999999,0.97598,1.3854,7.8161,1.5091,1113.1,18.820999999999998
2018-09-28,635,2.276972,1.2945,0.86185,113.55,0.7671100000000001,0.97735,1.3836,7.8265,1.5093,1110.2,18.727999999999998
2018-10-01,638,2.52247,1.2803,0.86326,114.01,0.76651,0.9839399999999999,1.3847,7.8258,1.5123,1112.3,18.655
2018-10-02,639,2.52247,1.2817,0.86595,113.73,0.77058,0.98441,1.391,7.8344,1.5159,1118.4,18.771
2018-10-03,640,2.52247,1.2832,0.86755,114.16,0.76977,0.9892799999999999,1.4013,7.8387,1.5289,1121.7,18.837
2018-10-04,641,2.52247,1.29,0.86875,113.86,0.76831,0.99193,1.4126,7.8372,1.541,1131.6,19.105
2018-10-05,642,2.52247,1.2936,0.86813,113.77,0.76386,0.9921,1.4166,7.8353,1.5501,1130.8,18.929000000000002
2018-10-09,646,2.52247,1.2965,0.8714200000000001,113.13,0.76278,0.99311,1.4119,7.8338,1.5497,1134.3,19.021
2018-10-10,647,2.52247,1.2992,0.86764,112.78,0.75795,0.99145,1.4094,7.8359,1.5459,1138.7,19.095
2018-10-11,648,2.52247,1.3038,0.8638399999999999,112.2,0.75648,0.9896,1.4059,7.8353,1.5346,1136.7,19.02
2018-10-12,649,2.52247,1.3031,0.8651,112.14,0.75947,0.9914799999999999,1.4051,7.8358,1.5361,1132.1,18.905
2018-10-15,652,2.52247,1.2993,0.86315,111.82,0.76022,0.98708,1.4009,7.8365,1.5279,1129.8,18.814
2018-10-16,653,2.52247,1.2938,0.8632200000000001,112.21,0.75745,0.98945,1.4005,7.8365,1.5177,1124.1,18.764
2018-10-17,654,2.52247,1.2994,0.86754,112.31,0.76175,0.9932700000000001,1.404,7.8371,1.5226,1127.0,18.820999999999998
2018-10-18,655,2.52247,1.3057,0.8709899999999999,112.27,0.76567,0.9955,1.4047,7.8373,1.5253,1137.4,19.084
2018-10-19,656,2.52247,1.3104,0.8698899999999999,112.48,0.76623,0.99665,1.4024,7.842,1.5167,1131.6,19.208
2018-10-22,659,2.52247,1.3105,0.8715700000000001,112.78,0.77075,0.9964299999999999,1.4105,7.8379,1.5245,1132.7,19.36
2018-10-23,660,2.52247,1.3098,0.8715200000000001,112.24,0.76957,0.9949100000000001,1.4134,7.8384,1.5255,1137.0,19.373
2018-10-24,661,2.52247,1.3029,0.87761,112.51,0.7752100000000001,0.9977799999999999,1.4137,7.8393,1.531,1136.9,19.475
2018-10-25,662,2.52247,1.3076,0.8788799999999999,112.53,0.77908,1.0003799999999998,1.4119,7.8393,1.5329,1136.1,19.461
2018-10-26,663,2.52247,1.3108,0.87849,111.84,0.77996,0.9989299999999999,1.4134,7.8397,1.5365,1141.8,19.465
2018-10-29,666,2.52247,1.3119,0.87841,112.42,0.78066,1.00084,1.4138,7.8416,1.5312,1140.8,19.829
2018-10-30,667,2.52247,1.3133,0.8804,112.83,0.78547,1.00367,1.4075,7.8453,1.5248,1139.0,20.02
2018-10-31,668,2.52247,1.3142,0.88344,113.1,0.7834300000000001,1.00705,1.4119,7.8413,1.5319,1140.8,20.284000000000002
2018-11-01,669,2.176601,1.3088,0.8768600000000001,112.73,0.7712399999999999,1.00253,1.3898,7.8371,1.5051,1126.3,20.132
2018-11-02,670,2.176601,1.3105,0.8771200000000001,113.07,0.77061,1.00222,1.3885,7.8286,1.5037,1118.2,20.017
2018-11-05,673,2.176601,1.3096,0.87716,113.19,0.76769,1.00453,1.3879,7.8325,1.5003,1122.2,19.973
2018-11-06,674,2.176601,1.313,0.8758600000000001,113.39,0.76422,1.00329,1.3842,7.8295,1.4987,1122.2,19.831
2018-11-07,675,2.176601,1.3096,0.87231,113.29,0.76078,0.99916,1.3729,7.8279,1.4738,1117.4,19.824
2018-11-08,676,2.176601,1.3114,0.8766,113.84,0.7636,1.00383,1.3732,7.8246,1.476,1118.9,20.046
2018-11-09,677,2.176601,1.3206,0.8819299999999999,113.84,0.76927,1.00594,1.3824,7.8327,1.4833,1129.7,20.28
2018-11-13,681,2.176601,1.3241,0.8871100000000001,113.95,0.77077,1.00899,1.3875,7.8303,1.4806,1133.6,20.494
2018-11-14,682,2.176601,1.3235,0.8841600000000001,113.7,0.7701899999999999,1.007,1.3846,7.8314,1.4722,1133.1,20.387
2018-11-15,683,2.176601,1.3202,0.8833700000000001,113.42,0.78271,1.00579,1.3751,7.8304,1.4654,1128.4,20.326
2018-11-16,684,2.176601,1.3154,0.87705,112.81,0.7788,1.00137,1.3671,7.8298,1.4572,1124.3,20.180999999999997
2018-11-19,687,2.176601,1.3182,0.87356,112.57,0.7780199999999999,0.99419,1.371,7.8324,1.4635,1125.7,20.355
2018-11-20,688,2.176601,1.3259,0.8781899999999999,112.65,0.78063,0.9943,1.381,7.8317,1.4672,1129.4,20.427
2018-11-21,689,2.176601,1.327,0.87741,113.03,0.78201,0.9945299999999999,1.3765,7.8335,1.4621,1128.4,20.226
2018-11-22,690,2.176601,1.3205,0.8768299999999999,112.96,0.77672,0.9948,1.379,7.8321,1.4685,1130.6,20.287
2018-11-23,691,2.176601,1.3228,0.88187,112.87,0.78027,0.99729,1.3833,7.8272,1.4758,1132.5,20.385
2018-11-26,694,2.176601,1.323,0.8815299999999999,113.46,0.77961,0.99834,1.3819,7.8238,1.4728,1127.9,20.537
2018-11-27,695,2.176601,1.3289,0.88487,113.68,0.78471,0.9988,1.3844,7.8263,1.473,1130.0,20.47
2018-11-28,696,2.176601,1.3302,0.88315,113.79,0.78128,0.9966299999999999,1.3752,7.8247,1.4634,1126.3,20.352
2018-11-29,697,2.176601,1.3275,0.8786700000000001,113.36,0.78258,0.9964700000000001,1.3667,7.8226,1.4583,1120.3,20.239
2018-11-30,698,2.176601,1.3301,0.8827299999999999,113.59,0.7840699999999999,0.99902,1.3695,7.8241,1.456,1120.6,20.347
2018-12-03,701,1.910159,1.3191,0.88128,113.62,0.78555,0.99803,1.3581,7.8146,1.4435,1111.3,20.225
2018-12-04,702,1.910159,1.3219,0.88033,112.79,0.7852600000000001,0.99698,1.36,7.8034,1.4419,1109.9,20.488000000000003
2018-12-05,703,1.910159,1.3353,0.88139,113.16,0.78459,0.9979100000000001,1.3748,7.8134,1.4483,1113.7,20.524
2018-12-06,704,1.910159,1.3404,0.8787200000000001,112.54,0.7824399999999999,0.99274,1.385,7.8112,1.4541,1120.7,20.448
2018-12-07,705,1.910159,1.3299,0.8775299999999999,112.7,0.7846,0.99135,1.386,7.8138,1.4565,1123.2,20.257
2018-12-10,708,1.910159,1.3379,0.8789299999999999,113.0,0.79481,0.9895,1.39,7.8148,1.4539,1129.0,20.33
2018-12-11,709,1.910159,1.3402,0.8825200000000001,113.29,0.79707,0.9920100000000001,1.3878,7.8146,1.453,1129.1,20.239
2018-12-12,710,1.910159,1.3346,0.88,113.29,0.7914800000000001,0.9928600000000001,1.3849,7.8138,1.4594,1125.3,20.066
2018-12-13,711,1.910159,1.3359,0.8805,113.6,0.79075,0.9936,1.3835,7.8123,1.4575,1125.4,20.235
2018-12-14,712,1.910159,1.3379,0.8853200000000001,113.48,0.7958,0.99739,1.3944,7.8103,1.4705,1133.8,20.327
2018-12-17,715,1.910159,1.3399,0.88134,112.88,0.79261,0.99267,1.3928,7.8128,1.4695,1130.7,20.107
2018-12-18,716,1.910159,1.3454,0.87975,112.49,0.79057,0.9924,1.3926,7.8221,1.4591,1128.7,20.102
2018-12-19,717,1.910159,1.345,0.87628,112.27,0.79081,0.9924700000000001,1.3961,7.8243,1.4612,1124.6,20.035999999999998
2018-12-20,718,1.910159,1.3495,0.87324,111.34,0.7895,0.9893700000000001,1.4046,7.8277,1.4757,1122.7,19.892
2018-12-21,719,1.910159,1.3566,0.87789,111.2,0.79065,0.99261,1.4142,7.8326,1.487,1125.8,19.927
2018-12-24,722,1.910159,1.3589,0.87598,110.57,0.78704,0.98959,1.4176,7.8323,1.4871,1124.9,19.85
2018-12-27,725,1.910159,1.3641,0.8754299999999999,110.72,0.79101,0.98819,1.4232,7.8307,1.492,1121.8,19.727
2018-12-28,726,1.910159,1.3638,0.8736700000000001,110.34,0.78796,0.9829899999999999,1.4193,7.8289,1.4916,1116.0,19.668
2018-12-31,729,1.910159,1.3642,0.87376,109.93,0.78227,0.9848399999999999,1.4187,7.8312,1.4914,1114.5,19.651
