"Jul.Day","YYYY/MM/DD","Wdy","CAD/USD","EUR/USD","JPY/USD","GBP/USD","CHF/USD","AUD/USD","HKD/USD","NZD/USD","KRW/USD","MXN/USD"
2457757,"2017/01/03","Tue",1.3438,0.96013,117.67,0.81596,1.02659,1.3831,7.7563,1.4436,1208.5,20.909
2457758,"2017/01/04","Wed",1.3293,0.95461,117.43,0.81328,1.02277,1.3755,7.7553,1.4394,1198.6,21.385
2457759,"2017/01/05","Thu",1.3216,0.94353,115.42,0.80566,1.01078,1.3637,7.7545,1.4244,1183.2,21.399
2457760,"2017/01/06","Fri",1.3216,0.94704,116.85,0.81214,1.01513,1.3692,7.7552,1.4343,1200.4,21.302
2457763,"2017/01/09","Mon",1.3222,0.94558,116.08,0.82201,1.01489,1.3582,7.7559,1.4233,1202.0,21.336
2457764,"2017/01/10","Tue",1.3208,0.94593,115.76,0.82211,1.01584,1.3569,7.7544,1.4294,1197.5,21.628
2457765,"2017/01/11","Wed",1.3232,0.95242,116.27,0.82540,1.02044,1.3517,7.7557,1.4274,1196.4,21.882
2457766,"2017/01/12","Thu",1.3130,0.93766,113.88,0.81894,1.00667,1.3321,7.7545,1.4010,1172.3,21.699
2457767,"2017/01/13","Fri",1.3135,0.94124,115.02,0.81976,1.00984,1.3369,7.7553,1.4075,1179.1,21.547
2457770,"2017/01/16","Mon",1.3163,0.94338,114.06,0.83037,1.01168,1.3381,7.7553,1.4087,1184.8,21.650
2457771,"2017/01/17","Tue",1.3060,0.93499,112.98,0.80747,1.00276,1.3267,7.7561,1.3923,1163.0,21.580
2457772,"2017/01/18","Wed",1.3177,0.93613,113.40,0.81244,1.00282,1.3241,7.7565,1.3932,1172.3,21.856
2457773,"2017/01/19","Thu",1.3329,0.94072,115.30,0.81180,1.00947,1.3256,7.7569,1.3947,1178.5,21.898
2457774,"2017/01/20","Fri",1.3339,0.93640,115.09,0.81118,1.00505,1.3258,7.7587,1.3990,1176.3,21.686
2457777,"2017/01/23","Mon",1.3289,0.93112,112.91,0.80093,0.99902,1.3220,7.7563,1.3861,1165.7,21.434
2457778,"2017/01/24","Tue",1.3152,0.93039,113.67,0.79801,1.00000,1.3186,7.7570,1.3772,1167.0,21.385
2457779,"2017/01/25","Wed",1.3075,0.93087,113.60,0.79247,0.99962,1.3220,7.7574,1.3760,1165.3,21.312
2457780,"2017/01/26","Thu",1.3104,0.93727,114.75,0.79505,1.00115,1.3281,7.7580,1.3829,1171.0,21.304
2457781,"2017/01/27","Fri",1.3108,0.93548,115.18,0.79810,0.99916,1.3250,7.7582,1.3780,1176.7,21.027
2457784,"2017/01/30","Mon",1.3093,0.93635,113.85,0.80168,0.99764,1.3237,7.7583,1.3739,1172.2,20.756
2457785,"2017/01/31","Tue",1.3030,0.92654,112.72,0.79471,0.98907,1.3190,7.7584,1.3645,1152.1,20.838
2457786,"2017/02/01","Wed",1.3089,0.92968,113.32,0.79097,0.99310,1.3221,7.7594,1.3792,1155.3,20.819
2457787,"2017/02/02","Thu",1.3019,0.92570,112.43,0.79739,0.98944,1.3035,7.7596,1.3690,1141.0,20.629
2457788,"2017/02/03","Fri",1.3004,0.92667,112.39,0.79936,0.99108,1.3012,7.7583,1.3647,1135.7,20.360
2457791,"2017/02/06","Mon",1.3117,0.93194,112.30,0.80329,0.99341,1.3090,7.7584,1.3694,1135.7,20.521
2457792,"2017/02/07","Tue",1.3167,0.93542,112.16,0.80096,0.99712,1.3098,7.7586,1.3670,1144.0,20.644
2457793,"2017/02/08","Wed",1.3157,0.93398,111.78,0.79739,0.99358,1.3077,7.7588,1.3660,1144.1,20.510
2457794,"2017/02/09","Thu",1.3141,0.93831,113.28,0.79909,1.00137,1.3119,7.7577,1.3925,1149.7,20.421
2457795,"2017/02/10","Fri",1.3074,0.93909,113.19,0.79993,1.00268,1.3013,7.7595,1.3879,1146.8,20.311
2457798,"2017/02/13","Mon",1.3071,0.94321,113.76,0.79940,1.00546,1.3084,7.7596,1.3935,1151.6,20.328
2457799,"2017/02/14","Tue",1.3093,0.94548,114.35,0.80227,1.00723,1.3090,7.7596,1.3979,1140.5,20.347
2457800,"2017/02/15","Wed",1.3084,0.94374,114.17,0.80231,1.00623,1.2993,7.7608,1.3887,1136.8,20.292
2457801,"2017/02/16","Thu",1.3058,0.93808,113.35,0.80155,0.99923,1.2998,7.7600,1.3838,1141.4,20.340
2457802,"2017/02/17","Fri",1.3116,0.94211,112.87,0.80471,1.00214,1.3061,7.7615,1.3925,1152.5,20.462
2457806,"2017/02/21","Tue",1.3149,0.94781,113.45,0.80226,1.00836,1.3036,7.7610,1.3957,1144.4,20.427
2457807,"2017/02/22","Wed",1.3187,0.94741,113.49,0.80286,1.01096,1.3016,7.7604,1.3965,1143.7,19.920
2457808,"2017/02/23","Thu",1.3109,0.94472,112.72,0.79700,1.00614,1.2963,7.7596,1.3821,1131.1,19.737
2457809,"2017/02/24","Fri",1.3104,0.94511,112.29,0.80010,1.00560,1.3021,7.7610,1.3889,1131.6,19.873
2457812,"2017/02/27","Mon",1.3101,0.94116,111.97,0.80173,1.00514,1.3000,7.7613,1.3844,1131.3,19.832
2457813,"2017/02/28","Tue",1.3248,0.94185,112.08,0.80476,1.00227,1.3011,7.7625,1.3833,1129.4,20.003
2457814,"2017/03/01","Wed",1.3346,0.94666,113.68,0.81180,1.00725,1.3050,7.7631,1.4025,1141.7,19.884
2457815,"2017/03/02","Thu",1.3384,0.95104,114.49,0.81525,1.01202,1.3197,7.7628,1.4145,1147.9,19.926
2457816,"2017/03/03","Fri",1.3419,0.94767,114.59,0.81649,1.01184,1.3232,7.7636,1.4265,1157.8,19.581
2457819,"2017/03/06","Mon",1.3410,0.94477,113.93,0.81694,1.01162,1.3190,7.7639,1.4290,1155.0,19.537
2457820,"2017/03/07","Tue",1.3413,0.94504,113.96,0.81911,1.01322,1.3154,7.7645,1.4321,1152.3,19.513
2457821,"2017/03/08","Wed",1.3481,0.94816,114.54,0.82296,1.01460,1.3256,7.7676,1.4457,1155.2,19.609
2457822,"2017/03/09","Thu",1.3505,0.94467,114.74,0.82212,1.01321,1.3307,7.7648,1.4480,1158.2,19.793
2457823,"2017/03/10","Fri",1.3469,0.93750,115.02,0.82258,1.01058,1.3280,7.7653,1.4455,1151.2,19.660
2457826,"2017/03/13","Mon",1.3453,0.93723,114.59,0.81741,1.00689,1.3190,7.7644,1.4438,1145.9,19.562
2457827,"2017/03/14","Tue",1.3463,0.93937,114.58,0.82192,1.00779,1.3202,7.7683,1.4425,1149.7,19.620
2457828,"2017/03/15","Wed",1.3451,0.94056,114.67,0.81829,1.00802,1.3170,7.7690,1.4375,1144.8,19.452
2457829,"2017/03/16","Thu",1.3316,0.93138,113.04,0.80855,0.99544,1.3032,7.7611,1.4326,1126.6,19.173
2457830,"2017/03/17","Fri",1.3369,0.93099,112.63,0.80838,0.99776,1.3005,7.7617,1.4266,1130.1,19.131
2457833,"2017/03/20","Mon",1.3357,0.92996,112.62,0.80868,0.99679,1.2930,7.7652,1.4185,1113.1,19.027
2457834,"2017/03/21","Tue",1.3320,0.92513,111.93,0.80130,0.99366,1.2960,7.7657,1.4163,1119.3,19.094
2457835,"2017/03/22","Wed",1.3347,0.92591,111.04,0.80157,0.98999,1.3029,7.7666,1.4172,1118.8,19.067
2457836,"2017/03/23","Thu",1.3333,0.92706,111.11,0.79838,0.99248,1.3084,7.7673,1.4201,1118.5,18.996
2457837,"2017/03/24","Fri",1.3373,0.92553,111.07,0.80068,0.99125,1.3126,7.7670,1.4228,1118.1,18.854
2457840,"2017/03/27","Mon",1.3368,0.91902,110.48,0.79482,0.98309,1.3120,7.7671,1.4178,1109.4,18.823
2457841,"2017/03/28","Tue",1.3363,0.92159,110.53,0.79980,0.98511,1.3074,7.7672,1.4216,1112.7,18.864
2457842,"2017/03/29","Wed",1.3372,0.92971,111.06,0.80583,0.99665,1.3057,7.7691,1.4238,1113.4,18.831
2457843,"2017/03/30","Thu",1.3279,0.93225,111.40,0.80071,0.99700,1.3047,7.7706,1.4240,1114.9,18.666
2457844,"2017/03/31","Fri",1.3322,0.93481,111.39,0.79772,0.99993,1.3094,7.7717,1.4283,1118.6,18.832
2457847,"2017/04/03","Mon",1.3389,0.93859,111.02,0.80145,1.00292,1.3157,7.7711,1.4294,1118.5,18.736
2457848,"2017/04/04","Tue",1.3415,0.93778,110.78,0.80411,1.00224,1.3217,7.7707,1.4335,1123.5,18.820
2457849,"2017/04/05","Wed",1.3411,0.93803,111.20,0.80080,1.00517,1.3204,7.7693,1.4380,1127.9,18.728
2457850,"2017/04/06","Thu",1.3409,0.93901,111.00,0.80097,1.00464,1.3247,7.7697,1.4343,1132.5,18.754
2457851,"2017/04/07","Fri",1.3397,0.94206,110.81,0.80661,1.00676,1.3305,7.7694,1.4373,1134.4,18.654
2457854,"2017/04/10","Mon",1.3347,0.94298,110.95,0.80530,1.00778,1.3334,7.7697,1.4358,1142.7,18.693
2457855,"2017/04/11","Tue",1.3335,0.94214,109.75,0.80109,1.00718,1.3340,7.7712,1.4380,1148.6,18.753
2457856,"2017/04/12","Wed",1.3302,0.94247,109.57,0.80007,1.00544,1.3359,7.7710,1.4441,1139.8,18.770
2457857,"2017/04/13","Thu",1.3265,0.94071,109.27,0.79866,1.00477,1.3183,7.7739,1.4260,1134.7,18.534
2457861,"2017/04/17","Mon",1.3277,0.93811,108.47,0.79451,1.00219,1.3151,7.7722,1.4229,1135.8,18.546
2457862,"2017/04/18","Tue",1.3381,0.93404,108.44,0.78325,0.99776,1.3242,7.7744,1.4219,1144.7,18.479
2457863,"2017/04/19","Wed",1.3469,0.93398,109.06,0.78195,0.99859,1.3333,7.7744,1.4282,1143.4,18.872
2457864,"2017/04/20","Thu",1.3480,0.92965,109.33,0.77942,0.99608,1.3264,7.7749,1.4249,1137.6,18.851
2457865,"2017/04/21","Fri",1.3503,0.93518,109.07,0.78233,0.99882,1.3266,7.7758,1.4247,1135.7,18.840
2457868,"2017/04/24","Mon",1.3516,0.92184,109.71,0.78227,0.99639,1.3232,7.7796,1.4247,1132.9,18.689
2457869,"2017/04/25","Tue",1.3615,0.91400,110.87,0.77907,0.99256,1.3269,7.7799,1.4394,1128.0,18.936
2457870,"2017/04/26","Wed",1.3592,0.91975,111.50,0.77896,0.99568,1.3400,7.7809,1.4535,1133.6,19.138
2457871,"2017/04/27","Thu",1.3667,0.92052,111.11,0.77587,0.99490,1.3421,7.7801,1.4591,1135.1,19.125
2457872,"2017/04/28","Fri",1.3665,0.91791,111.46,0.77299,0.99447,1.3377,7.7782,1.4578,1139.7,18.937
2457875,"2017/05/01","Mon",1.3660,0.91666,111.69,0.77420,0.99483,1.3276,7.7776,1.4476,1136.4,18.777
2457876,"2017/05/02","Tue",1.3720,0.91644,112.09,0.77392,0.99327,1.3293,7.7814,1.4442,1129.2,18.779
2457877,"2017/05/03","Wed",1.3714,0.91653,112.41,0.77476,0.99154,1.3419,7.7816,1.4483,1132.5,18.809
2457878,"2017/05/04","Thu",1.3743,0.91273,112.65,0.77456,0.98963,1.3517,7.7820,1.4588,1135.8,19.014
2457879,"2017/05/05","Fri",1.3712,0.91031,112.58,0.77177,0.98790,1.3500,7.7840,1.4472,1137.9,19.010
2457882,"2017/05/08","Mon",1.3705,0.91458,112.89,0.77263,0.99738,1.3536,7.7847,1.4463,1133.6,19.117
2457883,"2017/05/09","Tue",1.3728,0.91894,114.11,0.77337,1.00660,1.3612,7.7842,1.4506,1137.4,19.181
2457884,"2017/05/10","Wed",1.3672,0.92005,114.03,0.77278,1.00819,1.3557,7.7863,1.4405,1133.7,19.007
2457885,"2017/05/11","Thu",1.3707,0.92043,113.85,0.77656,1.00742,1.3567,7.7899,1.4602,1127.2,18.898
2457886,"2017/05/12","Fri",1.3714,0.91592,113.43,0.77651,1.00329,1.3523,7.7936,1.4588,1123.2,18.774
2457889,"2017/05/15","Mon",1.3641,0.91104,113.58,0.77479,0.99657,1.3469,7.7884,1.4515,1116.3,18.671
2457890,"2017/05/16","Tue",1.3596,0.90261,113.21,0.77466,0.98736,1.3461,7.7886,1.4524,1116.3,18.630
2457891,"2017/05/17","Wed",1.3614,0.89796,111.41,0.77186,0.98020,1.3478,7.7871,1.4451,1120.5,18.680
2457892,"2017/05/18","Thu",1.3611,0.89972,111.11,0.76994,0.97886,1.3462,7.7825,1.4468,1129.5,18.920
2457893,"2017/05/19","Fri",1.3544,0.89329,111.38,0.76776,0.97467,1.3419,7.7830,1.4458,1117.5,18.689
2457897,"2017/05/23","Tue",1.3490,0.89220,111.40,0.77037,0.97352,1.3347,7.7882,1.4237,1125.1,18.620
2457898,"2017/05/24","Wed",1.3460,0.89358,111.89,0.77232,0.97600,1.3378,7.7886,1.4228,1122.6,18.542
2457899,"2017/05/25","Thu",1.3453,0.89199,111.83,0.77218,0.97232,1.3398,7.7915,1.4213,1120.1,18.451
2457900,"2017/05/26","Fri",1.3456,0.89474,111.21,0.78092,0.97451,1.3430,7.7927,1.4164,1119.5,18.478
2457903,"2017/05/29","Mon",1.3446,0.89479,111.31,0.77876,0.97583,1.3438,7.7946,1.4146,1122.4,18.505
2457904,"2017/05/30","Tue",1.3469,0.89442,110.86,0.77770,0.97502,1.3403,7.7930,1.4107,1124.3,18.645
2457905,"2017/05/31","Wed",1.3500,0.89027,110.75,0.77644,0.96913,1.3446,7.7923,1.4087,1119.4,18.685
2457906,"2017/06/01","Thu",1.3500,0.89162,111.29,0.77622,0.97094,1.3546,7.7912,1.4154,1122.2,18.598
2457907,"2017/06/02","Fri",1.3504,0.88737,110.60,0.77654,0.96485,1.3460,7.7917,1.4017,1119.7,18.644
2457910,"2017/06/05","Mon",1.3483,0.88873,110.52,0.77417,0.96528,1.3363,7.7922,1.4005,1119.9,18.377
2457911,"2017/06/06","Tue",1.3461,0.88734,109.44,0.77567,0.96288,1.3316,7.7939,1.3909,1119.0,18.277
2457912,"2017/06/07","Wed",1.3492,0.88886,109.51,0.77269,0.96482,1.3239,7.7947,1.3898,1124.3,18.235
2457913,"2017/06/08","Thu",1.3503,0.89158,110.14,0.77323,0.96768,1.3258,7.7970,1.3861,1123.4,18.203
2457914,"2017/06/09","Fri",1.3453,0.89377,110.54,0.78553,0.97008,1.3279,7.7973,1.3881,1124.8,18.182
2457917,"2017/06/12","Mon",1.3415,0.89243,109.87,0.78995,0.96859,1.3265,7.8000,1.3890,1132.1,18.170
2457918,"2017/06/13","Tue",1.3238,0.89235,110.04,0.78499,0.96833,1.3269,7.7986,1.3847,1128.6,18.077
2457919,"2017/06/14","Wed",1.3209,0.88818,109.35,0.78238,0.96769,1.3135,7.7984,1.3716,1118.5,17.952
2457920,"2017/06/15","Thu",1.3283,0.89689,110.69,0.78403,0.97518,1.3195,7.8017,1.3886,1131.4,18.087
2457921,"2017/06/16","Fri",1.3232,0.89381,110.91,0.78231,0.97380,1.3120,7.8006,1.3792,1133.8,17.942
2457924,"2017/06/19","Mon",1.3220,0.89579,111.37,0.78443,0.97428,1.3158,7.8000,1.3813,1135.7,17.964
2457925,"2017/06/20","Tue",1.3267,0.89818,111.49,0.79178,0.97523,1.3184,7.8006,1.3813,1141.7,18.122
2457926,"2017/06/21","Wed",1.3310,0.89696,111.47,0.78925,0.97402,1.3237,7.8006,1.3839,1143.5,18.188
2457927,"2017/06/22","Thu",1.3241,0.89654,111.27,0.78947,0.97253,1.3258,7.7999,1.3764,1140.5,18.121
2457928,"2017/06/23","Fri",1.3268,0.89329,111.22,0.78583,0.96939,1.3205,7.7996,1.3721,1135.0,17.995
2457931,"2017/06/26","Mon",1.3238,0.89331,111.62,0.78573,0.97131,1.3179,7.7994,1.3703,1133.4,17.875
2457932,"2017/06/27","Tue",1.3188,0.88433,112.14,0.78225,0.96291,1.3175,7.8007,1.3733,1138.9,17.972
2457933,"2017/06/28","Wed",1.3060,0.87982,112.20,0.77429,0.96015,1.3115,7.8040,1.3704,1141.6,17.893
2457934,"2017/06/29","Thu",1.3015,0.87537,112.30,0.76998,0.95713,1.3035,7.8055,1.3717,1145.7,18.034
2457935,"2017/06/30","Fri",1.2977,0.87606,112.26,0.76960,0.95835,1.3019,7.8063,1.3651,1144.4,18.074
2457939,"2017/07/04","Tue",1.2941,0.88124,113.22,0.77375,0.96531,1.3147,7.8079,1.3716,1151.3,18.201
2457940,"2017/07/05","Wed",1.2982,0.88229,113.28,0.77394,0.96585,1.3177,7.8074,1.3751,1155.0,18.318
2457941,"2017/07/06","Thu",1.2946,0.87669,113.26,0.77184,0.96274,1.3182,7.8116,1.3764,1156.9,18.311
2457942,"2017/07/07","Fri",1.2887,0.87714,113.94,0.77619,0.96402,1.3154,7.8116,1.3743,1154.7,18.123
2457945,"2017/07/10","Mon",1.2888,0.87745,114.15,0.77648,0.96612,1.3158,7.8128,1.3753,1149.7,17.982
2457946,"2017/07/11","Tue",1.2920,0.87451,114.13,0.77784,0.96627,1.3123,7.8118,1.3846,1150.5,17.952
2457947,"2017/07/12","Wed",1.2794,0.87552,113.22,0.77601,0.96428,1.3034,7.8111,1.3775,1140.3,17.787
2457948,"2017/07/13","Thu",1.2743,0.87707,113.27,0.77315,0.96699,1.2942,7.8084,1.3661,1137.8,17.743
2457949,"2017/07/14","Fri",1.2672,0.87303,112.54,0.76554,0.96483,1.2800,7.8073,1.3629,1129.4,17.568
2457952,"2017/07/17","Mon",1.2669,0.87162,112.61,0.76559,0.96196,1.2797,7.8042,1.3646,1128.1,17.586
2457953,"2017/07/18","Tue",1.2628,0.86458,111.95,0.76724,0.95378,1.2622,7.8046,1.3592,1124.5,17.507
2457954,"2017/07/19","Wed",1.2595,0.86790,111.76,0.76747,0.95460,1.2582,7.8082,1.3584,1123.6,17.500
2457955,"2017/07/20","Thu",1.2585,0.86175,111.97,0.77090,0.95319,1.2580,7.8102,1.3534,1122.7,17.528
2457956,"2017/07/21","Fri",1.2549,0.85764,111.15,0.76997,0.94659,1.2631,7.8087,1.3436,1118.5,17.571
2457959,"2017/07/24","Mon",1.2512,0.85904,111.02,0.76747,0.94616,1.2608,7.8069,1.3454,1115.2,17.685
2457960,"2017/07/25","Tue",1.2507,0.85711,111.57,0.76641,0.94901,1.2580,7.8082,1.3464,1117.7,17.748
2457961,"2017/07/26","Wed",1.2505,0.85815,111.85,0.76572,0.95692,1.2603,7.8115,1.3426,1117.5,17.730
2457962,"2017/07/27","Thu",1.2520,0.85630,111.39,0.76379,0.96323,1.2536,7.8095,1.3336,1115.9,17.679
2457963,"2017/07/28","Fri",1.2447,0.85143,110.84,0.76231,0.96887,1.2523,7.8100,1.3331,1123.4,17.761
2457966,"2017/07/31","Mon",1.2485,0.84822,110.39,0.75952,0.96738,1.2530,7.8107,1.3347,1121.7,17.833
2457967,"2017/08/01","Tue",1.2514,0.84674,110.26,0.75664,0.96529,1.2538,7.8127,1.3375,1121.3,17.814
2457968,"2017/08/02","Wed",1.2560,0.84352,110.56,0.75576,0.96914,1.2542,7.8169,1.3447,1122.4,17.869
2457969,"2017/08/03","Thu",1.2578,0.84258,110.24,0.76143,0.96933,1.2589,7.8182,1.3457,1128.1,17.861
2457970,"2017/08/04","Fri",1.2638,0.84899,110.76,0.76617,0.97275,1.2619,7.8190,1.3485,1128.4,17.868
2457974,"2017/08/08","Tue",1.2672,0.84984,110.48,0.76996,0.97454,1.2634,7.8233,1.3632,1126.4,17.901
2457975,"2017/08/09","Wed",1.2705,0.85177,109.90,0.76958,0.96425,1.2691,7.8170,1.3653,1139.5,17.980
2457976,"2017/08/10","Thu",1.2711,0.85103,109.39,0.77008,0.96427,1.2678,7.8166,1.3736,1144.1,17.920
2457977,"2017/08/11","Fri",1.2685,0.84657,109.07,0.76953,0.96179,1.2677,7.8193,1.3682,1142.8,17.861
2457980,"2017/08/14","Mon",1.2705,0.84841,109.62,0.77079,0.97088,1.2720,7.8211,1.3713,1139.5,17.772
2457981,"2017/08/15","Tue",1.2755,0.85278,110.53,0.77741,0.97300,1.2788,7.8240,1.3807,1136.8,17.837
2457982,"2017/08/16","Wed",1.2699,0.85320,110.62,0.77731,0.97236,1.2677,7.8224,1.3747,1137.9,17.719
2457983,"2017/08/17","Thu",1.2647,0.85240,109.88,0.77637,0.96388,1.2634,7.8233,1.3696,1139.4,17.750
2457984,"2017/08/18","Fri",1.2586,0.85115,109.06,0.77706,0.96341,1.2615,7.8233,1.3657,1141.1,17.797
2457987,"2017/08/21","Mon",1.2575,0.84714,108.87,0.77518,0.96272,1.2595,7.8241,1.3651,1138.0,17.661
2457988,"2017/08/22","Tue",1.2552,0.85041,109.43,0.77953,0.96725,1.2638,7.8263,1.3722,1133.9,17.657
2457989,"2017/08/23","Wed",1.2564,0.84692,109.06,0.78144,0.96557,1.2660,7.8259,1.3854,1129.9,17.726
2457990,"2017/08/24","Thu",1.2529,0.84718,109.33,0.78077,0.96436,1.2656,7.8243,1.3861,1128.7,17.689
2457991,"2017/08/25","Fri",1.2492,0.84286,109.39,0.77725,0.95915,1.2611,7.8216,1.3823,1122.4,17.629
2457994,"2017/08/28","Mon",1.2482,0.83609,109.20,0.77360,0.95508,1.2570,7.8232,1.3791,1118.5,17.788
2457995,"2017/08/29","Tue",1.2515,0.83228,109.02,0.77301,0.94926,1.2553,7.8242,1.3756,1124.4,17.881
2457996,"2017/08/30","Wed",1.2605,0.83983,110.28,0.77393,0.96060,1.2643,7.8258,1.3873,1124.4,17.786
2457997,"2017/08/31","Thu",1.2536,0.84208,110.16,0.77569,0.96260,1.2623,7.8259,1.3965,1124.3,17.809
2457998,"2017/09/01","Fri",1.2390,0.84177,110.13,0.77148,0.96255,1.2546,7.8242,1.3953,1120.3,17.799
2458002,"2017/09/05","Tue",1.2371,0.83968,108.90,0.76867,0.95662,1.2497,7.8256,1.3815,1130.8,17.859
2458003,"2017/09/06","Wed",1.2264,0.83839,109.01,0.76612,0.95596,1.2513,7.8255,1.3876,1133.5,17.813
2458004,"2017/09/07","Thu",1.2148,0.83291,108.56,0.76407,0.95204,1.2449,7.8139,1.3847,1127.9,17.693
2458005,"2017/09/08","Fri",1.2132,0.83090,107.74,0.75759,0.94626,1.2391,7.8098,1.3746,1132.8,17.706
2458008,"2017/09/11","Mon",1.2128,0.83520,109.06,0.75857,0.95309,1.2448,7.8121,1.3780,1131.3,17.656
2458009,"2017/09/12","Tue",1.2159,0.83636,110.04,0.75335,0.96005,1.2458,7.8115,1.3717,1127.9,17.763
2458010,"2017/09/13","Wed",1.2187,0.83950,110.49,0.75606,0.96340,1.2509,7.8123,1.3799,1129.5,17.770
2458011,"2017/09/14","Thu",1.2198,0.84089,110.59,0.74743,0.96557,1.2533,7.8127,1.3874,1134.7,17.732
2458012,"2017/09/15","Fri",1.2182,0.83645,110.95,0.73647,0.95959,1.2489,7.8182,1.3723,1132.2,17.676
2458015,"2017/09/18","Mon",1.2238,0.83702,111.46,0.73990,0.96105,1.2547,7.8162,1.3761,1129.0,17.739
2458016,"2017/09/19","Tue",1.2277,0.83449,111.51,0.74011,0.96298,1.2491,7.8040,1.3674,1130.5,17.764
2458017,"2017/09/20","Wed",1.2273,0.83507,111.57,0.73831,0.96334,1.2412,7.7999,1.3558,1128.0,17.725
2458018,"2017/09/21","Thu",1.2339,0.83836,112.38,0.73820,0.97158,1.2608,7.8057,1.3677,1133.1,17.862
2458019,"2017/09/22","Fri",1.2317,0.83624,112.07,0.73887,0.96946,1.2548,7.8086,1.3645,1132.1,17.753
2458022,"2017/09/25","Mon",1.2341,0.84331,111.89,0.74165,0.96944,1.2585,7.8142,1.3753,1134.3,17.870
2458023,"2017/09/26","Tue",1.2370,0.84842,112.15,0.74428,0.97058,1.2682,7.8125,1.3894,1138.0,17.977
2458024,"2017/09/27","Wed",1.2412,0.85148,112.84,0.74632,0.97364,1.2724,7.8101,1.3860,1144.0,18.136
2458025,"2017/09/28","Thu",1.2450,0.84855,112.57,0.74426,0.97137,1.2756,7.8102,1.3853,1146.4,18.194
2458026,"2017/09/29","Fri",1.2480,0.84656,112.53,0.74659,0.96909,1.2757,7.8116,1.3842,1145.0,18.171
2458029,"2017/10/02","Mon",1.2505,0.85143,112.66,0.75327,0.97300,1.2776,7.8109,1.3887,1147.2,18.245
2458030,"2017/10/03","Tue",1.2500,0.85086,112.92,0.75497,0.97397,1.2781,7.8113,1.3966,1142.6,18.232
2458031,"2017/10/04","Wed",1.2479,0.85018,112.73,0.75388,0.97439,1.2731,7.8070,1.3956,1141.7,18.231
2458032,"2017/10/05","Thu",1.2548,0.85366,112.74,0.76159,0.97840,1.2818,7.8092,1.4034,1140.7,18.340
2458033,"2017/10/06","Fri",1.2549,0.85327,112.85,0.76598,0.97940,1.2881,7.8060,1.4116,1143.9,18.547
2458037,"2017/10/10","Tue",1.2501,0.84730,112.22,0.75745,0.97535,1.2845,7.8045,1.4140,1133.4,18.661
2458038,"2017/10/11","Wed",1.2498,0.84412,112.29,0.75718,0.97321,1.2847,7.8062,1.4128,1132.1,18.729
2458039,"2017/10/12","Thu",1.2472,0.84441,112.26,0.75721,0.97529,1.2784,7.8084,1.4036,1131.8,18.763
2458040,"2017/10/13","Fri",1.2487,0.84486,111.89,0.75196,0.97410,1.2687,7.8076,1.3921,1126.0,18.923
2458043,"2017/10/16","Mon",1.2529,0.84724,111.87,0.75353,0.97510,1.2722,7.8077,1.3927,1128.7,19.064
2458044,"2017/10/17","Tue",1.2548,0.85060,112.34,0.75874,0.97932,1.2759,7.8078,1.3955,1130.5,18.983
2458045,"2017/10/18","Wed",1.2486,0.84893,112.89,0.75861,0.98160,1.2758,7.8083,1.4007,1132.0,18.855
2458046,"2017/10/19","Thu",1.2478,0.84476,112.52,0.75923,0.97538,1.2705,7.8009,1.4243,1131.3,18.835
2458047,"2017/10/20","Fri",1.2601,0.84844,113.42,0.75841,0.98361,1.2784,7.8032,1.4349,1132.2,18.992
2458050,"2017/10/23","Mon",1.2644,0.85145,113.71,0.75790,0.98619,1.2811,7.8024,1.4353,1130.9,19.045
2458051,"2017/10/24","Tue",1.2666,0.85001,113.90,0.76118,0.98922,1.2855,7.8042,1.4492,1129.9,19.174
2458052,"2017/10/25","Wed",1.2771,0.84728,113.82,0.75461,0.98977,1.2984,7.8037,1.4547,1127.2,19.081
2458053,"2017/10/26","Thu",1.2831,0.85489,113.85,0.75887,0.99581,1.3017,7.8020,1.4601,1125.5,19.102
2458054,"2017/10/27","Fri",1.2874,0.86258,113.93,0.76277,0.99985,1.3062,7.8040,1.4577,1127.3,19.175
2458057,"2017/10/30","Mon",1.2837,0.86004,113.30,0.75788,0.99689,1.3034,7.8000,1.4569,1125.1,19.191
2458058,"2017/10/31","Tue",1.2893,0.85873,113.59,0.75420,0.99783,1.3066,7.8008,1.4620,1117.2,19.157
2458059,"2017/11/01","Wed",1.2885,0.86026,114.03,0.75351,1.00156,1.3030,7.8010,1.4507,1111.7,19.134
2458060,"2017/11/02","Thu",1.2822,0.85766,113.97,0.76426,0.99906,1.2961,7.8023,1.4459,1113.0,19.004
2458061,"2017/11/03","Fri",1.2764,0.86051,114.17,0.76463,1.00055,1.3064,7.8028,1.4463,1115.7,19.134
2458064,"2017/11/06","Mon",1.2746,0.86215,113.91,0.76118,0.99914,1.3034,7.8026,1.4464,1112.2,19.069
2458065,"2017/11/07","Tue",1.2785,0.86373,114.05,0.76074,0.99953,1.3086,7.8040,1.4487,1114.6,19.136
2458066,"2017/11/08","Wed",1.2729,0.86257,113.65,0.76308,1.00000,1.3026,7.7970,1.4435,1113.6,19.081
2458067,"2017/11/09","Thu",1.2692,0.85943,113.32,0.76155,0.99553,1.3036,7.7995,1.4383,1118.2,19.091
2458068,"2017/11/10","Fri",1.2683,0.85760,113.44,0.75742,0.99545,1.3050,7.8024,1.4417,1120.4,19.075
2458072,"2017/11/14","Tue",1.2733,0.84943,113.48,0.76109,0.99051,1.3103,7.8028,1.4535,1115.0,19.127
2458073,"2017/11/15","Wed",1.2773,0.84690,112.94,0.75939,0.98809,1.3180,7.8070,1.4531,1104.9,19.239
2458074,"2017/11/16","Thu",1.2745,0.84955,112.99,0.75804,0.99283,1.3170,7.8093,1.4587,1095.9,19.105
2458075,"2017/11/17","Fri",1.2783,0.84785,112.23,0.75720,0.98963,1.3232,7.8117,1.4693,1094.4,18.969
2458078,"2017/11/20","Mon",1.2793,0.85116,112.42,0.75524,0.99217,1.3243,7.8119,1.4674,1097.2,19.009
2458079,"2017/11/21","Tue",1.2778,0.85209,112.38,0.75529,0.99177,1.3194,7.8120,1.4639,1089.3,18.833
2458080,"2017/11/22","Wed",1.2729,0.84815,111.56,0.75257,0.98407,1.3172,7.8110,1.4582,1087.0,18.719
2458081,"2017/11/23","Thu",1.2715,0.84395,111.24,0.75152,0.98163,1.3115,7.8112,1.4516,1084.0,18.630
2458082,"2017/11/24","Fri",1.2708,0.83881,111.47,0.74987,0.97965,1.3127,7.8089,1.4530,1084.3,18.557
2458085,"2017/11/27","Mon",1.2735,0.83899,111.03,0.74960,0.98090,1.3134,7.8010,1.4470,1089.4,18.532
2458086,"2017/11/28","Tue",1.2807,0.84245,111.27,0.75211,0.98341,1.3148,7.8028,1.4440,1081.7,18.577
2458087,"2017/11/29","Wed",1.2853,0.84387,111.86,0.74532,0.98483,1.3211,7.8089,1.4512,1081.0,18.539
2458088,"2017/11/30","Thu",1.2888,0.84070,112.36,0.74052,0.98427,1.3209,7.8101,1.4609,1086.7,18.613
2458089,"2017/12/01","Fri",1.2729,0.84109,112.25,0.74152,0.97976,1.3150,7.8117,1.4537,1084.2,18.653
2458092,"2017/12/04","Mon",1.2695,0.84397,112.74,0.74175,0.98525,1.3162,7.8167,1.4600,1086.0,18.631
2458093,"2017/12/05","Tue",1.2680,0.84584,112.71,0.74417,0.98723,1.3137,7.8144,1.4535,1087.5,18.716
2458094,"2017/12/06","Wed",1.2757,0.84770,112.20,0.74742,0.98984,1.3210,7.8130,1.4531,1095.0,18.869
2458095,"2017/12/07","Thu",1.2843,0.84823,112.76,0.74474,0.99266,1.3299,7.8085,1.4621,1093.0,18.940
2458096,"2017/12/08","Fri",1.2860,0.85036,113.50,0.74642,0.99374,1.3315,7.8055,1.4604,1092.6,18.937
2458099,"2017/12/11","Mon",1.2854,0.84806,113.45,0.74885,0.99083,1.3276,7.8064,1.4459,1088.4,18.995
2458100,"2017/12/12","Tue",1.2871,0.85205,113.60,0.75045,0.99229,1.3232,7.8069,1.4421,1091.7,19.168
2458101,"2017/12/13","Wed",1.2852,0.84955,113.03,0.74804,0.98862,1.3141,7.8055,1.4296,1088.2,19.128
2458102,"2017/12/14","Thu",1.2805,0.84779,112.52,0.74478,0.98850,1.3044,7.8086,1.4304,1088.9,19.092
2458103,"2017/12/15","Fri",1.2834,0.84948,112.58,0.75044,0.99081,1.3065,7.8130,1.4276,1088.5,19.124
2458106,"2017/12/18","Mon",1.2865,0.84766,112.46,0.74662,0.98620,1.3040,7.8163,1.4275,1086.6,19.054
2458107,"2017/12/19","Tue",1.2886,0.84543,112.94,0.74823,0.98600,1.3056,7.8176,1.4307,1085.6,19.184
2458108,"2017/12/20","Wed",1.2842,0.84232,113.35,0.74615,0.98618,1.3039,7.8229,1.4329,1080.1,19.233
2458109,"2017/12/21","Thu",1.2734,0.84270,113.39,0.74814,0.98905,1.2993,7.8196,1.4260,1080.1,19.415
2458110,"2017/12/22","Fri",1.2759,0.84424,113.41,0.74758,0.99030,1.2960,7.8155,1.4262,1076.7,19.548
2458115,"2017/12/27","Wed",1.2641,0.84038,113.27,0.74596,0.98750,1.2866,7.8121,1.4149,1074.9,19.758
2458116,"2017/12/28","Thu",1.2588,0.83691,112.90,0.74375,0.97870,1.2834,7.8161,1.4114,1070.4,19.718
2458117,"2017/12/29","Fri",1.2545,0.83344,112.61,0.73964,0.97588,1.2800,7.8144,1.4061,1067.7,19.663
2458121,"2018/01/02","Tue",1.2517,0.82993,112.26,0.73651,0.97212,1.2778,7.8153,1.4070,1062.6,19.488
2458122,"2018/01/03","Wed",1.2533,0.83182,112.40,0.73937,0.97700,1.2759,7.8171,1.4085,1064.8,19.377
2458123,"2018/01/04","Thu",1.2515,0.82848,112.75,0.73826,0.97484,1.2735,7.8180,1.4000,1063.3,19.283
2458124,"2018/01/05","Fri",1.2403,0.83041,113.17,0.73731,0.97585,1.2724,7.8194,1.3945,1061.9,19.259
2458127,"2018/01/08","Mon",1.2422,0.83549,113.03,0.73752,0.97719,1.2759,7.8219,1.3932,1068.1,19.235
2458128,"2018/01/09","Tue",1.2454,0.83848,112.60,0.73942,0.98318,1.2786,7.8207,1.3940,1071.8,19.285
2458129,"2018/01/10","Wed",1.2496,0.83529,111.47,0.73971,0.97778,1.2752,7.8221,1.3900,1068.0,19.266
2458130,"2018/01/11","Thu",1.2535,0.83079,111.32,0.73896,0.97541,1.2687,7.8231,1.3810,1065.0,19.338
2458131,"2018/01/12","Fri",1.2504,0.82317,111.25,0.73037,0.97066,1.2675,7.8228,1.3803,1062.4,19.058
2458134,"2018/01/15","Mon",1.2422,0.81499,110.52,0.72470,0.96227,1.2553,7.8239,1.3693,1063.5,18.827
2458135,"2018/01/16","Tue",1.2419,0.81698,110.69,0.72592,0.96249,1.2570,7.8229,1.3747,1065.1,18.811
2458136,"2018/01/17","Wed",1.2425,0.81727,110.84,0.72243,0.96139,1.2515,7.8185,1.3711,1067.4,18.662
2458137,"2018/01/18","Thu",1.2446,0.81699,111.03,0.72038,0.95923,1.2509,7.8174,1.3681,1069.2,18.643
2458138,"2018/01/19","Fri",1.2459,0.81720,110.65,0.72126,0.96127,1.2496,7.8175,1.3729,1067.6,18.593
2458141,"2018/01/22","Mon",1.2458,0.81649,110.94,0.71692,0.96208,1.2483,7.8186,1.3674,1070.3,18.692
2458142,"2018/01/23","Tue",1.2454,0.81436,110.41,0.71517,0.95918,1.2522,7.8181,1.3612,1074.5,18.793
2458143,"2018/01/24","Wed",1.2341,0.80708,109.21,0.70395,0.94618,1.2391,7.8178,1.3482,1065.7,18.516
2458144,"2018/01/25","Thu",1.2323,0.80212,108.86,0.70185,0.93697,1.2385,7.8173,1.3584,1060.5,18.478
2458145,"2018/01/26","Fri",1.2321,0.80456,108.75,0.70478,0.93511,1.2341,7.8179,1.3607,1064.9,18.511
2458148,"2018/01/29","Mon",1.2335,0.80848,108.97,0.71087,0.93653,1.2357,7.8181,1.3662,1071.7,18.613
2458149,"2018/01/30","Tue",1.2328,0.80575,108.71,0.70741,0.93401,1.2366,7.8195,1.3631,1072.9,18.690
2458150,"2018/01/31","Wed",1.2293,0.80420,109.17,0.70516,0.93199,1.2381,7.8214,1.3543,1068.0,18.623
2458151,"2018/02/01","Thu",1.2288,0.80151,109.42,0.70229,0.92894,1.2465,7.8210,1.3546,1071.3,18.428
2458152,"2018/02/02","Fri",1.2380,0.80285,110.24,0.70699,0.93125,1.2589,7.8212,1.3670,1087.9,18.522
2458155,"2018/02/05","Mon",1.2483,0.80535,109.89,0.71352,0.93569,1.2622,7.8209,1.3716,1088.3,18.623
2458156,"2018/02/06","Tue",1.2530,0.80865,109.34,0.71817,0.93731,1.2698,7.8192,1.3700,1083.0,18.704
2458157,"2018/02/07","Wed",1.2546,0.81346,109.38,0.72004,0.94274,1.2750,7.8185,1.3748,1085.3,18.683
2458158,"2018/02/08","Thu",1.2585,0.81567,109.15,0.71616,0.93862,1.2820,7.8207,1.3849,1093.4,18.845
2458159,"2018/02/09","Fri",1.2609,0.81712,108.60,0.72432,0.93887,1.2818,7.8194,1.3806,1087.9,18.817
2458162,"2018/02/12","Mon",1.2603,0.81494,108.65,0.72348,0.93870,1.2757,7.8197,1.3807,1083.7,18.638
2458163,"2018/02/13","Tue",1.2600,0.80946,107.69,0.72033,0.93409,1.2734,7.8225,1.3736,1084.3,18.634
2458164,"2018/02/14","Wed",1.2562,0.80702,107.09,0.71738,0.93197,1.2700,7.8218,1.3640,1076.4,18.613
2458165,"2018/02/15","Thu",1.2507,0.80086,106.44,0.71067,0.92405,1.2626,7.8214,1.3537,1066.2,18.512
2458166,"2018/02/16","Fri",1.2540,0.80410,106.18,0.71258,0.92601,1.2630,7.8220,1.3529,1066.3,18.496
2458170,"2018/02/20","Tue",1.2622,0.81019,107.24,0.71448,0.93538,1.2670,7.8241,1.3603,1073.3,18.672
2458171,"2018/02/21","Wed",1.2671,0.81183,107.66,0.71685,0.93734,1.2757,7.8250,1.3619,1072.9,18.689
2458172,"2018/02/22","Thu",1.2709,0.81135,106.80,0.71713,0.93421,1.2746,7.8246,1.3614,1080.7,18.665
2458173,"2018/02/23","Fri",1.2668,0.81309,106.72,0.71546,0.93587,1.2779,7.8234,1.3714,1077.2,18.558
2458176,"2018/02/26","Mon",1.2686,0.81258,106.96,0.71595,0.93776,1.2747,7.8240,1.3681,1071.5,18.659
2458177,"2018/02/27","Tue",1.2740,0.81599,107.33,0.71880,0.93911,1.2799,7.8268,1.3791,1076.9,18.771
2458178,"2018/02/28","Wed",1.2809,0.81909,106.83,0.72502,0.94371,1.2831,7.8262,1.3851,1082.8,18.817
2458179,"2018/03/01","Thu",1.2851,0.81942,106.74,0.72744,0.94604,1.2916,7.8274,1.3821,1084.5,18.876
2458180,"2018/03/02","Fri",1.2891,0.81188,105.49,0.72580,0.93691,1.2901,7.8299,1.3824,1082.4,18.885
2458183,"2018/03/05","Mon",1.2977,0.81142,105.93,0.72283,0.93941,1.2900,7.8319,1.3838,1079.6,18.884
2458184,"2018/03/06","Tue",1.2898,0.80623,106.16,0.71979,0.93892,1.2788,7.8335,1.3704,1063.3,18.720
2458185,"2018/03/07","Wed",1.2947,0.80606,105.95,0.72008,0.94256,1.2804,7.8357,1.3738,1068.2,18.780
2458186,"2018/03/08","Thu",1.2927,0.81047,106.13,0.72282,0.94891,1.2838,7.8413,1.3776,1073.7,18.702
2458187,"2018/03/09","Fri",1.2840,0.81220,106.82,0.72184,0.95041,1.2761,7.8378,1.3725,1066.4,18.590
2458190,"2018/03/12","Mon",1.2830,0.81177,106.47,0.71970,0.94840,1.2708,7.8402,1.3709,1065.6,18.629
2458191,"2018/03/13","Tue",1.2912,0.80761,106.80,0.71610,0.94462,1.2695,7.8402,1.3629,1064.5,18.565
2458192,"2018/03/14","Wed",1.2944,0.80849,106.36,0.71617,0.94578,1.2681,7.8412,1.3641,1064.5,18.582
2458193,"2018/03/15","Thu",1.3032,0.81131,106.12,0.71683,0.94909,1.2792,7.8419,1.3728,1067.3,18.708
2458194,"2018/03/16","Fri",1.3088,0.81378,106.06,0.71766,0.95241,1.2933,7.8430,1.3851,1069.3,18.724
2458197,"2018/03/19","Mon",1.3079,0.81115,105.99,0.71194,0.95099,1.2976,7.8432,1.3829,1072.9,18.754
2458198,"2018/03/20","Tue",1.3077,0.81512,106.40,0.71412,0.95488,1.2999,7.8445,1.3898,1071.9,18.765
2458199,"2018/03/21","Wed",1.2958,0.81389,106.30,0.71026,0.95272,1.2966,7.8462,1.3920,1070.9,18.554
2458200,"2018/03/22","Thu",1.2908,0.81234,105.54,0.70857,0.94926,1.2969,7.8477,1.3839,1079.3,18.517
2458201,"2018/03/23","Fri",1.2856,0.80947,105.03,0.70684,0.94738,1.2943,7.8465,1.3778,1080.3,18.541
2458204,"2018/03/26","Mon",1.2886,0.80392,105.19,0.70312,0.94472,1.2937,7.8464,1.3713,1076.5,18.348
2458205,"2018/03/27","Tue",1.2869,0.80648,105.66,0.70697,0.94799,1.2983,7.8469,1.3749,1073.3,18.366
2458206,"2018/03/28","Wed",1.2902,0.81022,106.45,0.70906,0.95478,1.3038,7.8476,1.3830,1064.5,18.306
2458207,"2018/03/29","Thu",1.2894,0.81263,106.39,0.71214,0.95639,1.3022,7.8480,1.3857,1063.0,18.227
2458211,"2018/04/02","Mon",1.2908,0.81234,106.06,0.71189,0.95459,1.3050,7.8484,1.3847,1056.3,18.288
2458212,"2018/04/03","Tue",1.2812,0.81496,106.50,0.71146,0.95870,1.3015,7.8489,1.3773,1055.4,18.199
2458213,"2018/04/04","Wed",1.2809,0.81363,106.48,0.71058,0.95955,1.2990,7.8489,1.3701,1061.2,18.226
2458214,"2018/04/05","Thu",1.2776,0.81704,107.36,0.71410,0.96306,1.3014,7.8490,1.3742,1062.0,18.137
2458215,"2018/04/06","Fri",1.2764,0.81497,107.08,0.71041,0.96042,1.3018,7.8484,1.3762,1069.9,18.292
2458218,"2018/04/09","Mon",1.2729,0.81190,106.97,0.70744,0.95714,1.2999,7.8493,1.3680,1069.7,18.291
2458219,"2018/04/10","Tue",1.2618,0.80957,107.20,0.70570,0.95605,1.2894,7.8497,1.3581,1065.7,18.282
2458220,"2018/04/11","Wed",1.2584,0.80807,106.83,0.70479,0.95783,1.2891,7.8496,1.3579,1067.3,18.230
2458221,"2018/04/12","Thu",1.2596,0.81160,107.29,0.70325,0.96278,1.2895,7.8501,1.3557,1071.1,18.152
2458222,"2018/04/13","Fri",1.2597,0.81114,107.48,0.70167,0.96248,1.2863,7.8499,1.3595,1071.2,18.086
2458225,"2018/04/16","Mon",1.2579,0.80795,107.24,0.69814,0.95950,1.2861,7.8501,1.3589,1072.4,18.027
2458226,"2018/04/17","Tue",1.2552,0.80934,107.10,0.69912,0.96569,1.2871,7.8499,1.3630,1067.3,17.983
2458227,"2018/04/18","Wed",1.2614,0.80755,107.26,0.70328,0.96718,1.2852,7.8499,1.3649,1064.5,18.028
2458228,"2018/04/19","Thu",1.2633,0.80924,107.33,0.70544,0.96990,1.2899,7.8483,1.3732,1065.2,18.309
2458229,"2018/04/20","Fri",1.2728,0.81402,107.59,0.71277,0.97436,1.3034,7.8444,1.3871,1071.4,18.578
2458232,"2018/04/23","Mon",1.2833,0.81838,108.48,0.71697,0.97738,1.3127,7.8429,1.3969,1079.3,18.839
2458233,"2018/04/24","Tue",1.2828,0.81785,108.90,0.71577,0.97901,1.3152,7.8469,1.4046,1077.1,18.840
2458234,"2018/04/25","Wed",1.2869,0.82104,109.24,0.71742,0.98312,1.3223,7.8468,1.4151,1083.2,18.995
2458235,"2018/04/26","Thu",1.2862,0.82443,109.28,0.71730,0.98711,1.3223,7.8468,1.4142,1078.1,18.848
2458236,"2018/04/27","Fri",1.2857,0.82639,109.14,0.72569,0.98892,1.3216,7.8484,1.4147,1068.7,18.688
2458239,"2018/04/30","Mon",1.2836,0.82765,109.34,0.72701,0.99066,1.3263,7.8484,1.4199,1069.7,18.747
2458240,"2018/05/01","Tue",1.2867,0.83292,109.69,0.73392,0.99536,1.3346,7.8490,1.4275,1072.2,18.847
2458241,"2018/05/02","Wed",1.2851,0.83486,109.84,0.73464,0.99744,1.3330,7.8498,1.4271,1077.2,19.044
2458242,"2018/05/03","Thu",1.2862,0.83471,109.19,0.73661,0.99806,1.3293,7.8494,1.4214,1077.2,19.083
2458243,"2018/05/04","Fri",1.2861,0.83687,109.08,0.73880,1.00054,1.3283,7.8498,1.4255,1076.2,19.190
2458246,"2018/05/07","Mon",1.2864,0.83887,109.20,0.73766,1.00320,1.3307,7.8500,1.4249,1080.1,19.414
2458247,"2018/05/08","Tue",1.2963,0.84285,109.12,0.73943,1.00216,1.3423,7.8495,1.4351,1078.5,19.570
2458248,"2018/05/09","Wed",1.2856,0.84280,109.69,0.73694,1.00367,1.3404,7.8502,1.4311,1079.4,19.556
2458249,"2018/05/10","Thu",1.2775,0.83952,109.47,0.74028,1.00243,1.3293,7.8499,1.4377,1066.4,19.298
2458250,"2018/05/11","Fri",1.2779,0.83692,109.32,0.73769,0.99984,1.3251,7.8496,1.4352,1067.6,19.327
2458253,"2018/05/14","Mon",1.2775,0.83557,109.56,0.73631,0.99828,1.3253,7.8496,1.4425,1069.9,19.501
2458254,"2018/05/15","Tue",1.2876,0.84366,110.33,0.74072,1.00179,1.3383,7.8502,1.4557,1078.4,19.748
2458255,"2018/05/16","Wed",1.2809,0.84772,110.23,0.74139,1.00039,1.3319,7.8500,1.4496,1078.2,19.676
2458256,"2018/05/17","Thu",1.2801,0.84758,110.74,0.74024,1.00172,1.3312,7.8498,1.4533,1082.1,19.700
2458257,"2018/05/18","Fri",1.2880,0.84944,110.75,0.74198,0.99814,1.3320,7.8497,1.4469,1082.4,19.913
2458261,"2018/05/22","Tue",1.2786,0.84872,110.99,0.74432,0.99363,1.3184,7.8496,1.4420,1075.4,19.747
2458262,"2018/05/23","Wed",1.2876,0.85464,110.05,0.74965,0.99459,1.3255,7.8495,1.4487,1080.2,19.730
2458263,"2018/05/24","Thu",1.2891,0.85252,109.34,0.74687,0.99093,1.3209,7.8473,1.4439,1081.5,19.690
2458264,"2018/05/25","Fri",1.2974,0.85739,109.39,0.75077,0.99182,1.3236,7.8455,1.4457,1078.5,19.572
2458267,"2018/05/28","Mon",1.3001,0.86020,109.34,0.75137,0.99404,1.3250,7.8459,1.4405,1074.5,19.586
2458268,"2018/05/29","Tue",1.3020,0.86558,108.68,0.75417,0.99268,1.3307,7.8457,1.4473,1083.2,19.775
2458269,"2018/05/30","Wed",1.2897,0.85900,108.93,0.75267,0.98926,1.3226,7.8472,1.4322,1079.2,19.741
2458270,"2018/05/31","Thu",1.2948,0.85646,108.72,0.75183,0.98494,1.3208,7.8455,1.4272,1079.9,19.963
2458271,"2018/06/01","Fri",1.2964,0.85718,109.49,0.74971,0.98856,1.3235,7.8455,1.4328,1073.2,19.893
2458274,"2018/06/04","Mon",1.2928,0.85452,109.65,0.74988,0.98725,1.3070,7.8456,1.4213,1070.2,19.988
2458275,"2018/06/05","Tue",1.2993,0.85514,109.65,0.74780,0.98566,1.3137,7.8467,1.4245,1071.1,20.368
2458276,"2018/06/06","Wed",1.2913,0.84932,110.09,0.74525,0.98595,1.3042,7.8471,1.4203,1067.2,20.313
2458277,"2018/06/07","Thu",1.2972,0.84624,109.84,0.74530,0.98102,1.3100,7.8465,1.4211,1072.1,20.473
2458278,"2018/06/08","Fri",1.2962,0.84997,109.48,0.74632,0.98600,1.3166,7.8454,1.4222,1075.7,20.458
2458281,"2018/06/11","Mon",1.2993,0.84789,110.02,0.74733,0.98514,1.3137,7.8464,1.4217,1075.6,20.490
2458282,"2018/06/12","Tue",1.3004,0.84932,110.30,0.74744,0.98515,1.3166,7.8472,1.4245,1079.2,20.622
2458283,"2018/06/13","Wed",1.2988,0.84917,110.44,0.74833,0.98558,1.3182,7.8481,1.4213,1085.0,20.662
2458284,"2018/06/14","Thu",1.3052,0.85908,110.42,0.75102,0.99368,1.3302,7.8485,1.4277,1085.9,20.698
2458285,"2018/06/15","Fri",1.3177,0.86135,110.55,0.75301,0.99675,1.3417,7.8481,1.4403,1101.8,20.712
2458288,"2018/06/18","Mon",1.3213,0.86151,110.48,0.75542,0.99518,1.3472,7.8509,1.4418,1105.7,20.668
2458289,"2018/06/19","Tue",1.3276,0.86438,109.90,0.75915,0.99498,1.3564,7.8510,1.4495,1113.8,20.561
2458290,"2018/06/20","Wed",1.3301,0.86325,110.20,0.75828,0.99566,1.3552,7.8472,1.4549,1108.4,20.385
2458291,"2018/06/21","Thu",1.3310,0.86194,110.09,0.75488,0.99210,1.3547,7.8432,1.4546,1110.1,20.330
2458292,"2018/06/22","Fri",1.3308,0.85841,109.98,0.75370,0.98922,1.3452,7.8467,1.4481,1112.7,20.103
2458295,"2018/06/25","Mon",1.3303,0.85511,109.58,0.75328,0.98709,1.3497,7.8484,1.4505,1116.0,20.053
2458296,"2018/06/26","Tue",1.3306,0.85768,109.97,0.75572,0.99054,1.3525,7.8502,1.4584,1119.1,19.880
2458297,"2018/06/27","Wed",1.3307,0.86303,110.34,0.76070,0.99544,1.3572,7.8461,1.4701,1122.0,20.077
2458298,"2018/06/28","Thu",1.3267,0.86391,110.37,0.76427,0.99752,1.3607,7.8457,1.4800,1122.4,19.867
2458299,"2018/06/29","Fri",1.3168,0.85729,110.75,0.75866,0.99224,1.3529,7.8474,1.4779,1113.1,19.742
2458303,"2018/07/03","Tue",1.3154,0.85811,110.63,0.75872,0.99245,1.3541,7.8438,1.4821,1115.7,19.592
2458304,"2018/07/04","Wed",1.3143,0.85812,110.54,0.75621,0.99275,1.3543,7.8419,1.4787,1116.7,19.434
2458305,"2018/07/05","Thu",1.3129,0.85503,110.61,0.75602,0.99282,1.3534,7.8476,1.4733,1118.3,19.248
2458306,"2018/07/06","Fri",1.3105,0.85142,110.50,0.75390,0.99003,1.3469,7.8473,1.4636,1116.3,19.081
2458309,"2018/07/09","Mon",1.3097,0.85062,110.71,0.75361,0.99085,1.3389,7.8472,1.4616,1112.7,19.148
2458310,"2018/07/10","Tue",1.3125,0.85260,111.23,0.75379,0.99296,1.3407,7.8499,1.4637,1115.1,19.019
2458311,"2018/07/11","Wed",1.3151,0.85402,111.64,0.75559,0.99395,1.3530,7.8467,1.4748,1125.0,18.988
2458312,"2018/07/12","Thu",1.3166,0.85638,112.43,0.75645,1.00107,1.3504,7.8463,1.4762,1124.3,18.868
2458313,"2018/07/13","Fri",1.3171,0.85743,112.48,0.75752,1.00343,1.3506,7.8492,1.4807,1131.5,18.932
2458316,"2018/07/16","Mon",1.3137,0.85388,112.28,0.75509,0.99734,1.3475,7.8477,1.4759,1128.6,18.837
2458317,"2018/07/17","Tue",1.3187,0.85641,112.81,0.76050,0.99796,1.3529,7.8494,1.4729,1127.1,18.876
2458318,"2018/07/18","Wed",1.3204,0.85902,112.76,0.76612,0.99924,1.3540,7.8502,1.4733,1131.4,18.920
2458319,"2018/07/19","Thu",1.3255,0.86066,112.71,0.76930,1.00076,1.3617,7.8478,1.4855,1137.8,19.069
2458320,"2018/07/20","Fri",1.3142,0.85382,111.75,0.76274,0.99402,1.3489,7.8507,1.4702,1129.0,19.038
2458323,"2018/07/23","Mon",1.3156,0.85451,111.40,0.76267,0.99238,1.3542,7.8497,1.4731,1136.1,19.056
2458324,"2018/07/24","Tue",1.3157,0.85529,111.12,0.76118,0.99373,1.3485,7.8456,1.4699,1127.4,18.868
2458325,"2018/07/25","Wed",1.3088,0.85526,110.92,0.75991,0.99294,1.3473,7.8465,1.4676,1122.5,18.756
2458326,"2018/07/26","Thu",1.3065,0.85717,111.10,0.76132,0.99339,1.3531,7.8468,1.4716,1122.4,18.651
2458327,"2018/07/27","Fri",1.3062,0.85816,110.98,0.76270,0.99482,1.3512,7.8498,1.4723,1117.4,18.588
2458330,"2018/07/30","Mon",1.3021,0.85417,111.01,0.76128,0.98921,1.3503,7.8487,1.4653,1117.7,18.543
2458331,"2018/07/31","Tue",1.3017,0.85419,111.83,0.76172,0.98943,1.3456,7.8510,1.4675,1114.5,18.625
2458332,"2018/08/01","Wed",1.3002,0.85669,111.80,0.76196,0.99191,1.3507,7.8515,1.4715,1118.0,18.609
2458333,"2018/08/02","Thu",1.3014,0.86140,111.52,0.76724,0.99442,1.3563,7.8492,1.4812,1128.7,18.650
2458334,"2018/08/03","Fri",1.2983,0.86306,111.25,0.76845,0.99350,1.3513,7.8495,1.4811,1124.1,18.587
2458338,"2018/08/07","Tue",1.3023,0.86251,111.21,0.77237,0.99488,1.3466,7.8499,1.4843,1118.8,18.465
2458339,"2018/08/08","Wed",1.3052,0.86203,110.99,0.77644,0.99451,1.3478,7.8485,1.4829,1119.4,18.466
2458340,"2018/08/09","Thu",1.3040,0.86443,110.98,0.77730,0.99186,1.3516,7.8507,1.5086,1120.3,18.637
2458341,"2018/08/10","Fri",1.3113,0.87589,110.75,0.78361,0.99469,1.3697,7.8521,1.5163,1130.4,18.933
2458344,"2018/08/13","Mon",1.3136,0.87684,110.76,0.78349,0.99387,1.3749,7.8518,1.5197,1135.3,19.177
2458345,"2018/08/14","Tue",1.3087,0.88015,111.00,0.78492,0.99287,1.3801,7.8506,1.5179,1129.2,18.972
2458346,"2018/08/15","Wed",1.3138,0.88251,110.68,0.78793,0.99485,1.3831,7.8483,1.5245,1135.5,19.194
2458347,"2018/08/16","Thu",1.3152,0.87909,110.80,0.78651,0.99538,1.3760,7.8519,1.5173,1127.0,19.028
2458348,"2018/08/17","Fri",1.3081,0.87604,110.48,0.78536,0.99475,1.3720,7.8517,1.5123,1122.8,19.044
2458351,"2018/08/20","Mon",1.3065,0.87368,110.35,0.78280,0.99346,1.3668,7.8516,1.5094,1120.5,19.017
2458352,"2018/08/21","Tue",1.3036,0.86641,110.38,0.77692,0.98668,1.3591,7.8483,1.4972,1117.1,18.887
2458353,"2018/08/22","Wed",1.3016,0.86222,110.49,0.77430,0.98279,1.3605,7.8504,1.4928,1118.2,18.820
2458354,"2018/08/23","Thu",1.3063,0.86521,111.17,0.77918,0.98507,1.3769,7.8504,1.5036,1123.2,18.872
2458355,"2018/08/24","Fri",1.3036,0.86080,111.23,0.77804,0.98296,1.3653,7.8483,1.4958,1114.2,18.874
2458358,"2018/08/27","Mon",1.2986,0.85705,111.09,0.77589,0.98037,1.3619,7.8513,1.4942,1109.9,18.712
2458359,"2018/08/28","Tue",1.2917,0.85379,111.07,0.77570,0.97568,1.3610,7.8475,1.4890,1105.9,18.907
2458360,"2018/08/29","Wed",1.2931,0.85534,111.57,0.77085,0.97277,1.3705,7.8513,1.4918,1111.9,19.050
2458361,"2018/08/30","Thu",1.2980,0.85744,111.23,0.76873,0.97040,1.3750,7.8476,1.5042,1112.3,19.116
2458362,"2018/08/31","Fri",1.3055,0.86086,110.92,0.77107,0.96905,1.3887,7.8503,1.5099,1116.8,19.148
2458366,"2018/09/04","Tue",1.3182,0.86462,111.43,0.77866,0.97493,1.3929,7.8511,1.5266,1119.0,19.374
2458367,"2018/09/05","Wed",1.3185,0.86075,111.55,0.77468,0.97234,1.3913,7.8482,1.5190,1121.2,19.421
2458368,"2018/09/06","Thu",1.3188,0.85994,110.92,0.77290,0.96757,1.3892,7.8500,1.5164,1122.4,19.315
2458369,"2018/09/07","Fri",1.3164,0.86423,111.09,0.77262,0.96815,1.4034,7.8497,1.5275,1126.1,19.262
2458372,"2018/09/10","Mon",1.3163,0.86219,111.17,0.76810,0.97410,1.4051,7.8491,1.5308,1129.9,19.292
2458373,"2018/09/11","Tue",1.3141,0.86312,111.55,0.76897,0.97384,1.4088,7.8501,1.5366,1127.0,19.265
2458374,"2018/09/12","Wed",1.3014,0.86060,111.33,0.76720,0.97105,1.3978,7.8492,1.5275,1122.9,19.068
2458375,"2018/09/13","Thu",1.2997,0.85619,111.75,0.76327,0.96704,1.3889,7.8484,1.5221,1120.4,18.861
2458376,"2018/09/14","Fri",1.3033,0.85834,112.06,0.76453,0.96655,1.3946,7.8465,1.5247,1120.6,18.861
2458379,"2018/09/17","Mon",1.3019,0.85567,111.94,0.76037,0.96238,1.3917,7.8475,1.5190,1125.2,18.835
2458380,"2018/09/18","Tue",1.2992,0.85592,112.29,0.76066,0.96308,1.3870,7.8454,1.5186,1123.9,18.780
2458381,"2018/09/19","Wed",1.2947,0.85657,112.29,0.76069,0.96778,1.3770,7.8467,1.5125,1121.0,18.761
2458382,"2018/09/20","Thu",1.2905,0.85013,112.41,0.75406,0.96069,1.3730,7.8450,1.4971,1118.3,18.815
2458383,"2018/09/21","Fri",1.2916,0.85125,112.61,0.76408,0.95816,1.3736,7.8089,1.4975,1115.4,18.844
2458386,"2018/09/24","Mon",1.2935,0.84953,112.67,0.76151,0.96142,1.3769,7.8110,1.5029,1118.9,18.878
2458387,"2018/09/25","Tue",1.2948,0.84927,112.89,0.75950,0.96490,1.3789,7.8094,1.5035,1118.1,19.002
2458388,"2018/09/26","Wed",1.2975,0.85115,112.92,0.75904,0.96727,1.3777,7.8116,1.5028,1114.7,18.917
2458389,"2018/09/27","Thu",1.3045,0.85670,113.24,0.76282,0.97598,1.3854,7.8161,1.5091,1113.1,18.821
2458390,"2018/09/28","Fri",1.2945,0.86185,113.55,0.76711,0.97735,1.3836,7.8265,1.5093,1110.2,18.728
2458393,"2018/10/01","Mon",1.2803,0.86326,114.01,0.76651,0.98394,1.3847,7.8258,1.5123,1112.3,18.655
2458394,"2018/10/02","Tue",1.2817,0.86595,113.73,0.77058,0.98441,1.3910,7.8344,1.5159,1118.4,18.771
2458395,"2018/10/03","Wed",1.2832,0.86755,114.16,0.76977,0.98928,1.4013,7.8387,1.5289,1121.7,18.837
2458396,"2018/10/04","Thu",1.2900,0.86875,113.86,0.76831,0.99193,1.4126,7.8372,1.5410,1131.6,19.105
2458397,"2018/10/05","Fri",1.2936,0.86813,113.77,0.76386,0.99210,1.4166,7.8353,1.5501,1130.8,18.929
2458401,"2018/10/09","Tue",1.2965,0.87142,113.13,0.76278,0.99311,1.4119,7.8338,1.5497,1134.3,19.021
2458402,"2018/10/10","Wed",1.2992,0.86764,112.78,0.75795,0.99145,1.4094,7.8359,1.5459,1138.7,19.095
2458403,"2018/10/11","Thu",1.3038,0.86384,112.20,0.75648,0.98960,1.4059,7.8353,1.5346,1136.7,19.020
2458404,"2018/10/12","Fri",1.3031,0.86510,112.14,0.75947,0.99148,1.4051,7.8358,1.5361,1132.1,18.905
2458407,"2018/10/15","Mon",1.2993,0.86315,111.82,0.76022,0.98708,1.4009,7.8365,1.5279,1129.8,18.814
2458408,"2018/10/16","Tue",1.2938,0.86322,112.21,0.75745,0.98945,1.4005,7.8365,1.5177,1124.1,18.764
2458409,"2018/10/17","Wed",1.2994,0.86754,112.31,0.76175,0.99327,1.4040,7.8371,1.5226,1127.0,18.821
2458410,"2018/10/18","Thu",1.3057,0.87099,112.27,0.76567,0.99550,1.4047,7.8373,1.5253,1137.4,19.084
2458411,"2018/10/19","Fri",1.3104,0.86989,112.48,0.76623,0.99665,1.4024,7.8420,1.5167,1131.6,19.208
2458414,"2018/10/22","Mon",1.3105,0.87157,112.78,0.77075,0.99643,1.4105,7.8379,1.5245,1132.7,19.360
2458415,"2018/10/23","Tue",1.3098,0.87152,112.24,0.76957,0.99491,1.4134,7.8384,1.5255,1137.0,19.373
2458416,"2018/10/24","Wed",1.3029,0.87761,112.51,0.77521,0.99778,1.4137,7.8393,1.5310,1136.9,19.475
2458417,"2018/10/25","Thu",1.3076,0.87888,112.53,0.77908,1.00038,1.4119,7.8393,1.5329,1136.1,19.461
2458418,"2018/10/26","Fri",1.3108,0.87849,111.84,0.77996,0.99893,1.4134,7.8397,1.5365,1141.8,19.465
2458421,"2018/10/29","Mon",1.3119,0.87841,112.42,0.78066,1.00084,1.4138,7.8416,1.5312,1140.8,19.829
2458422,"2018/10/30","Tue",1.3133,0.88040,112.83,0.78547,1.00367,1.4075,7.8453,1.5248,1139.0,20.020
2458423,"2018/10/31","Wed",1.3142,0.88344,113.10,0.78343,1.00705,1.4119,7.8413,1.5319,1140.8,20.284
2458424,"2018/11/01","Thu",1.3088,0.87686,112.73,0.77124,1.00253,1.3898,7.8371,1.5051,1126.3,20.132
2458425,"2018/11/02","Fri",1.3105,0.87712,113.07,0.77061,1.00222,1.3885,7.8286,1.5037,1118.2,20.017
2458428,"2018/11/05","Mon",1.3096,0.87716,113.19,0.76769,1.00453,1.3879,7.8325,1.5003,1122.2,19.973
2458429,"2018/11/06","Tue",1.3130,0.87586,113.39,0.76422,1.00329,1.3842,7.8295,1.4987,1122.2,19.831
2458430,"2018/11/07","Wed",1.3096,0.87231,113.29,0.76078,0.99916,1.3729,7.8279,1.4738,1117.4,19.824
2458431,"2018/11/08","Thu",1.3114,0.87660,113.84,0.76360,1.00383,1.3732,7.8246,1.4760,1118.9,20.046
2458432,"2018/11/09","Fri",1.3206,0.88193,113.84,0.76927,1.00594,1.3824,7.8327,1.4833,1129.7,20.280
2458436,"2018/11/13","Tue",1.3241,0.88711,113.95,0.77077,1.00899,1.3875,7.8303,1.4806,1133.6,20.494
2458437,"2018/11/14","Wed",1.3235,0.88416,113.70,0.77019,1.00700,1.3846,7.8314,1.4722,1133.1,20.387
2458438,"2018/11/15","Thu",1.3202,0.88337,113.42,0.78271,1.00579,1.3751,7.8304,1.4654,1128.4,20.326
2458439,"2018/11/16","Fri",1.3154,0.87705,112.81,0.77880,1.00137,1.3671,7.8298,1.4572,1124.3,20.181
2458442,"2018/11/19","Mon",1.3182,0.87356,112.57,0.77802,0.99419,1.3710,7.8324,1.4635,1125.7,20.355
2458443,"2018/11/20","Tue",1.3259,0.87819,112.65,0.78063,0.99430,1.3810,7.8317,1.4672,1129.4,20.427
2458444,"2018/11/21","Wed",1.3270,0.87741,113.03,0.78201,0.99453,1.3765,7.8335,1.4621,1128.4,20.226
2458445,"2018/11/22","Thu",1.3205,0.87683,112.96,0.77672,0.99480,1.3790,7.8321,1.4685,1130.6,20.287
2458446,"2018/11/23","Fri",1.3228,0.88187,112.87,0.78027,0.99729,1.3833,7.8272,1.4758,1132.5,20.385
2458449,"2018/11/26","Mon",1.3230,0.88153,113.46,0.77961,0.99834,1.3819,7.8238,1.4728,1127.9,20.537
2458450,"2018/11/27","Tue",1.3289,0.88487,113.68,0.78471,0.99880,1.3844,7.8263,1.4730,1130.0,20.470
2458451,"2018/11/28","Wed",1.3302,0.88315,113.79,0.78128,0.99663,1.3752,7.8247,1.4634,1126.3,20.352
2458452,"2018/11/29","Thu",1.3275,0.87867,113.36,0.78258,0.99647,1.3667,7.8226,1.4583,1120.3,20.239
2458453,"2018/11/30","Fri",1.3301,0.88273,113.59,0.78407,0.99902,1.3695,7.8241,1.4560,1120.6,20.347
2458456,"2018/12/03","Mon",1.3191,0.88128,113.62,0.78555,0.99803,1.3581,7.8146,1.4435,1111.3,20.225
2458457,"2018/12/04","Tue",1.3219,0.88033,112.79,0.78526,0.99698,1.3600,7.8034,1.4419,1109.9,20.488
2458458,"2018/12/05","Wed",1.3353,0.88139,113.16,0.78459,0.99791,1.3748,7.8134,1.4483,1113.7,20.524
2458459,"2018/12/06","Thu",1.3404,0.87872,112.54,0.78244,0.99274,1.3850,7.8112,1.4541,1120.7,20.448
2458460,"2018/12/07","Fri",1.3299,0.87753,112.70,0.78460,0.99135,1.3860,7.8138,1.4565,1123.2,20.257
2458463,"2018/12/10","Mon",1.3379,0.87893,113.00,0.79481,0.98950,1.3900,7.8148,1.4539,1129.0,20.330
2458464,"2018/12/11","Tue",1.3402,0.88252,113.29,0.79707,0.99201,1.3878,7.8146,1.4530,1129.1,20.239
2458465,"2018/12/12","Wed",1.3346,0.88000,113.29,0.79148,0.99286,1.3849,7.8138,1.4594,1125.3,20.066
2458466,"2018/12/13","Thu",1.3359,0.88050,113.60,0.79075,0.99360,1.3835,7.8123,1.4575,1125.4,20.235
2458467,"2018/12/14","Fri",1.3379,0.88532,113.48,0.79580,0.99739,1.3944,7.8103,1.4705,1133.8,20.327
2458470,"2018/12/17","Mon",1.3399,0.88134,112.88,0.79261,0.99267,1.3928,7.8128,1.4695,1130.7,20.107
2458471,"2018/12/18","Tue",1.3454,0.87975,112.49,0.79057,0.99240,1.3926,7.8221,1.4591,1128.7,20.102
2458472,"2018/12/19","Wed",1.3450,0.87628,112.27,0.79081,0.99247,1.3961,7.8243,1.4612,1124.6,20.036
2458473,"2018/12/20","Thu",1.3495,0.87324,111.34,0.78950,0.98937,1.4046,7.8277,1.4757,1122.7,19.892
2458474,"2018/12/21","Fri",1.3566,0.87789,111.20,0.79065,0.99261,1.4142,7.8326,1.4870,1125.8,19.927
2458477,"2018/12/24","Mon",1.3589,0.87598,110.57,0.78704,0.98959,1.4176,7.8323,1.4871,1124.9,19.850
2458480,"2018/12/27","Thu",1.3641,0.87543,110.72,0.79101,0.98819,1.4232,7.8307,1.4920,1121.8,19.727
2458481,"2018/12/28","Fri",1.3638,0.87367,110.34,0.78796,0.98299,1.4193,7.8289,1.4916,1116.0,19.668
2458484,"2018/12/31","Mon",1.3642,0.87376,109.93,0.78227,0.98484,1.4187,7.8312,1.4914,1114.5,19.651
