-0.17337,-0.42831,0.015579,1.2658,0.6885,-0.29117,-12.47,-19.394,-6.7913
-0.32596,-0.45894,0.2628,1.3,0.66287,-0.27089,-12.856,-19.275,-6.3994
-0.27057,-0.3493,0.1245,1.3112,0.63364,-0.24292,-12.856,-19.275,-6.3994
-0.009308,-0.10266,-0.085648,1.3221,0.58129,-0.18711,-13.882,-18.865,-5.3995
0.17888,0.098419,0.009354,1.3205,0.56752,-0.16429,-14.164,-18.634,-5.4684
0.2334,0.13689,-0.020142,1.3133,0.56704,-0.1454,-14.164,-18.634,-5.4684
0.32249,0.058548,-0.068863,1.3052,0.63742,-0.19186,-13.931,-18.573,-6.223
0.32034,-0.13197,0.082306,1.3014,0.67233,-0.21904,-13.59,-18.756,-6.4248
0.28632,-0.17163,0.14096,1.2939,0.74447,-0.28241,-13.59,-18.756,-6.4248
0.12016,-0.095444,0.077255,1.2907,0.77792,-0.31355,-13.17,-19.012,-6.5447
0.049316,-0.022339,0.12933,1.2853,0.81912,-0.35699,-12.579,-19.456,-6.4033
0.011749,0.13933,0.15245,1.2808,0.82769,-0.37058,-12.579,-19.456,-6.4033
0.13258,0.22203,0.11636,1.2769,0.81772,-0.3639,-12.506,-19.515,-6.3666
0.22259,0.23198,0.028183,1.2756,0.80846,-0.35257,-12.501,-19.502,-6.4132
0.41396,0.19078,-0.082718,1.2764,0.8055,-0.34816,-12.501,-19.502,-6.4132
0.56293,0.12425,-0.075775,1.2818,0.79953,-0.34022,-12.518,-19.463,-6.4981
0.59172,0.06134,-0.18709,1.286,0.79485,-0.33616,-12.729,-19.349,-6.4303
0.41573,-0.072113,-0.54996,1.2953,0.77377,-0.32105,-12.729,-19.349,-6.4303
0.35321,-0.61475,0.32007,1.3139,0.71198,-0.28898,-12.966,-19.244,-6.2696
0.65285,-0.95755,-1.1198,1.3218,0.68408,-0.28248,-12.966,-19.244,-6.2696
-0.32501,-1.9884,0.32192,1.3235,0.64545,-0.26943,-13.774,-18.989,-5.2391
-0.39813,-1.9926,-0.39004,1.3261,0.62286,-0.26766,-13.929,-18.947,-4.9747
-0.80342,-1.9866,-0.75551,1.3636,0.52468,-0.21865,-14.448,-18.799,-3.947
0.4874,-2.015,-0.7233,1.4176,0.27605,0.036579,-14.448,-18.799,-3.947
-0.52841,-1.9919,-0.65393,1.4389,0.31654,0.004211,-15.984,-17.714,-2.9136
-1.2268,-1.9757,-0.57809,1.4629,0.41789,-0.11156,-15.785,-17.997,-2.1613
-0.69493,-1.9894,-0.8008,1.4476,0.24665,0.039541,-15.785,-17.997,-2.1613
-0.39494,-1.9966,-0.8699,1.4222,0.1589,0.10178,-16.205,-17.637,-2.0194
-0.033051,-2.003,-0.66363,1.4126,0.19428,0.069224,-16.236,-17.601,-2.0875
0.36705,-2.0104,-0.49319,1.4023,0.31723,-0.02164,-16.236,-17.601,-2.0875
0.50819,-1.8547,-0.35165,1.4029,0.37375,-0.055953,-15.723,-17.943,-2.934
0.34215,-0.86137,0.023773,1.3988,0.39039,-0.063395,-15.567,-18.022,-3.2628
0.15512,0.12009,0.44923,1.3825,0.43953,-0.10207,-15.567,-18.022,-3.2628
0.1991,0.60908,0.58412,1.3701,0.46085,-0.1196,-15.336,-18.141,-3.6693
0.74913,1.3535,0.57518,1.2962,0.51089,-0.14958,-14.493,-18.512,-5.0022
1.0532,1.2995,0.28445,1.2317,0.59673,-0.18222,-14.493,-18.512,-5.0022
0.92531,0.96152,-0.18842,1.2102,0.66052,-0.2045,-13.55,-18.753,-6.5167
0.35138,0.25981,-0.267,1.2029,0.76375,-0.2524,-11.572,-19.274,-8.5075
0.079163,-0.027878,0.12993,1.2157,0.79167,-0.27995,-11.572,-19.274,-8.5075
-0.34137,-0.22115,0.12218,1.2481,0.80897,-0.31457,-11.83,-19.438,-7.7434
-0.48718,0.2299,-0.01001,1.2668,0.73314,-0.26278,-12.432,-19.271,-7.1997
-0.29744,0.27437,-0.13078,1.2787,0.62988,-0.17494,-12.432,-19.271,-7.1997
-0.14191,0.03627,-0.12288,1.2824,0.55789,-0.10263,-13.123,-18.875,-7.0195
-0.044876,-0.36667,0.042999,1.2796,0.54448,-0.086239,-13.749,-18.328,-7.2684
0.035492,-0.49083,0.084122,1.2795,0.57104,-0.10469,-13.749,-18.328,-7.2684
0.077652,-0.37842,-0.10686,1.2848,0.60714,-0.13338,-13.575,-18.441,-7.3067
0.12924,-0.10519,-0.018509,1.2919,0.73212,-0.23097,-13.257,-18.711,-7.2036
0.16049,0.029221,-0.044495,1.2801,0.76946,-0.25278,-13.257,-18.711,-7.2036
0.18907,0.23044,-0.01503,1.2738,0.77783,-0.25445,-12.523,-19.057,-7.6001
0.14583,0.22499,0.035507,1.2652,0.78417,-0.25049,-12.292,-19.087,-7.8967
0.12029,0.16322,0.036926,1.2619,0.78225,-0.245,-12.292,-19.087,-7.8967
0.1133,-0.015305,0.092041,1.2551,0.76706,-0.22723,-12.15,-19.021,-8.2672
0.14833,-0.023651,0.12045,1.2574,0.76202,-0.22407,-12.15,-19.021,-8.2672
0.17651,-0.022125,0.14577,1.259,0.75827,-0.22154,-12.191,-18.998,-8.2598
0.29167,-0.005753,0.083801,1.2611,0.74201,-0.20828,-12.272,-18.97,-8.2033
0.34647,-0.014969,0.17299,1.2609,0.72884,-0.1959,-12.387,-18.899,-8.1957
0.4673,-0.020859,0.13684,1.2609,0.69872,-0.16403,-12.387,-18.899,-8.1957
0.59418,0.026749,-0.47598,1.2651,0.6699,-0.12537,-12.658,-18.601,-8.4592
0.80156,0.24568,-1.1227,1.2705,0.6337,-0.082732,-12.839,-18.402,-8.6183
1.2153,-0.51299,-0.36977,1.2804,0.58758,-0.049393,-12.839,-18.402,-8.6183
-0.067215,-1.9999,-0.3833,1.2836,0.5753,-0.047459,-13.116,-18.209,-8.6108
-0.62906,-1.9841,0.01886,1.3054,0.5548,-0.043913,-13.894,-18.113,-7.5257
-0.95221,-1.9805,-0.41518,1.3359,0.49231,-0.013371,-13.894,-18.113,-7.5257
0.34512,-2.0205,-1.7711,1.41,0.22087,0.22024,-15.3,-17.616,-5.7743
0.092865,-2.0149,-1.7763,1.4469,0.36168,0.084287,-15.745,-17.569,-4.6051
-1.0206,-1.9813,-0.70056,1.4352,0.21929,0.22199,-15.745,-17.569,-4.6051
-0.98962,-1.9831,-0.83845,1.3951,0.025544,0.3757,-15.745,-17.569,-4.6051
-0.54346,-1.9927,-0.79474,1.398,0.014878,0.36183,-16.568,-16.871,-4.3177
-0.21553,-1.9981,-0.57236,1.4021,0.088268,0.2671,-16.568,-16.871,-4.3177
0.008667,-2.003,-0.5569,1.4113,0.2353,0.14254,-16.344,-17.164,-4.0034
0.40626,-1.5609,-0.19417,1.4092,0.2767,0.1116,-15.783,-17.578,-4.4331
0.39105,-0.75317,0.049576,1.3993,0.35261,0.060494,-15.783,-17.578,-4.4331
0.22748,-0.35346,0.37213,1.3947,0.40229,0.026102,-15.456,-17.725,-4.9676
0.27734,0.5542,0.39867,1.378,0.50505,-0.049161,-15.456,-17.725,-4.9676
0.72397,1.1896,0.35881,1.3362,0.56189,-0.085856,-14.99,-17.956,-5.5351
0.79359,1.2135,0.60863,1.2727,0.60003,-0.088654,-13.612,-18.328,-7.5195
0.68982,1.0608,-0.005142,1.2214,0.66389,-0.096598,-13.612,-18.328,-7.5195
0.29158,0.3618,-0.22163,1.2105,0.70144,-0.10663,-12.541,-18.383,-9.0841
0.16458,-0.047058,-0.19588,1.2158,0.74708,-0.12994,-11.41,-18.61,-10.062
0.011383,-0.58887,0.056808,1.2318,0.76476,-0.14944,-11.41,-18.61,-10.062
-0.039719,-0.56735,0.048874,1.2667,0.77327,-0.17414,-11.41,-18.61,-10.062
-0.18579,-0.019379,0.090897,1.2965,0.64877,-0.080339,-12.41,-18.637,-8.7425
-0.32588,0.41678,0.059692,1.2985,0.58265,-0.022533,-12.41,-18.637,-8.7425
-0.25931,0.37039,0.042206,1.2859,0.47872,0.069439,-13.134,-18.234,-8.5293
-0.14752,0.24107,0.015686,1.2755,0.45758,0.08657,-13.826,-17.524,-8.9179
0.14642,-0.12294,0.002594,1.2683,0.47154,0.070375,-13.826,-17.524,-8.9179
0.25943,-0.27168,-0.017975,1.2902,0.59194,-0.034614,-13.688,-17.627,-8.9264
0.39362,-0.42191,-0.041092,1.2923,0.64276,-0.077114,-13.421,-17.958,-8.668
0.42262,-0.29755,0.000168,1.2874,0.72401,-0.14343,-13.421,-17.958,-8.668
0.38257,-0.16371,-0.053955,1.2839,0.74743,-0.16065,-12.507,-18.6,-8.6813
0.25214,0.15982,-0.022705,1.2747,0.74821,-0.15442,-12.256,-18.676,-8.873
0.16905,0.28116,0.058792,1.2639,0.70343,-0.11008,-12.256,-18.676,-8.873
0.13817,0.24937,0.14026,1.2552,0.65709,-0.06734,-12.257,-18.539,-9.1552
0.074844,0.022263,0.059631,1.252,0.63007,-0.04681,-12.393,-18.324,-9.4034
0.095154,-0.11903,0.10246,1.2526,0.62023,-0.041683,-12.393,-18.324,-9.4034
0.099426,-0.17593,0.18068,1.2569,0.59971,-0.031636,-12.668,-18.127,-9.4187
0.12299,-0.15337,0.26332,1.2596,0.58685,-0.023736,-12.867,-18.077,-9.2425
0.42999,0.11925,-0.68607,1.2637,0.55341,0.004649,-12.867,-18.077,-9.2425
0.48552,0.15234,0.52626,1.2679,0.49966,0.06681,-13.303,-17.789,-9.1839
0.77919,-0.88338,-0.87967,1.1432,0.7133,-0.13579,-13.478,-17.595,-9.3009
0.42557,-2.01,-0.28124,1.1556,0.73822,-0.15598,-13.478,-17.595,-9.3009
0.1617,-2.0118,-1.2138,1.1709,0.75865,-0.17621,-13.649,-17.587,-9.0643
-0.73782,-1.9875,-0.68689,1.2276,0.72649,-0.17134,-14.709,-17.458,-7.5235
-0.66057,-1.9814,0.26561,1.3221,0.69793,-0.17627,-14.709,-17.458,-7.5235
-0.95389,-1.9889,-1.4424,1.3334,0.77213,-0.27439,-15.696,-16.984,-6.552
-0.75998,-1.9894,-0.97925,1.3078,0.58408,-0.11795,-15.776,-17.428,-5.0131
-0.46965,-1.9943,-0.79126,1.2899,0.50933,-0.055116,-15.776,-17.428,-5.0131
0.011398,-2.0058,-0.88934,1.294,0.53709,-0.094777,-16.282,-16.828,-5.4285
-0.018356,-2.002,-0.50798,1.2914,0.60198,-0.15544,-16.144,-17.043,-5.1648
0.070526,-2.0032,-0.4082,1.2924,0.66427,-0.21484,-16.144,-17.043,-5.1648
0.16099,-0.95044,0.1902,1.3408,0.89249,-0.43911,-15.851,-17.328,-5.1232
0.065109,-0.14871,0.31657,1.3294,0.87,-0.41839,-15.557,-17.533,-5.3253
0.18459,0.31178,0.74585,1.2949,0.84425,-0.38957,-15.557,-17.533,-5.3253
0.78894,1.1418,0.75591,1.2728,0.84331,-0.38141,-15.129,-17.723,-5.8977
0.94176,1.5201,0.16562,1.2211,0.84494,-0.35038,-14.457,-17.943,-6.8419
0.73038,1.806,-0.22038,1.1365,0.88674,-0.26243,-14.457,-17.943,-6.8419
0.145,1.1417,-0.16656,1.1294,0.89648,-0.23481,-12.124,-17.791,-10.689
-0.052078,0.046005,-0.11806,1.1584,0.89836,-0.22619,-11.979,-17.534,-11.261
-0.095505,-0.22105,-0.14885,1.1811,0.89785,-0.24219,-11.979,-17.534,-11.261
-0.22607,-0.49618,-0.092361,1.2232,0.89782,-0.26969,-12.752,-17.567,-10.321
-0.23775,-0.61937,-0.17978,1.2642,0.87719,-0.27807,-13.476,-17.536,-9.4155
-0.321,-0.66742,0.028214,1.266,0.87283,-0.27568,-13.476,-17.536,-9.4155
-0.080399,-0.43712,0.026382,1.2651,0.89815,-0.30774,-14.231,-17.362,-8.5908
-0.012665,-0.30734,0.003159,1.2623,0.92809,-0.33863,-14.131,-17.549,-8.3736
0.14711,0.081146,0.074005,1.2473,0.98187,-0.38509,-14.131,-17.549,-8.3736
0.32903,0.39566,0.085907,1.225,1.0229,-0.414,-13.228,-18.162,-8.5401
0.38092,0.44313,0.078079,1.2022,1.0457,-0.42178,-12.696,-18.389,-8.8544
0.37685,0.32086,0.12044,1.183,1.0583,-0.41561,-12.696,-18.389,-8.8544
0.32812,0.062485,0.18948,1.1772,1.065,-0.41437,-12.206,-18.502,-9.2978
0.31641,0.019348,0.2397,1.1746,1.0813,-0.42177,-11.73,-18.61,-9.6871
0.36108,0.020096,0.21487,1.1772,1.0893,-0.42829,-11.73,-18.61,-9.6871
0.46252,0.059311,-0.069977,1.1879,1.0951,-0.43348,-11.818,-18.613,-9.5734
0.49992,0.039536,-0.006866,1.2034,1.0676,-0.40652,-12.037,-18.5,-9.52
0.52828,-0.097916,-0.069733,1.2083,1.0548,-0.39569,-12.037,-18.5,-9.52
0.18924,0.006134,0.064896,1.2156,1.0334,-0.37373,-12.296,-18.321,-9.5351
-0.072815,0.096725,0.073486,1.2185,1.0196,-0.36209,-12.743,-18.002,-9.5551
0.1212,0.098877,-0.32626,1.2235,0.9834,-0.34562,-12.743,-18.002,-9.5551
0.58205,-0.94971,-1.3053,1.2292,0.93148,-0.36715,-13.087,-17.897,-9.2842
-0.16779,-1.6711,-1.1757,1.2302,0.94128,-0.39214,-13.535,-17.913,-8.5848
-0.12889,-2.0005,-0.627,1.2437,0.95696,-0.42802,-13.535,-17.913,-8.5848
-0.63612,-1.995,-1.3211,1.2684,0.93314,-0.42392,-14.036,-18.136,-7.1982
-0.36612,-1.9931,-0.36365,1.3467,0.8751,-0.36757,-15.26,-17.488,-6.2485
-1.0216,-1.9848,-1.1212,1.394,0.86844,-0.37626,-15.26,-17.488,-6.2485
-0.89827,-1.9894,-1.3561,1.3846,0.95644,-0.49933,-16.137,-17.203,-4.6263
-0.21654,-2.0009,-0.90881,1.3719,0.712,-0.25938,-16.54,-16.716,-4.9744
0.060745,-2.006,-0.78047,1.373,0.70835,-0.24883,-16.54,-16.716,-4.9744
-0.005203,-2.0004,-0.28307,1.3692,0.76251,-0.28292,-16.621,-16.542,-5.2806
0.14911,-2.0024,-0.10776,1.3668,0.79951,-0.31205,-16.357,-16.699,-5.5989
0.37442,-0.76883,-0.006149,1.37,0.86601,-0.36386,-16.357,-16.699,-5.5989
0.32796,-0.31543,0.17532,1.3508,0.87875,-0.34845,-15.98,-16.939,-5.9557
0.50244,0.61714,0.60715,1.3367,0.87748,-0.33898,-15.661,-17.03,-6.5173
0.81865,1.336,0.65672,1.2759,1.1049,-0.54267,-15.661,-17.03,-6.5173
0.77896,1.3852,0.36996,1.2501,1.0762,-0.50099,-13.154,-19.077,-6.3864
0.25449,1.2253,-0.1247,1.1878,1.0499,-0.41331,-11.107,-19.172,-9.3184
0.011536,1.0825,-0.14558,1.1461,1.0538,-0.33328,-11.107,-19.172,-9.3184
-0.029022,0.35374,0.18245,1.1719,1.0727,-0.32533,-10.073,-18.893,-10.925
-0.00351,0.064667,-0.20612,1.2102,1.0767,-0.33797,-11.044,-18.667,-10.359
-0.060944,0.031036,-0.30627,1.2205,1.069,-0.32691,-11.044,-18.667,-10.359
-0.034393,-0.40692,-0.086426,1.2382,1.0374,-0.29985,-11.399,-18.428,-10.403
-0.27583,-0.8045,-0.057022,1.2583,1.0507,-0.33505,-11.912,-18.355,-9.9478
-0.30142,-0.76311,-0.068405,1.263,1.1116,-0.41182,-11.912,-18.355,-9.9478
-0.29158,-0.48079,-0.051147,1.2569,1.1594,-0.47735,-12.042,-18.599,-9.318
-0.1507,-0.18443,0.01033,1.2516,1.1733,-0.49667,-11.752,-19.16,-8.5175
-0.045929,0.003906,-0.010117,1.2368,1.18,-0.5091,-11.752,-19.16,-8.5175
0.19598,0.32469,0.097961,1.2283,1.1812,-0.50939,-11.493,-19.313,-8.5255
0.32169,0.41605,0.17876,1.2126,1.1803,-0.49763,-11.493,-19.313,-8.5255
0.35159,0.41788,0.12694,1.1907,1.1882,-0.4659,-11.163,-19.404,-8.7534
0.44133,0.27623,0.19594,1.1854,1.191,-0.45654,-10.323,-19.407,-9.7244
0.56418,0.10458,0.14388,1.183,1.2053,-0.46071,-10.078,-19.406,-9.9808
0.59894,0.042786,0.064377,1.1863,1.2198,-0.47179,-10.078,-19.406,-9.9808
0.57339,0.044464,-0.03804,1.1977,1.2397,-0.49156,-10.213,-19.481,-9.693
0.532,0.057022,-0.042831,1.2104,1.234,-0.49803,-10.213,-19.481,-9.693
0.32416,0.0522,-0.008484,1.2223,1.2042,-0.48869,-10.569,-19.414,-9.442
0.18762,-0.00502,-0.10925,1.2319,1.1599,-0.47021,-11.009,-19.284,-9.2023
0.24225,-0.037308,0.60722,1.2371,1.1401,-0.4668,-11.474,-19.141,-8.9294
0.4032,-1.7957,-0.81387,1.2505,1.1058,-0.47672,-11.474,-19.141,-8.9294
-0.25461,-2.0009,-1.0076,1.2549,1.1007,-0.48635,-12.422,-19.059,-7.7583
-1.0086,-1.9804,-0.55287,1.3045,1.148,-0.58708,-12.422,-19.059,-7.7583
0.60525,-2.0151,-0.41908,1.3636,1.1841,-0.63278,-13,-19.068,-6.7189
-0.82451,-1.9938,-1.6891,1.3795,1.2283,-0.67375,-14.016,-18.675,-5.705
-1.3197,-1.9786,-1.1767,1.3614,1.4306,-0.88266,-14.063,-18.946,-4.5873
-1.2155,-1.977,-0.69661,1.3672,1.3168,-0.78696,-14.063,-18.946,-4.5873
-1.0028,-1.9829,-0.84962,1.3765,1.1138,-0.62207,-14.783,-18.342,-4.7744
-0.52547,-1.9923,-0.69939,1.3485,1.0923,-0.60771,-14.783,-18.342,-4.7744
0.011307,-2.0009,-0.29166,1.3411,1.1018,-0.60875,-14.451,-18.594,-4.8158
0.39381,-1.976,-0.26602,1.3356,1.15,-0.6323,-14.451,-18.594,-4.8158
0.33916,-0.97697,0.52432,1.3305,1.1651,-0.63107,-14.451,-18.594,-4.8158
0.30731,0.24472,0.85617,1.3114,1.1775,-0.60716,-13.844,-18.832,-5.6076
0.51088,0.90424,0.72432,1.2816,1.1578,-0.55206,-13.33,-18.964,-6.3582
1.0274,1.3474,0.70256,1.2353,1.1024,-0.44714,-13.33,-18.964,-6.3582
1.1152,1.4825,0.082047,1.1793,1.1076,-0.35574,-11.755,-18.97,-8.9291
0.93892,0.72841,-0.31401,1.1637,1.155,-0.34704,-10.131,-18.844,-10.955
0.31021,-0.10959,-0.29982,1.1526,1.2506,-0.38067,-10.131,-18.844,-10.955
-0.12019,-0.35725,-0.19995,1.1547,1.286,-0.41307,-8.7023,-19,-11.876
-0.3268,-0.27757,0.16794,1.2034,1.3191,-0.4703,-8.979,-19.401,-10.988
-0.32776,0.32513,-0.19667,1.2387,1.2272,-0.40198,-8.979,-19.401,-10.988
-0.26976,0.61406,-0.19527,1.2489,1.1668,-0.34617,-10.082,-18.988,-10.75
-0.30159,0.45995,0.046371,1.2468,1.0589,-0.23877,-11.142,-17.905,-11.533
-0.12677,-0.50369,-0.023071,1.2385,1.037,-0.21512,-11.142,-17.905,-11.533
-0.007309,-0.66766,-0.10191,1.2334,1.0791,-0.26045,-11.142,-17.905,-11.533
0.13322,-0.59613,-0.023804,1.2412,1.2456,-0.41234,-10.75,-18.403,-11.113
0.22978,-0.1879,0.026001,1.2377,1.2854,-0.44275,-10.75,-18.403,-11.113
0.1935,0.011047,0.082825,1.2258,1.3076,-0.45309,-10.333,-18.827,-10.795
0.19197,0.26453,-0.006042,1.2197,1.3033,-0.44393,-9.6145,-19.053,-11.059
0.15634,0.29373,0.014023,1.207,1.2854,-0.41704,-9.6145,-19.053,-11.059
0.12581,0.23119,0.025208,1.1956,1.2699,-0.39344,-9.3513,-18.999,-11.372
0.082092,0.04158,0.060776,1.1907,1.264,-0.38691,-9.1337,-18.948,-11.633
0.16377,-0.035965,0.085144,1.1903,1.267,-0.39068,-9.1337,-18.948,-11.633
0.24512,-0.015472,0.073944,1.1908,1.2669,-0.38945,-9.0713,-18.964,-11.655
0.38852,0.085953,0.12544,1.1929,1.2569,-0.37357,-9.0815,-18.908,-11.738
0.40199,0.15808,0.053543,1.1951,1.2491,-0.36015,-9.0815,-18.908,-11.738
0.36237,0.086273,0.094223,1.2039,1.2252,-0.31421,-9.1071,-18.757,-11.959
0.66704,-0.11015,-0.47166,1.2105,1.2108,-0.29298,-9.1166,-18.563,-12.251
0.95291,-0.5493,-0.52258,1.2133,1.2037,-0.28625,-9.1166,-18.563,-12.251
0.99072,-0.84621,-1.7075,1.2238,1.1745,-0.28518,-9.3425,-18.295,-12.481
0.30362,-2.0062,-0.15013,1.2272,1.1741,-0.28457,-9.8809,-18.245,-12.134
-0.72398,-1.9876,-0.66286,1.2904,1.1978,-0.36607,-9.8809,-18.245,-12.134
-1.1789,-1.9785,-0.78493,1.3606,1.2303,-0.43236,-11.621,-18.214,-10.534
-0.74023,-1.9852,-0.41086,1.379,1.2931,-0.52046,-12.975,-17.885,-9.4623
-0.82562,-1.9892,-1.132,1.3729,1.5865,-0.85696,-12.975,-17.885,-9.4623
-0.51454,-1.9944,-0.92775,1.3875,1.4831,-0.76149,-13.278,-18.505,-7.6826
-0.55116,-1.9936,-0.92058,1.4008,1.1345,-0.4293,-14.348,-17.505,-8.0908
-0.56863,-1.9928,-0.86949,1.3939,1.1181,-0.42361,-14.348,-17.505,-8.0908
-0.50157,-1.9911,-0.48318,1.3886,1.1928,-0.50186,-14.287,-17.605,-7.9812
0.042374,-2.001,-0.22273,1.3878,1.3384,-0.64161,-14.119,-17.849,-7.7342
0.17981,-1.8895,0.21156,1.3838,1.388,-0.68593,-14.119,-17.849,-7.7342
0.33404,-0.78523,0.14143,1.3694,1.3781,-0.66137,-13.895,-18.15,-7.4338
0.38808,0.52164,0.40979,1.3586,1.3506,-0.62089,-13.103,-18.41,-8.1938
0.57387,0.91806,0.68207,1.3068,1.2561,-0.4678,-13.103,-18.41,-8.1938
0.90491,1.2232,0.55449,1.2628,1.1934,-0.3622,-12.297,-18.474,-9.2322
0.70625,1.1722,-0.03241,1.2378,1.1718,-0.30912,-10.18,-18.253,-11.873
0.44519,0.7767,-0.1568,1.1942,1.1526,-0.21339,-10.18,-18.253,-11.873
0.10051,0.052277,-0.12882,1.1868,1.1591,-0.19334,-8.8517,-17.911,-13.364
-0.038879,-0.18991,0.11946,1.2025,1.2015,-0.23117,-8.5369,-17.906,-13.574
-0.19699,-0.28091,0.11418,1.2481,1.2542,-0.30396,-8.5369,-17.906,-13.574
-0.25081,0.028931,-0.008347,1.2597,1.2429,-0.29415,-9.5635,-18.186,-12.473
-0.21522,0.185,-0.11832,1.2708,1.185,-0.23658,-9.9698,-17.905,-12.56
-0.14368,0.22621,0.11472,1.269,1.1477,-0.19944,-9.9698,-17.905,-12.56
0.062683,-0.05423,0.077118,1.2574,1.1011,-0.14916,-10.15,-17.573,-12.881
0.14006,-0.18802,0.005386,1.2514,1.1308,-0.17487,-10.043,-17.401,-13.195
0.27329,-0.40399,-0.081146,1.2505,1.2198,-0.25218,-10.043,-17.401,-13.195
0.43449,-0.40941,0.048767,1.2444,1.2992,-0.31733,-9.4055,-17.99,-12.871
0.46361,-0.29185,0.092026,1.2392,1.3206,-0.33235,-8.9621,-18.308,-12.738
0.4444,0.025238,0.001862,1.229,1.335,-0.33677,-8.9621,-18.308,-12.738
0.36354,0.25146,0.053818,1.2243,1.3306,-0.32859,-8.5967,-18.439,-12.8
0.31758,0.28406,0.10437,1.2084,1.2799,-0.2796,-8.2467,-18.299,-13.225
0.23941,0.21053,0.068069,1.2007,1.2491,-0.26217,-8.2467,-18.299,-13.225
0.17596,0.079788,-0.013443,1.1991,1.241,-0.26289,-8.2914,-18.196,-13.338
0.19714,0.041885,-0.065475,1.1999,1.2333,-0.27731,-8.7329,-18.28,-12.936
0.13458,-0.031982,0.015274,1.2019,1.2305,-0.286,-8.7329,-18.28,-12.936
0.011368,-0.016205,0.062256,1.2075,1.2181,-0.29473,-9.0624,-18.334,-12.629
-0.2748,0.1548,-0.042374,1.2201,1.1695,-0.27235,-9.4219,-18.286,-12.434
0.044525,0.045929,0.96049,1.2254,1.1479,-0.26143,-9.4219,-18.286,-12.434
0.4032,-0.16783,-0.027832,1.2394,1.1422,-0.28104,-9.8679,-18.135,-12.308
-0.31226,-1.995,-0.4536,1.2476,1.1568,-0.31308,-10.788,-18.321,-11.213
-0.69241,-1.9977,-1.8022,1.2564,1.2954,-0.42662,-10.788,-18.321,-11.213
-1.6536,-1.9673,-0.71345,1.3123,1.3506,-0.52661,-10.332,-18.78,-10.878
-0.39133,-1.9879,0.19885,1.3927,1.4345,-0.60524,-10.332,-18.78,-10.878
-0.6091,-1.9893,-0.56552,1.4073,1.5031,-0.70586,-11.864,-18.564,-9.6114
-0.3626,-1.9986,-1.0266,1.4035,1.5173,-0.72675,-13.45,-18.043,-8.4429
-0.13794,-2.0005,-0.65092,1.41,1.215,-0.42025,-13.7,-17.647,-8.8689
-0.16922,-2,-0.66838,1.4071,1.1743,-0.37394,-13.7,-17.647,-8.8689
-0.24139,-1.9958,-0.36211,1.396,1.3515,-0.5274,-13.291,-17.706,-9.3587
-0.10568,-1.7323,-0.038498,1.3879,1.3554,-0.51956,-12.973,-17.852,-9.5271
0.040665,-1.1891,0.097504,1.3855,1.3382,-0.49704,-12.973,-17.852,-9.5271
0.11806,-0.34276,0.19478,1.3763,1.2758,-0.40878,-12.813,-17.818,-9.8023
0.33105,0.4225,0.39665,1.3663,1.2374,-0.34919,-12.448,-17.678,-10.501
0.68826,0.80278,0.35478,1.335,1.1707,-0.22957,-12.448,-17.678,-10.501
1.1966,1.4939,0.6319,1.2705,1.1555,-0.11019,-10.542,-17.321,-12.908
0.80776,1.4264,0.24396,1.2464,1.1756,-0.085025,-8.9342,-17.182,-14.238
0.4799,1.1413,-0.25871,1.2114,1.2213,-0.049594,-8.9342,-17.182,-14.238
-0.064529,0.16106,-0.015289,1.2071,1.2425,-0.054531,-7.0261,-17.015,-15.456
-0.09996,-0.32439,0.06369,1.2213,1.3035,-0.12922,-6.4893,-17.47,-15.18
-0.13892,-0.38442,-0.23695,1.2491,1.3529,-0.19039,-6.4893,-17.47,-15.18
-0.19719,-0.21466,-0.23999,1.2785,1.3489,-0.18525,-7.0015,-17.662,-14.723
-0.18903,-0.18562,-0.11809,1.2988,1.3,-0.13644,-7.906,-17.184,-14.832
-0.19035,-0.22649,0.23608,1.3028,1.2726,-0.10565,-7.906,-17.184,-14.832
-0.11095,-0.24254,-0.080917,1.2985,1.2463,-0.069368,-7.8806,-16.941,-15.121
-0.061981,-0.24567,-0.20856,1.2937,1.2559,-0.074993,-7.6059,-16.976,-15.222
0.094727,-0.19533,-0.060837,1.2821,1.3066,-0.10057,-7.6059,-16.976,-15.222
0.14609,-0.024185,0.05014,1.2769,1.325,-0.10347,-7.1886,-17.095,-15.292
0.18271,0.08577,0.023285,1.2756,1.3301,-0.10192,-6.5513,-17.126,-15.542
0.35397,0.21135,0.006119,1.2734,1.3259,-0.082966,-6.5513,-17.126,-15.542
0.47897,0.23526,0.054184,1.2714,1.3205,-0.070212,-6.3224,-17.027,-15.743
0.46847,0.18715,0.097473,1.2673,1.312,-0.050399,-6.3224,-17.027,-15.743
0.38611,0.087234,0.27382,1.2678,1.3008,-0.038177,-6.0862,-16.917,-15.954
0.34308,0.16121,0.15524,1.2693,1.2923,-0.033309,-6.0644,-16.819,-16.066
0.36523,0.1716,0.054779,1.2762,1.2686,-0.016613,-6.2882,-16.746,-16.056
0.3001,0.025421,0.10576,1.2812,1.2519,-0.004386,-6.2882,-16.746,-16.056
0.2435,-0.127,0.12428,1.2921,1.2191,0.019423,-6.993,-16.491,-16.028
0.38979,-0.10826,-0.043884,1.3147,1.21,0.022847,-6.993,-16.491,-16.028
0.49289,-0.46487,-1.089,1.3239,1.2098,0.015917,-6.993,-16.491,-16.028
0.51135,-1.0627,-0.91002,1.3339,1.2133,0.004684,-7.705,-16.483,-15.706
-0.081879,-2.0051,-1.0496,1.344,1.2186,-0.006081,-7.705,-16.483,-15.706
-0.87911,-1.9843,-0.67691,1.392,1.3314,-0.13225,-7.9422,-16.505,-15.565
0.010376,-1.9988,-0.039322,1.4209,1.4775,-0.28453,-9.5038,-17.021,-14.061
-0.75337,-1.9965,-1.8222,1.3895,2.152,-0.96294,-9.5038,-17.021,-14.061
-1.3638,-1.9742,-0.75505,1.4354,1.9538,-0.79051,-9.5378,-18.004,-12.753
-1.106,-1.9787,-0.61423,1.4578,1.7495,-0.60527,-9.6839,-18.238,-12.303
-0.85515,-1.9837,-0.54877,1.4528,1.6845,-0.5601,-9.6839,-18.238,-12.303
-0.18466,-1.994,0.014053,1.4441,1.6814,-0.55585,-10.818,-17.162,-12.892
0.19112,-2.0019,0.072174,1.4279,1.7552,-0.6143,-10.419,-17.396,-12.907
0.30536,-1.1793,0.34433,1.4071,1.909,-0.71626,-10.419,-17.396,-12.907
0.28557,-0.017242,0.79318,1.3996,1.8923,-0.67423,-9.1488,-17.956,-13.102
0.63046,0.55197,0.60674,1.3751,1.78,-0.51378,-9.1488,-17.956,-13.102
1.4022,1.5763,0.19287,1.3638,1.6897,-0.39739,-9.1488,-17.956,-13.102
1.316,1.6938,0.50291,1.3298,1.4963,-0.1319,-6.9232,-17.557,-14.885
0.57654,1.5415,-0.12083,1.2874,1.3531,0.10868,-5.2357,-16.827,-16.346
-0.092377,0.45595,0.002151,1.2752,1.3224,0.20778,-5.2357,-16.827,-16.346
-0.22504,0.091034,0.15251,1.2876,1.3346,0.17425,-2.1907,-15.41,-18.316
-0.17946,-0.2025,-0.015976,1.2996,1.352,0.13814,-2.8558,-15.671,-18.001
-0.34738,-0.30568,0.1299,1.3378,1.3836,0.094175,-2.8558,-15.671,-18.001
-0.42104,-0.36322,-0.080414,1.357,1.4019,0.072195,-3.6976,-15.962,-17.587
-0.39574,-0.5006,-0.13544,1.3835,1.4058,0.052666,-4.8813,-16.149,-17.121
-0.11784,-0.4131,0.004883,1.3848,1.3674,0.089,-4.8813,-16.149,-17.121
0.024536,-0.29843,0.002945,1.385,1.39,0.074199,-5.0809,-15.998,-17.205
0.18271,-0.067917,0.041962,1.3775,1.4511,0.035254,-4.8716,-16.046,-17.22
0.24287,0.13521,0.15614,1.3691,1.4485,0.046653,-4.8716,-16.046,-17.22
0.23741,0.18713,0.17983,1.345,1.4159,0.097676,-4.3315,-16.174,-17.245
0.15114,0.27992,0.21675,1.3103,1.4196,0.11375,-3.0518,-15.931,-17.739
0.13654,0.29964,0.20756,1.3025,1.4258,0.11184,-3.0518,-15.931,-17.739
0.21638,0.23973,0.12602,1.2943,1.433,0.11459,-2.531,-15.927,-17.824
0.42824,0.080688,0.069824,1.2941,1.437,0.11836,-1.9166,-15.892,-17.931
0.5488,0.059387,-0.067215,1.3005,1.4574,0.11663,-1.9166,-15.892,-17.931
0.60495,0.12442,0.059616,1.3126,1.4798,0.11014,-1.6952,-15.913,-17.935
0.49702,0.25909,0.039703,1.3249,1.464,0.13178,-1.6236,-15.937,-17.921
0.39743,0.2016,0.00206,1.335,1.4195,0.17101,-1.6236,-15.937,-17.921
0.31105,-0.2858,-0.76602,1.3396,1.399,0.18317,-2.0843,-15.658,-18.117
0.31802,-1.013,0.81676,1.3516,1.3929,0.1658,-2.6038,-15.645,-18.061
0.81468,-1.442,-0.85664,1.3602,1.4021,0.13623,-2.6038,-15.645,-18.061
-0.49056,-1.9894,-0.24943,1.3854,1.4482,0.045938,-3.4672,-15.85,-17.735
-0.59053,-1.9902,-0.62353,1.4109,1.4724,-0.039422,-4.3284,-16.042,-17.369
-0.66711,-1.9903,-0.84279,1.4334,1.4765,-0.070131,-4.3284,-16.042,-17.369
0.30893,-2.0142,-1.1049,1.4742,1.5397,-0.14477,-6.8043,-16.233,-16.369
-0.61972,-1.9933,-1.0714,1.4696,1.6357,-0.24974,-7.5149,-16.162,-16.127
-1.1076,-1.9809,-0.88441,1.4541,1.6752,-0.29645,-7.5149,-16.162,-16.127
-0.59047,-1.992,-0.83727,1.4786,1.4407,-0.095148,-8.0372,-16.168,-15.867
-0.24045,-1.9997,-0.82817,1.473,1.3791,-0.039429,-8.4789,-15.97,-15.837
-0.15373,-1.9986,-0.46225,1.4579,1.412,-0.062425,-8.4789,-15.97,-15.837
-0.001968,-1.7426,0.051636,1.4536,1.4447,-0.08815,-8.1186,-16.044,-15.951
0.15227,-1.3948,-0.10521,1.4474,1.456,-0.091843,-7.5281,-16.205,-16.078
0.18677,-0.65936,0.12962,1.4321,1.3811,-0.001941,-7.5281,-16.205,-16.078
0.39745,0.20403,0.2979,1.4082,1.2978,0.11031,-7.0298,-16.057,-16.447
0.60725,0.60692,0.47665,1.3716,1.283,0.16046,-6.2426,-15.815,-16.99
1.0684,1.511,0.47,1.3558,1.241,0.22313,-6.2426,-15.815,-16.99
1.1073,1.8676,0.2336,1.3189,1.1646,0.35607,-5.3356,-15.477,-17.6
0.86615,1.29,0.16586,1.3025,1.1527,0.40499,-2.6129,-14.243,-19.185
0.25748,0.055679,-0.11769,1.2917,1.2084,0.40101,-2.6129,-14.243,-19.185
-0.01062,-0.57019,-0.21867,1.3013,1.3414,0.24418,-1.6254,-14.31,-19.244
-0.057953,-0.63509,-0.18506,1.3098,1.3732,0.20274,-1.8305,-14.885,-18.784
-0.22401,-0.21069,0.054321,1.332,1.3986,0.15656,-1.8305,-14.885,-18.784
-0.18631,0.30708,-0.11466,1.3413,1.3795,0.16584,-2.9674,-15.545,-18.091
-0.11385,0.48282,-0.22087,1.3382,1.2494,0.28923,-3.4408,-15.24,-18.266
-0.02858,-0.18021,-0.093048,1.3002,1.1315,0.40642,-3.4408,-15.24,-18.266
0.029404,-0.51155,0.033493,1.2957,1.1688,0.36924,-3.1529,-14.298,-19.063
0.037079,-0.71742,-0.11095,1.2916,1.2766,0.26791,-2.8327,-14.76,-18.758
-0.007767,-0.46802,-0.10274,1.2918,1.3244,0.22932,-2.8327,-14.76,-18.758
-0.019592,-0.29103,-0.045441,1.2919,1.3661,0.19575,-2.3649,-15.182,-18.485
-0.11304,-0.024551,0.016159,1.2909,1.3539,0.20869,-2.2161,-15.306,-18.401
-0.16479,0.03627,0.17052,1.2784,1.2657,0.29575,-2.2161,-15.306,-18.401
-0.14334,0.018005,0.25604,1.2644,1.2143,0.34719,-2.2189,-14.707,-18.882
-0.056427,0.042328,0.24992,1.2561,1.1932,0.37225,-2.1206,-14.364,-19.156
0.087433,0.1348,0.1609,1.2397,1.1645,0.41236,-2.1206,-14.364,-19.156
0.10683,0.20923,-0.091934,1.234,1.1597,0.42502,-1.8196,-14.001,-19.453
0.025421,0.25531,0.2003,1.2342,1.1546,0.46226,-1.0691,-13.603,-19.788
0.34363,0.22482,0.19685,1.2435,1.1188,0.50035,-1.0691,-13.603,-19.788
0.8576,0.21049,-1.1077,1.2495,1.0965,0.51675,-1.0385,-13.452,-19.893
1.2363,-1.9524,-0.5645,1.2649,1.1131,0.48925,-1.7636,-13.676,-19.688
1.0837,-2.026,-0.44299,1.2788,1.1533,0.43509,-1.7636,-13.676,-19.688
-0.60629,-1.9957,-1.3245,1.3415,1.3128,0.25127,-2.4828,-14.718,-18.841
-0.028564,-1.9855,1.4689,1.4248,1.525,0.003073,-4.1618,-15.618,-17.791
-0.35626,-1.9937,-0.4169,1.4148,2.1825,-0.70564,-4.1618,-15.618,-17.791
-1.1029,-1.9817,-0.96545,1.4271,2.0761,-0.64357,-5.6245,-16.658,-16.39
-0.75734,-1.989,-0.92676,1.4582,1.6471,-0.24349,-7.5317,-15.973,-16.306
-0.43573,-1.9934,-0.59464,1.4542,1.302,0.070137,-7.5317,-15.973,-16.306
0.019073,-2.0039,-0.63487,1.4527,1.4419,-0.065336,-7.8876,-15.656,-16.445
0.22908,-2.0054,-0.24863,1.4334,1.7804,-0.37638,-7.8876,-15.656,-16.445
0.41589,-1.5464,-0.29489,1.4333,1.8288,-0.40914,-7.4466,-16.283,-16.037
0.25275,-0.033463,0.39174,1.4157,1.6873,-0.25915,-6.7272,-16.695,-15.93
0.70326,0.87671,0.38484,1.4021,1.4772,-0.024573,-6.252,-16.219,-16.601
0.90665,1.3781,0.32805,1.3865,1.3791,0.08389,-6.252,-16.219,-16.601
0.85594,1.6748,0.50736,1.3214,1.1924,0.3243,-4.5692,-15.023,-18.199
0.46152,1.135,-0.11757,1.282,1.133,0.4436,-4.5692,-15.023,-18.199
0.18283,0.5768,-0.070297,1.2745,1.1303,0.46868,-3.1884,-14.229,-19.108
0.037369,-0.21146,0.073517,1.2876,1.1452,0.44966,-2.1545,-13.772,-19.582
-0.15004,-0.33998,0.044846,1.3032,1.1661,0.41591,-2.1545,-13.772,-19.582
-0.28062,-0.25455,0.011581,1.3405,1.2017,0.36092,-2.5196,-14.028,-19.355
-0.35844,-0.1982,0.26335,1.3755,1.2126,0.33094,-4.0742,-14.794,-18.501
-0.28325,-0.16722,0.087784,1.3826,1.1729,0.35283,-4.7145,-14.871,-18.286
-0.14975,0.012985,-0.13592,1.3636,1.0964,0.42779,-4.7145,-14.871,-18.286
0.070694,-0.15227,-0.099884,1.3594,1.0987,0.42903,-4.8009,-14.566,-18.508
0.19345,-0.2704,-0.15686,1.3643,1.1955,0.33977,-4.3398,-14.845,-18.4
0.38486,-0.33804,-0.28661,1.363,1.2527,0.28821,-4.3398,-14.845,-18.4
0.3623,-0.31102,0.093903,1.3422,1.3693,0.17995,-3.9056,-15.169,-18.232
0.24342,-0.18397,0.18263,1.3239,1.4123,0.13445,-3.2874,-15.613,-17.977
-0.14134,0.185,-0.034668,1.3155,1.4115,0.12873,-3.2874,-15.613,-17.977
-0.3358,0.46622,0.23964,1.3014,1.3677,0.14438,-3.4584,-15.607,-17.95
-0.27931,0.46368,0.20416,1.2961,1.3319,0.16546,-3.4584,-15.607,-17.95
0.078583,0.21808,-0.038071,1.2885,1.2658,0.20421,-3.8827,-15.419,-18.026
0.46771,0.002136,0.096313,1.2943,1.2692,0.18747,-4.329,-15.231,-18.084
0.6116,-0.013229,0.15265,1.3008,1.2821,0.17525,-4.329,-15.231,-18.084
0.54735,0.001266,-0.032669,1.3165,1.2962,0.17217,-4.6528,-15.415,-17.846
0.366,0.008469,-0.59149,1.3248,1.2929,0.18172,-4.6703,-15.415,-17.842
0.63309,-0.052994,-0.12495,1.3413,1.2628,0.1928,-4.6703,-15.415,-17.842
0.53085,-0.55559,-1.2407,1.3588,1.2204,0.18932,-4.9799,-15.345,-17.818
-0.082108,-1.0409,0.25543,1.3735,1.2129,0.17625,-6.7003,-15.353,-17.238
-0.96059,-1.9863,-1.1466,1.408,1.2561,0.064776,-6.7003,-15.353,-17.238
-0.50281,-1.9826,0.54491,1.4333,1.3513,-0.051494,-7.806,-15.544,-16.59
-0.069977,-1.995,0.20442,1.4655,1.8176,-0.5311,-9.7425,-16.548,-14.457
-0.84642,-1.9913,-1.4422,1.4455,2.1143,-0.83095,-9.7425,-16.548,-14.457
-0.93416,-1.9854,-0.95807,1.464,2.1648,-0.87084,-9.7425,-16.548,-14.457
-1.022,-1.9814,-0.72038,1.4905,1.4684,-0.19822,-9.9231,-16.561,-14.318
-0.8459,-1.9856,-0.74451,1.4792,1.4354,-0.17357,-9.9231,-16.561,-14.318
-0.59302,-1.9893,-0.51375,1.4611,1.5857,-0.32911,-10.336,-15.721,-14.959
0.29851,-2.0056,-0.093842,1.4521,1.6869,-0.42365,-9.7482,-16.514,-14.492
-0.010773,-0.95227,0.92291,1.4327,1.8255,-0.53948,-9.7482,-16.514,-14.492
-0.080109,-0.30261,0.86762,1.4052,1.6905,-0.36091,-9.1159,-16.906,-14.451
0.30432,1.0588,-0.2198,1.3938,1.5703,-0.219,-8.381,-16.905,-14.891
1.0525,1.4806,0.86745,1.3626,1.3325,0.079186,-8.381,-16.905,-14.891
1.3285,1.4386,1.0017,1.3437,1.262,0.19491,-6.0488,-15.566,-17.288
1.2921,1.0382,-0.40945,1.3182,1.2829,0.28602,-3.9299,-14.896,-18.451
0.53142,-0.13945,-0.25575,1.3052,1.3641,0.28158,-3.9299,-14.896,-18.451
0.24432,-0.4832,-0.082779,1.2978,1.4362,0.18822,-1.854,-14.76,-18.88
-0.19655,-0.41414,0.13783,1.3053,1.5132,0.060185,-1.37,-14.994,-18.737
-0.40387,0.009323,0.036011,1.3178,1.5295,0.021099,-1.37,-14.994,-18.737
-0.40035,0.24327,-0.045822,1.3464,1.4965,0.01737,-3.235,-16.042,-17.605
-0.29701,0.46285,0.053391,1.3547,1.4309,0.070537,-4.3033,-15.917,-17.489
-0.17873,0.38951,-0.018448,1.3446,1.199,0.29223,-4.3033,-15.917,-17.489
-0.06012,0.037704,0.034103,1.34,1.2342,0.26735,-4.879,-14.793,-18.306
0.18541,-0.242,-0.040253,1.3387,1.2858,0.22103,-4.5697,-14.97,-18.242
0.2766,-0.28143,-0.089874,1.3336,1.3775,0.14708,-4.5697,-14.97,-18.242
0.431,-0.28281,0.039902,1.3308,1.4105,0.12445,-4.1362,-15.341,-18.036
0.37021,-0.10339,0.14073,1.322,1.4538,0.097234,-3.1773,-15.676,-17.943
0.3593,0.019989,0.080261,1.305,1.4762,0.087705,-3.1773,-15.676,-17.943
0.32674,0.088409,0.14099,1.3007,1.4717,0.092707,-2.8087,-15.726,-17.96
0.25851,0.070297,0.12079,1.2911,1.4483,0.11398,-2.6448,-15.697,-18.01
0.23856,0.075485,0.10753,1.2863,1.4332,0.1252,-2.6448,-15.697,-18.01
0.18675,0.16106,0.068939,1.2802,1.4085,0.13708,-2.5733,-15.59,-18.113
0.11667,0.15454,0.035843,1.281,1.3893,0.13877,-2.9385,-15.476,-18.155
0.10346,0.078613,-0.11487,1.2888,1.3638,0.14585,-2.9385,-15.476,-18.155
-0.025497,-0.17893,-0.40172,1.3028,1.3396,0.15442,-3.3623,-15.46,-18.095
0.30426,-0.19377,0.81419,1.3121,1.3331,0.15555,-4.3547,-15.392,-17.941
0.15947,-0.61842,1.0068,1.3282,1.3035,0.17178,-4.3547,-15.392,-17.941
-0.028183,-2.0013,-0.45474,1.3357,1.2659,0.1841,-4.9054,-15.305,-17.873
-0.029556,-2.0092,-1.4117,1.3547,1.3524,0.059012,-5.9165,-15.262,-17.602
0.3746,-2.0141,-0.91164,1.4057,1.5882,-0.20578,-5.9165,-15.262,-17.602
0.21677,-2.0003,0.3369,1.4209,1.7747,-0.38542,-7.361,-16.429,-15.927
-0.70993,-1.9871,-0.56264,1.3908,2.0922,-0.71563,-7.4728,-17.17,-15.07
-1.8457,-1.9616,-0.53728,1.3875,2.1435,-0.79008,-7.4728,-17.17,-15.07
-1.1851,-1.9792,-0.89291,1.4442,1.9287,-0.63158,-8.004,-17.725,-14.125
-0.38298,-1.9964,-0.80533,1.447,1.5408,-0.27567,-9.5355,-16.634,-14.496
-0.03511,-2.0046,-0.86949,1.4403,1.5701,-0.29494,-9.5355,-16.634,-14.496
0.092972,-1.9972,0.37991,1.4333,1.6862,-0.38479,-9.4773,-16.289,-14.92
0.33499,-1.7573,0.00705,1.4314,1.7179,-0.40632,-8.9842,-16.519,-14.972
0.25691,-0.70674,0.59706,1.4253,1.6767,-0.34379,-8.9842,-16.519,-14.972
0.84554,1.1711,0.68485,1.4147,1.617,-0.26286,-7.75,-16.461,-15.707
1.0961,1.7095,0.28668,1.3202,1.9723,-0.53052,-6.6936,-15.825,-16.808
0.87709,1.8427,0.25857,1.3137,1.7787,-0.23515,-6.6936,-15.825,-16.808
0.31546,1.3955,-0.099548,1.3083,1.7274,-0.12193,-5.0364,-14.855,-18.213
-0.1183,0.96541,0.069336,1.3077,1.7431,-0.057514,-1.2421,-13.601,-19.78
-0.34445,0.13196,-0.16452,1.3105,1.7584,-0.071131,-1.2421,-13.601,-19.78
-0.36395,-0.15463,-0.25917,1.3306,1.8049,-0.14547,-1.7981,-13.684,-19.679
-0.24219,-0.46896,0.21503,1.3652,1.8932,-0.29488,-2.7799,-13.904,-19.409
-0.22813,-0.62274,-0.092529,1.3717,1.9397,-0.3544,-2.7799,-13.904,-19.409
-0.26195,-0.69798,-0.094284,1.3758,2.0188,-0.43073,-3.9735,-14.112,-19.048
-0.15598,-0.4984,-0.051376,1.3725,2.0201,-0.43219,-4.235,-14.442,-18.742
-0.060837,-0.19949,0.080414,1.3572,2.0066,-0.41402,-4.235,-14.442,-18.742
0.084808,-0.047638,0.11023,1.3252,2.037,-0.42662,-3.8858,-14.584,-18.708
0.4042,0.21248,0.1595,1.3146,2.0208,-0.40274,-2.822,-14.975,-18.589
0.65002,0.17279,0.14172,1.296,1.9859,-0.34317,-2.822,-14.975,-18.589
0.65259,0.074203,0.1219,1.2868,1.9829,-0.32495,-2.0359,-14.909,-18.744
0.47975,-0.059158,0.13113,1.2682,2.0064,-0.32269,-1.2177,-14.991,-18.749
0.36028,-0.047974,0.10199,1.2556,2.041,-0.34696,-1.2177,-14.991,-18.749
0.31271,-0.010025,0.091141,1.2529,2.0687,-0.37621,-0.63691,-15.42,-18.428
0.29796,0.05954,-0.13072,1.2603,2.0746,-0.39269,-0.8638,-15.49,-18.359
0.27502,0.070663,-0.14502,1.2662,2.0711,-0.39693,-0.8638,-15.49,-18.359
0.15907,0.12552,0.054504,1.2772,2.0551,-0.40099,-1.3067,-15.421,-18.391
-0.018753,0.1982,0.003448,1.2818,2.0438,-0.40115,-1.8445,-15.326,-18.425
-0.16084,0.2487,-0.038971,1.2892,2.0157,-0.3931,-1.8445,-15.326,-18.425
-0.1111,-0.009384,-0.38351,1.2951,1.9825,-0.38505,-2.7591,-15.111,-18.488
0.36746,-1.1419,-0.6201,1.2953,1.9819,-0.38888,-3.0951,-15.075,-18.464
0.097824,-2.0025,-0.25822,1.2928,2.0114,-0.41304,-3.0951,-15.075,-18.464
0.54244,-2.0237,-1.6286,1.292,2.0707,-0.463,-3.2332,-15.147,-18.381
-0.23425,-1.9989,-0.72017,1.3086,2.2828,-0.69076,-3.2332,-15.147,-18.381
0.15585,-2.0008,0.10312,1.3209,2.4088,-0.81134,-3.9631,-16.027,-17.47
-1.3054,-1.9765,-0.87953,1.2873,2.5692,-1.015,-4.5854,-16.198,-17.157
-1.8807,-1.9642,-0.93875,1.3043,2.5389,-1.038,-6.4592,-16.569,-16.171
-1.502,-1.9732,-1.0112,1.3357,2.4647,-1.0005,-6.4592,-16.569,-16.171
-0.76912,-1.9859,-0.5757,1.3576,2.2883,-0.87719,-7.7566,-15.668,-16.496
-0.11836,-1.9962,-0.074615,1.3508,2.2752,-0.86396,-7.7566,-15.668,-16.496
0.022949,-1.6944,0.17688,1.3209,2.3687,-0.92143,-7.7477,-15.733,-16.438
0.26936,-0.74283,0.034256,1.3174,2.3686,-0.88884,-7.2464,-16.174,-16.237
0.33362,-0.10729,0.27852,1.3187,2.3402,-0.841,-7.2464,-16.174,-16.237
0.47115,0.24777,0.60422,1.3193,2.2452,-0.69056,-5.8063,-16.12,-16.858
1.0914,0.98613,0.76489,1.3181,2.1887,-0.60473,-4.5038,-15.738,-17.601
1.3735,1.3864,0.45929,1.3191,2.0449,-0.36218,-4.5038,-15.738,-17.601
1.2127,1.5903,0.076187,1.3218,1.9954,-0.21831,-3.1792,-15.228,-18.323
0.48576,0.70525,0.026016,1.3247,2.0078,-0.19196,0.27328,-13.995,-19.54
0.27713,0.32938,-0.059662,1.331,2.0874,-0.2543,2.2888,-14.977,-30.548
-0.030029,-0.011078,-0.019699,1.3341,2.1345,-0.31281,2.2888,-14.977,-30.548
