-0.12791,-0.73001,-0.30925,0.85375,-0.21774,-0.20183,-10.886,-36.166,1.6018
-0.083862,-1.0935,-0.34232,0.86776,-0.21266,-0.23529,-10.886,-36.166,1.6018
-0.28438,-1.3892,-0.48318,0.87445,-0.20982,-0.24329,-10.886,-36.166,1.6018
-0.60031,-1.3154,-0.53706,0.88575,-0.20866,-0.25541,-10.886,-36.166,1.6018
-0.59869,-1.0078,-0.43387,0.89096,-0.2208,-0.2647,-10.886,-36.166,1.6018
-0.54825,-0.83061,-0.41588,0.89147,-0.22648,-0.26968,-10.886,-36.166,1.6018
-0.35052,-0.64143,-0.56113,0.88401,-0.22795,-0.28944,-10.886,-36.166,1.6018
-0.10077,-0.75017,-0.55907,0.87968,-0.22278,-0.29901,-10.886,-36.166,1.6018
-0.008759,-0.85564,-0.58301,0.87657,-0.19985,-0.31743,-10.886,-36.166,1.6018
0.065033,-1.0406,-0.61827,0.87889,-0.17213,-0.32989,-10.886,-36.166,1.6018
0.090225,-1.0873,-0.54161,0.88183,-0.15984,-0.33386,-10.886,-36.166,1.6018
0.17256,-1.0556,-0.48053,0.88567,-0.14917,-0.33803,-26.284,-38.682,0.15283
0.13612,-1.0058,-0.44264,0.89476,-0.13514,-0.34946,-26.043,-38.845,-0.017384
0.083679,-0.99336,-0.38335,0.91975,-0.12036,-0.37293,-25.707,-39.067,0.20481
-0.009277,-1.002,-0.37733,0.92794,-0.12028,-0.3783,-25.707,-39.067,0.20481
-0.038696,-1.0272,-0.32451,0.94073,-0.12383,-0.3869,-24.991,-39.499,1.5629
-0.022186,-1.0273,-0.29053,0.94791,-0.12651,-0.39064,-24.719,-39.635,2.2739
0.013062,-1.0092,-0.25417,0.96318,-0.13224,-0.39828,-24.719,-39.635,2.2739
0.025848,-0.98996,-0.24499,0.98003,-0.13597,-0.40785,-24.132,-39.856,4.0405
0.05072,-0.927,-0.21771,0.99562,-0.13727,-0.42031,-23.749,-39.987,4.9165
0.085709,-0.91986,-0.20314,1.0088,-0.13631,-0.43415,-23.749,-39.987,4.9165
0.095352,-0.93845,-0.18712,1.0161,-0.13512,-0.44181,-23.343,-40.129,5.6491
0.12941,-0.95934,-0.14589,1.0324,-0.13338,-0.45586,-22.463,-40.377,7.2279
0.15424,-0.9492,-0.15129,1.0513,-0.13467,-0.46867,-22.463,-40.377,7.2279
0.15152,-0.94112,-0.12265,1.0675,-0.14163,-0.47878,-22.026,-40.429,8.2154
0.094696,-0.95876,-0.052582,1.0823,-0.153,-0.48701,-21.614,-40.448,9.1593
0.074493,-1.007,-0.047089,1.0937,-0.15937,-0.49183,-21.614,-40.448,9.1593
0.038666,-1.0499,-0.03302,1.1108,-0.17811,-0.49626,-21.188,-40.437,10.151
0.044998,-1.0811,-0.028946,1.1187,-0.18755,-0.49846,-20.325,-40.299,12.249
0.012787,-1.0448,-0.080048,1.1331,-0.20696,-0.50326,-20.325,-40.299,12.249
0.012314,-1.0205,-0.082031,1.1525,-0.23576,-0.51129,-19.828,-40.227,13.259
-0.005295,-0.94521,-0.096176,1.1584,-0.24554,-0.51461,-19.298,-40.147,14.246
0.012711,-0.90591,-0.12447,1.1688,-0.266,-0.52126,-19.298,-40.147,14.246
0.008698,-0.89671,-0.082962,1.1736,-0.27622,-0.52433,-18.115,-40.057,15.952
-0.015671,-0.89506,-0.066635,1.1825,-0.29637,-0.5297,-17.505,-40.004,16.744
0.015533,-0.91852,-0.11055,1.192,-0.32005,-0.53239,-17.505,-40.004,16.744
0.026474,-0.94369,-0.061874,1.2028,-0.34773,-0.53061,-16.306,-39.815,18.332
0.013855,-0.97392,0.016998,1.2144,-0.3782,-0.52551,-15.747,-39.655,19.148
-0.001358,-0.98654,-0.018936,1.2211,-0.39551,-0.52263,-15.747,-39.655,19.148
-0.008179,-0.97414,-0.068527,1.2346,-0.42993,-0.51717,-15.071,-39.451,20.091
-0.038254,-0.95465,-0.028564,1.2404,-0.44533,-0.51438,-14.377,-39.269,20.937
-0.026291,-0.95024,-0.054047,1.2551,-0.49309,-0.50538,-14.377,-39.269,20.937
-0.029739,-0.94188,0.006226,1.2636,-0.52634,-0.49959,-13.047,-38.937,22.379
-0.08812,-0.95767,0.058441,1.2679,-0.54389,-0.49593,-12.317,-38.78,23.055
-0.1151,-0.99023,0.052933,1.2846,-0.59843,-0.47147,-12.317,-38.78,23.055
-0.12451,-1.0465,0.056656,1.2893,-0.62321,-0.46199,-11.563,-38.621,23.703
-0.11949,-1.0699,0.068604,1.2975,-0.67401,-0.44027,-10.036,-38.147,25.125
-0.1294,-1.0415,0.055573,1.3066,-0.74227,-0.40953,-10.036,-38.147,25.125
-0.10165,-1.015,0.032394,1.309,-0.76259,-0.40014,-9.3767,-37.926,25.706
-0.083969,-0.9888,0.074341,1.3212,-0.81661,-0.36649,-8.3,-37.626,26.506
-0.072311,-0.99298,0.072601,1.326,-0.84097,-0.35131,-8.3,-37.626,26.506
-0.06842,-0.9834,0.060806,1.3368,-0.89164,-0.31673,-7.7441,-37.329,27.087
-0.052979,-0.97606,0.049255,1.3436,-0.93677,-0.28493,-7.4024,-37.174,27.395
-0.007202,-0.95959,0.044281,1.3514,-0.97809,-0.25513,-7.4024,-37.174,27.395
0.002533,-0.96986,0.00589,1.3564,-1.0163,-0.22751,-7.0943,-36.967,27.754
0.007477,-0.96677,0.038635,1.3634,-1.0367,-0.21118,-6.395,-36.47,28.569
-0.071136,-0.95698,0.070679,1.3727,-1.0921,-0.16425,-6.395,-36.47,28.569
-0.070465,-0.98622,0.06868,1.3782,-1.132,-0.12936,-6.248,-36.268,28.858
-0.070312,-0.99982,0.074615,1.4014,-1.2837,0.005164,-5.3933,-35.452,30.02
-0.049988,-1.0138,0.080948,1.4092,-1.3629,0.075027,-5.3933,-35.452,30.02
-0.065674,-1.007,0.046997,1.4172,-1.4084,0.11642,-4.4422,-34.762,30.968
-0.14046,-0.98758,0.069244,1.427,-1.5126,0.21344,-4.1671,-34.618,31.167
-0.14882,-0.95879,0.11461,1.4286,-1.5754,0.2726,-4.1671,-34.618,31.167
-0.1834,-0.96899,0.084198,1.4318,-1.6588,0.34869,-3.1142,-33.616,32.364
-0.16791,-1.0003,0.10825,1.4331,-1.7761,0.46015,-2.5978,-32.86,33.176
-0.094711,-1.0011,0.094894,1.4334,-1.8221,0.50646,-2.5978,-32.86,33.176
-0.003952,-0.99423,0.10466,1.4408,-1.8982,0.58586,-2.4564,-32.761,33.284
0.023865,-1.0029,0.068634,1.4465,-1.937,0.62797,-2.4796,-32.735,33.308
0.04216,-0.96594,0.11552,1.4542,-1.9686,0.66726,-2.4796,-32.735,33.308
0.063995,-0.93771,0.055634,1.466,-2.0522,0.7565,-2.0958,-32.151,33.898
0.0728,-0.93245,0.12805,1.4771,-2.173,0.8802,-1.5384,-31.902,34.162
0.085388,-1.0043,0.063934,1.4844,-2.2479,0.95479,-1.5384,-31.902,34.162
0.065338,-1.0329,0.08725,1.4897,-2.3094,1.0157,-1.5009,-31.888,34.177
0.041626,-1.0089,0.094711,1.4931,-2.3947,1.0968,-0.46309,-31.575,34.495
-0.014633,-1.0127,0.085617,1.4947,-2.4542,1.1535,-0.46309,-31.575,34.495
-0.028091,-1.0268,0.099197,1.4948,-2.5723,1.2622,0.14543,-31.247,34.795
-0.057892,-1.0735,0.14804,1.4933,-2.6375,1.3209,0.88343,-30.711,35.259
-0.081558,-1.0627,0.20891,1.4905,-2.6721,1.3526,0.88343,-30.711,35.259
-0.075928,-1.0647,0.21693,1.4856,-2.7403,1.4155,0.88343,-30.711,35.259
-0.059387,-1.0752,0.17372,1.4842,-2.7723,1.4462,1.5642,-30.302,35.587
-0.028046,-1.081,0.14961,1.4827,-2.8405,1.5135,1.5642,-30.302,35.587
-0.054947,-1.0862,0.157,1.478,-2.9347,1.6084,1.7761,-30.254,35.619
-0.09906,-1.1835,0.1649,1.4776,-2.9673,1.6419,2.1312,-29.767,36.007
-0.019135,-1.3284,0.16148,1.4772,-3.0335,1.7097,2.1312,-29.767,36.007
0.0354,-1.3863,0.13582,1.4771,-3.0668,1.7447,2.2615,-29.717,36.041
0.16551,-1.4604,0.008804,1.477,-3.1349,1.82,2.2615,-29.717,36.041
0.17729,-1.4585,0.037704,1.4774,3.0779,1.906,2.2886,-29.684,36.066
0.13135,-1.4516,0.15454,1.477,3.0046,1.9998,1.6277,-29.7,36.089
0.10222,-1.3052,0.11548,1.4756,2.932,2.0868,1.6277,-29.7,36.089
0.09285,-1.2145,0.10448,1.475,2.8969,2.1269,1.2783,-29.702,36.101
0.11118,-1.0361,0.056519,1.4764,2.8117,2.2189,1.1592,-29.868,35.968
0.12172,-0.96257,0.029083,1.4786,2.7086,2.3247,1.1592,-29.868,35.968
0.13451,-0.94235,0.037262,1.4798,2.5498,2.4996,1.1592,-29.868,35.968
0.16489,-0.92006,-0.012527,1.4789,2.4703,2.5932,1.2523,-30.221,35.669
0.1445,-0.8589,0.025681,1.4789,2.4338,2.6367,1.2523,-30.221,35.669
0.13831,-0.8306,0.017654,1.4808,2.3536,2.7276,1.0068,-30.377,35.544
0.13577,-0.77463,-0.05159,1.4826,2.3104,2.7743,0.58611,-30.883,35.114
0.14362,-0.75581,0.007935,1.4866,2.2387,2.8528,0.58611,-30.883,35.114
0.15321,-0.74698,0.041779,1.4933,2.139,2.9511,0.39358,-31.155,34.877
0.17714,-0.75494,-0.032928,1.4956,2.11,2.9782,0.40675,-31.407,34.65
0.1581,-0.84776,-0.12045,1.5003,2.0499,3.0338,0.40675,-31.407,34.65
0.14864,-0.91365,-0.10687,1.5028,2.0217,3.0584,0.59052,-31.827,34.261
0.18321,-1.0481,-0.022141,1.507,1.9295,3.1414,0.76662,-31.983,34.113
0.172,-1.0944,0.009247,1.5089,1.9053,-3.1213,0.76662,-31.983,34.113
0.18663,-1.1299,-0.010269,1.5221,1.8864,-3.11,0.85826,-32.078,34.021
0.12062,-1.1034,-0.043274,1.5359,1.8785,-3.1042,0.89631,-32.133,33.968
0.046173,-1.0458,-0.11497,1.5439,1.8433,-3.0689,0.89631,-32.133,33.968
0.025345,-1.0194,-0.15202,1.5607,1.2793,-2.5018,0.17561,-32.489,33.639
0.057083,-1.0671,-0.067291,1.5601,0.13877,-1.3573,-0.48647,-32.852,33.282
0.067047,-1.1106,0.000168,1.5265,-0.59513,-0.59974,-0.48647,-32.852,33.282
0.11255,-1.2288,-0.16129,1.5027,-0.74877,-0.42478,-2.6327,-33.903,32.106
0.1304,-1.1463,-0.1391,1.4904,-0.79382,-0.3684,-4.0899,-34.215,31.618
0.11397,-1.0462,0.026871,1.4639,-0.82367,-0.3201,-4.0899,-34.215,31.618
0.10063,-0.94667,0.012833,1.4506,-0.82078,-0.31725,-5.5254,-34.525,31.059
0.043945,-0.90549,-0.10799,1.4227,-0.80387,-0.32685,-7.4996,-35.385,29.644
0.031235,-0.87518,-0.12605,1.3895,-0.78847,-0.33048,-7.4996,-35.385,29.644
0.021622,-0.81116,-0.18556,1.3802,-0.78744,-0.33146,-8.3378,-35.736,28.993
-0.043472,-0.88681,-0.20375,1.3614,-0.78683,-0.33687,-8.8582,-36.016,28.487
-0.068527,-0.95262,-0.22017,1.3517,-0.78932,-0.33834,-8.8582,-36.016,28.487
-0.17996,-1.0113,-0.19875,1.3322,-0.80115,-0.3345,-9.1663,-36.305,28.019
-0.26337,-1.0033,-0.16481,1.3223,-0.80764,-0.33085,-9.8374,-36.751,27.198
-0.36296,-1.0109,-0.16586,1.2898,-0.81454,-0.32879,-9.8374,-36.751,27.198
-0.33957,-0.97189,-0.21878,1.2681,-0.80092,-0.34116,-10.339,-36.977,26.701
-0.30562,-0.93477,-0.22994,1.2569,-0.78768,-0.35084,-11.479,-37.635,25.278
-0.22412,-0.84926,-0.26778,1.2345,-0.74804,-0.37756,-11.479,-37.635,25.278
-0.14058,-0.78674,-0.37488,1.2233,-0.72345,-0.39363,-12.199,-38.086,24.244
-0.11371,-0.73772,-0.37924,1.1915,-0.64438,-0.44378,-12.91,-38.586,23.056
-0.11159,-0.64438,-0.39298,1.172,-0.59803,-0.47427,-12.91,-38.586,23.056
-0.10484,-0.63136,-0.45021,1.1632,-0.57765,-0.48795,-13.968,-39.53,20.723
-0.1078,-0.63901,-0.43842,1.1483,-0.54316,-0.51176,-14.269,-39.921,19.745
-0.13397,-0.65703,-0.45181,1.1427,-0.53085,-0.52054,-14.269,-39.921,19.745
-0.13878,-0.65401,-0.45389,1.1345,-0.51528,-0.53095,-14.433,-40.204,19.038
-0.11426,-0.66249,-0.47021,1.1257,-0.5052,-0.53702,-14.564,-40.363,18.598
-0.1335,-0.69426,-0.47954,1.1235,-0.50464,-0.53727,-14.564,-40.363,18.598
-0.17944,-0.75742,-0.4657,1.1213,-0.5083,-0.53489,-14.773,-40.512,18.101
-0.2011,-0.77736,-0.46417,1.1214,-0.51265,-0.53263,-14.818,-40.503,18.085
-0.23872,-0.84637,-0.43134,1.116,-0.51613,-0.53514,-14.818,-40.503,18.085
-0.25766,-0.87889,-0.41098,1.1143,-0.52252,-0.53285,-14.602,-40.361,18.573
-0.26472,-0.9147,-0.40422,1.1211,-0.54994,-0.51848,-14.475,-40.156,19.107
-0.23952,-0.89279,-0.3938,1.1272,-0.56465,-0.51083,-14.475,-40.156,19.107
-0.198,-0.888,-0.41077,1.1288,-0.56915,-0.50912,-14.28,-40.014,19.548
-0.1819,-0.88733,-0.40251,1.1337,-0.56978,-0.51172,-13.899,-39.792,20.262
-0.15704,-0.90234,-0.38423,1.136,-0.56451,-0.5176,-13.899,-39.792,20.262
-0.15701,-0.90042,-0.38818,1.147,-0.55108,-0.53234,-13.512,-39.796,20.515
-0.16429,-0.85463,-0.40706,1.1535,-0.54286,-0.53912,-13.334,-39.721,20.775
-0.13838,-0.83554,-0.38278,1.1546,-0.53175,-0.54883,-13.334,-39.721,20.775
-0.1142,-0.85547,-0.3734,1.1608,-0.51104,-0.56751,-13.078,-39.776,20.833
-0.079834,-0.9303,-0.37871,1.1655,-0.49782,-0.57995,-12.394,-39.803,21.195
-0.12894,-0.96681,-0.33519,1.1753,-0.48052,-0.59678,-12.394,-39.803,21.195
-0.15349,-0.96318,-0.31293,1.1908,-0.46495,-0.6153,-12.136,-39.743,21.456
-0.1969,-0.94026,-0.36725,1.1945,-0.46115,-0.62035,-11.716,-39.625,21.902
-0.22865,-0.93082,-0.37184,1.1994,-0.45661,-0.62726,-11.716,-39.625,21.902
-0.2319,-0.94258,-0.38677,1.1999,-0.45486,-0.63059,-11.125,-39.566,22.313
-0.23056,-0.96918,-0.42139,1.2027,-0.4464,-0.64078,-10.939,-39.581,22.379
-0.23718,-0.97388,-0.41956,1.2022,-0.4425,-0.64476,-10.939,-39.581,22.379
-0.24385,-0.94634,-0.40579,1.2022,-0.43324,-0.65254,-10.684,-39.636,22.404
-0.22601,-0.93958,-0.48065,1.2021,-0.42468,-0.6576,-10.593,-39.621,22.474
-0.22589,-0.94929,-0.47769,1.2003,-0.4185,-0.66128,-10.593,-39.621,22.474
-0.20999,-1.0487,-0.44873,1.2067,-0.40196,-0.67197,-10.689,-39.741,22.215
-0.17168,-1.1169,-0.46681,1.2103,-0.39249,-0.67834,-10.593,-39.708,22.321
-0.14273,-1.1553,-0.43756,1.2219,-0.3635,-0.7003,-10.593,-39.708,22.321
-0.055389,-1.2072,-0.34776,1.2301,-0.34143,-0.71272,-10.273,-39.626,22.614
0.027252,-1.2029,-0.31538,1.2351,-0.33118,-0.71806,-10.254,-39.546,22.761
0.055466,-1.153,-0.21187,1.247,-0.30865,-0.72852,-10.254,-39.546,22.761
0.15494,-1.0236,-0.19588,1.2537,-0.2976,-0.73332,-10.233,-39.405,23.014
0.19295,-0.97337,-0.14358,1.2748,-0.2651,-0.75638,-10.151,-39.012,23.71
0.22029,-0.95123,-0.10048,1.2931,-0.24604,-0.77717,-10.151,-39.012,23.71
0.22182,-0.93759,-0.09549,1.3031,-0.2386,-0.78755,-9.7627,-38.745,24.304
0.18718,-0.95807,-0.072464,1.3213,-0.22954,-0.80518,-8.7804,-38.071,25.704
0.14981,-0.95241,-0.079163,1.3303,-0.22657,-0.81427,-8.7804,-38.071,25.704
0.09407,-0.95596,-0.070419,1.3476,-0.22926,-0.82833,-8.108,-37.706,26.451
0.039978,-0.93785,-0.027954,1.3715,-0.25214,-0.83948,-7.3536,-37.327,27.199
0.02446,-0.94423,-0.014404,1.3789,-0.26229,-0.84227,-7.3536,-37.327,27.199
-0.009354,-0.94083,-0.04776,1.3931,-0.28595,-0.84797,-6.513,-36.959,27.907
-0.028259,-0.94437,-0.057053,1.3998,-0.29691,-0.85265,-4.4792,-36.262,29.191
-0.073044,-0.91898,-0.05101,1.4127,-0.31767,-0.86186,-4.4792,-36.262,29.191
-0.10823,-0.86835,-0.027939,1.4192,-0.32925,-0.86504,-3.4142,-35.938,29.731
-0.12384,-0.84665,-0.03714,1.4397,-0.37865,-0.85868,-3.4142,-35.938,29.731
-0.13049,-0.8317,-0.011551,1.4536,-0.42589,-0.83915,-2.3726,-35.577,30.262
-0.099396,-0.84219,-0.019821,1.4606,-0.45547,-0.82301,-0.39726,-34.751,31.295
-0.10951,-0.85915,0.020493,1.4748,-0.52627,-0.77621,0.49734,-34.289,31.799
-0.10693,-0.98129,-0.021088,1.4819,-0.5719,-0.74265,0.49734,-34.289,31.799
-0.035858,-1.0254,0.017899,1.4955,-0.6941,-0.64663,2.2613,-33.294,32.765
-0.037918,-1.0311,0.029724,1.5106,-0.92511,-0.44883,2.2613,-33.294,32.765
0.01889,-1.0367,-0.01857,1.5142,-1.0166,-0.36759,-5.515,-25.611,22.994
0.034561,-0.99901,0.10149,1.5192,-1.207,-0.19589,-5.0165,-25.335,23.41
0.011169,-0.97804,0.09903,1.5212,-1.3084,-0.10247,-4.5771,-25.096,23.755
-0.005341,-0.9641,0.094772,1.5221,-1.4771,0.050851,-4.5771,-25.096,23.755
-0.012802,-0.95531,0.076797,1.5219,-1.5533,0.1201,-3.8537,-24.712,24.281
-0.011597,-0.94092,0.052109,1.5208,-1.7593,0.31273,-3.6421,-24.576,24.451
0.009659,-0.94821,0.052536,1.5191,-1.9019,0.45077,-3.6421,-24.576,24.451
0.011292,-0.94813,0.06543,1.519,-2.0015,0.54785,-3.5599,-24.459,24.579
-0.006607,-0.95174,0.054184,1.5141,-2.1428,0.68563,-3.5599,-24.459,24.579
-0.0522,-0.96794,0.091843,1.5109,-2.2138,0.75509,-3.3144,-24.034,25.029
-0.059952,-0.97354,0.10057,1.5006,-2.3029,0.84162,-3.2495,-23.734,25.322
-0.057098,-1.002,0.086746,1.4844,-2.3865,0.91917,-3.2495,-23.734,25.322
-0.058929,-1.0264,0.063934,1.4793,-2.4064,0.93807,-3.2231,-23.167,25.845
-0.07077,-1.0106,0.062729,1.4716,-2.4366,0.96739,-3.2231,-23.167,25.845
-0.090576,-0.97903,0.059372,1.4671,-2.4504,0.98134,-3.2231,-23.167,25.845
-0.085358,-0.96735,0.073349,1.46,-2.4808,1.0114,-3.3079,-22.685,26.259
-0.073715,-0.97732,0.076538,1.4511,-2.5376,1.0686,-3.3106,-22.463,26.448
-0.068787,-1.0239,0.11618,1.4482,-2.5581,1.0893,-3.3106,-22.463,26.448
-0.049042,-1.0925,0.11356,1.4418,-2.6068,1.1389,-3.253,-22.016,26.828
-0.047318,-1.1118,0.1413,1.4391,-2.629,1.1624,-3.2432,-21.806,27.001
-0.042053,-1.0962,0.14833,1.4328,-2.6616,1.1981,-3.2432,-21.806,27.001
-0.017181,-1.0804,0.13501,1.4302,-2.6785,1.2164,-3.2466,-21.592,27.172
0.032547,-0.99278,0.14203,1.4293,-2.7396,1.2829,-3.3049,-21.329,27.372
0.032669,-0.96349,0.15196,1.4293,-2.7396,1.2829,-3.3049,-21.329,27.372
0.035538,-0.92165,0.15402,1.4302,-2.7869,1.3347,-3.4145,-21.309,27.374
0.053482,-0.93292,0.13458,1.4301,-2.8258,1.3738,-3.2188,-21.277,27.422
0.036469,-0.93651,0.12729,1.4313,-2.8797,1.4266,-3.2188,-21.277,27.422
0.024963,-0.94014,0.13004,1.4317,-2.9246,1.4683,-3.2188,-21.277,27.422
0.019485,-0.94783,0.12497,1.4326,-3.0091,1.5459,-2.676,-21.229,27.518
-0.007401,-1.0017,0.13725,1.433,-3.0363,1.5708,-2.676,-21.229,27.518
-0.001801,-1.0297,0.17097,1.4321,-3.0889,1.6185,-2.3234,-21.225,27.553
0.018219,-1.0798,0.18124,1.4319,-3.1179,1.6455,-1.7367,-21.18,27.63
0.018799,-1.0507,0.17039,1.4333,3.1144,1.6944,-1.7367,-21.18,27.63
0.033081,-1.0142,0.13806,1.4346,3.0612,1.7474,-1.552,-21.249,27.588
0.050659,-0.93965,0.13847,1.4368,3.0073,1.8013,-1.3366,-21.326,27.541
0.045425,-0.96388,0.13936,1.4392,2.9479,1.859,-1.3366,-21.326,27.541
0.026703,-0.99068,0.14388,1.439,2.9159,1.8896,-0.99387,-21.536,27.391
-0.033615,-1.0135,0.16242,1.4378,2.8702,1.9316,-0.68087,-21.539,27.398
-0.021347,-0.99861,0.11519,1.4371,2.858,1.9422,-0.68087,-21.539,27.398
0.006531,-0.99347,0.10587,1.4397,2.8023,1.9949,-0.43632,-21.572,27.377
0.021973,-0.99448,0.14479,1.4407,2.7663,2.0312,-0.31149,-21.648,27.319
-0.005402,-0.9956,0.16995,1.4404,2.7575,2.0407,-0.31149,-21.648,27.319
-0.053024,-1.0256,0.18379,1.4397,2.7487,2.0504,-0.14824,-21.7,27.279
-0.089035,-1.0891,0.183,1.4385,2.7618,2.0371,-0.084929,-21.718,27.265
-0.070847,-1.1211,0.12993,1.4368,2.7703,2.0269,-0.084929,-21.718,27.265
-0.076706,-1.2476,0.1277,1.4345,2.7344,2.0613,-0.027027,-21.565,27.386
-0.058105,-1.3708,0.2289,1.4337,2.7205,2.0755,0.062175,-21.567,27.385
-0.024094,-1.4127,0.20682,1.4325,2.6939,2.1039,0.062175,-21.567,27.385
0.046494,-1.524,0.24477,1.4322,2.6794,2.1221,0.1371,-21.572,27.381
0.21812,-1.5007,0.22455,1.4323,2.6519,2.1633,-0.20381,-21.688,27.288
0.27238,-1.4354,0.13763,1.4329,2.6192,2.213,-0.20381,-21.688,27.288
0.29016,-1.3162,-0.000412,1.4338,2.5839,2.2675,-0.53366,-21.798,27.196
0.27579,-1.1992,-0.02832,1.4345,2.547,2.3218,-0.91851,-21.931,27.079
0.23802,-1.1583,-0.008255,1.4343,2.5323,2.3445,-0.91851,-21.931,27.079
0.14983,-1.1661,-0.1308,1.4334,2.515,2.3759,-1.238,-22.057,26.963
0.036163,-1.1628,-0.15488,1.4331,2.5106,2.3849,-1.7517,-22.159,26.85
-0.027008,-1.0937,-0.096741,1.4461,2.4879,2.4062,-1.7517,-22.159,26.85
-0.12239,-0.88518,0.020218,1.4648,2.4901,2.3891,-1.79,-22.234,26.786
-0.13524,-0.82222,0.062546,1.4751,2.5049,2.3652,-1.5063,-22.784,26.338
-0.11195,-0.81345,0.12737,1.4977,2.6002,2.2586,-1.5063,-22.784,26.338
-0.058182,-0.88683,0.1096,1.5084,2.689,2.1713,-1.7333,-23.106,26.041
-0.059387,-0.90157,0.091736,1.5272,2.9948,1.883,-2.4958,-23.407,25.709
-0.060822,-0.89624,0.023422,1.5363,-2.3616,1.0014,-2.4958,-23.407,25.709
0.012817,-0.86177,-0.085846,1.5327,-2.0507,0.7071,-4.8989,-23.886,24.91
0.065613,-0.8369,-0.11343,1.5206,-1.5989,0.2883,-6.1489,-24.133,24.39
0.14015,-0.79488,-0.012939,1.5137,-1.4437,0.14849,-6.1489,-24.133,24.39
0.14653,-0.78075,-0.054337,1.5,-1.2328,-0.037002,-7.2376,-24.416,23.801
0.12624,-0.77963,-0.091354,1.4791,-1.0272,-0.21161,-8.0778,-24.676,23.258
0.078049,-0.79201,-0.069611,1.4713,-0.96044,-0.2704,-8.0778,-24.676,23.258
0.026489,-0.85156,-0.10829,1.4552,-0.86003,-0.35932,-9.3576,-25.244,22.142
0.030624,-0.86333,-0.11021,1.4475,-0.83135,-0.3836,-9.7822,-25.55,21.601
0.004089,-0.8764,-0.11076,1.4324,-0.80145,-0.40679,-9.7822,-25.55,21.601
-0.04306,-0.8882,-0.13451,1.4246,-0.79753,-0.40883,-10.53,-25.885,20.836
-0.059814,-0.91156,-0.17839,1.4005,-0.80288,-0.40071,-10.88,-25.969,20.55
-0.10957,-0.95335,-0.18637,1.3835,-0.79929,-0.40292,-10.88,-25.969,20.55
-0.10889,-0.9575,-0.21309,1.3748,-0.79666,-0.40506,-11.231,-26.065,20.237
-0.12196,-0.95311,-0.18959,1.358,-0.79297,-0.40631,-11.93,-26.268,19.563
-0.11838,-0.92607,-0.20433,1.3497,-0.7908,-0.4069,-11.93,-26.268,19.563
-0.11778,-0.91241,-0.20134,1.3333,-0.78651,-0.40941,-12.276,-26.362,19.22
-0.1243,-0.89204,-0.22916,1.3083,-0.78002,-0.41252,-12.614,-26.446,18.883
-0.15089,-0.89542,-0.23764,1.2996,-0.77784,-0.41373,-12.614,-26.446,18.883
-0.16383,-0.90787,-0.2478,1.2821,-0.77384,-0.41592,-12.961,-26.53,18.526
-0.20781,-0.94789,-0.25862,1.2734,-0.77179,-0.41721,-13.653,-26.687,17.789
-0.24654,-0.96851,-0.26535,1.2566,-0.76494,-0.42278,-13.653,-26.687,17.789
-0.26172,-0.97595,-0.26471,1.2414,-0.75612,-0.43032,-13.952,-26.768,17.432
-0.24718,-0.95991,-0.28815,1.2274,-0.743,-0.44155,-14.208,-26.865,17.071
-0.18558,-0.91882,-0.33632,1.2139,-0.72113,-0.45948,-14.208,-26.865,17.071
-0.16933,-0.88889,-0.32013,1.2067,-0.70343,-0.47384,-14.632,-27.152,16.239
-0.11383,-0.83401,-0.36743,1.1937,-0.6742,-0.49568,-14.807,-27.436,15.591
-0.1217,-0.76288,-0.38338,1.1876,-0.65988,-0.50622,-14.807,-27.436,15.591
-0.13974,-0.72646,-0.38469,1.1694,-0.61765,-0.53988,-15.122,-27.845,14.528
-0.17668,-0.69842,-0.38937,1.1583,-0.59378,-0.56254,-15.167,-28.064,14.052
-0.21552,-0.70064,-0.409,1.1537,-0.58349,-0.57344,-15.167,-28.064,14.052
-0.24118,-0.71463,-0.40555,1.1464,-0.5657,-0.59386,-15.127,-28.271,13.674
-0.26053,-0.74059,-0.41588,1.1438,-0.55848,-0.60293,-19.07,-27.222,9.1021
-0.27734,-0.75584,-0.42119,1.1408,-0.54898,-0.61733,-19.07,-27.222,9.1021
-0.30489,-0.78142,-0.40988,1.1243,-0.55215,-0.62269,-18.826,-27.447,8.9318
-0.30702,-0.80868,-0.41588,1.1179,-0.55646,-0.62139,-18.979,-27.41,8.7188
-0.30102,-0.81084,-0.42467,1.1124,-0.55878,-0.62336,-18.979,-27.41,8.7188
-0.27806,-0.80458,-0.42816,1.1073,-0.55901,-0.62428,-18.877,-27.471,8.7474
-0.25716,-0.79723,-0.42673,1.1001,-0.55404,-0.63018,-18.924,-27.515,8.5053
-0.24667,-0.7897,-0.43048,1.0959,-0.54727,-0.63644,-18.924,-27.515,8.5053
-0.23991,-0.78989,-0.43231,1.0971,-0.54183,-0.64105,-18.95,-27.565,8.2834
-0.19614,-0.811,-0.39679,1.1033,-0.53891,-0.64402,-18.95,-27.565,8.2834
-0.19103,-0.85312,-0.41354,1.1051,-0.53125,-0.65125,-18.728,-27.65,8.4999
-0.19299,-0.93588,-0.41664,1.1138,-0.52683,-0.65523,-18.595,-27.73,8.5331
-0.25032,-0.99269,-0.37233,1.1233,-0.52306,-0.65773,-18.595,-27.73,8.5331
-0.26811,-1.0037,-0.33806,1.1321,-0.52504,-0.65627,-18.478,-27.742,8.7464
-0.28375,-0.9762,-0.35124,1.1407,-0.53201,-0.65126,-18.346,-27.781,8.8965
-0.27036,-0.89751,-0.34001,1.1441,-0.53419,-0.64869,-18.346,-27.781,8.8965
-0.26469,-0.85992,-0.37253,1.1502,-0.52957,-0.64896,-18.154,-27.779,9.2886
-0.23286,-0.82979,-0.40945,1.1513,-0.52529,-0.64966,-18.06,-27.831,9.3171
-0.22198,-0.83591,-0.41714,1.155,-0.50644,-0.65825,-18.06,-27.831,9.3171
-0.18034,-0.90109,-0.41637,1.1618,-0.47094,-0.67469,-18.113,-27.869,9.0962
-0.1775,-1.0062,-0.39856,1.1646,-0.45881,-0.67995,-18.008,-28.064,8.6988
-0.18361,-1.054,-0.42248,1.1701,-0.43647,-0.68772,-18.008,-28.064,8.6988
-0.17638,-1.0975,-0.48967,1.1728,-0.42665,-0.68985,-17.973,-28.139,8.5265
-0.095154,-0.98196,-0.54431,1.1768,-0.40758,-0.69373,-18.036,-28.206,8.1657
-0.090317,-0.93535,-0.54811,1.1774,-0.38755,-0.70192,-18.036,-28.206,8.1657
-0.092789,-0.89996,-0.51453,1.1752,-0.36687,-0.71433,-18.045,-28.268,7.9288
-0.10777,-0.90233,-0.48613,1.1717,-0.34973,-0.72747,-18.022,-28.331,7.7515
-0.11952,-0.90971,-0.46855,1.1659,-0.3372,-0.73825,-18.022,-28.331,7.7515
-0.11656,-0.92816,-0.45464,1.1666,-0.33171,-0.74252,-17.98,-28.376,7.6861
-0.092026,-0.96175,-0.44725,1.1668,-0.32841,-0.74552,-17.886,-28.475,7.5345
-0.076004,-0.98845,-0.4519,1.1737,-0.31839,-0.75518,-17.886,-28.475,7.5345
-0.077011,-1.0438,-0.43811,1.1816,-0.31526,-0.75768,-17.793,-28.539,7.5134
-0.094635,-0.99815,-0.38104,1.1864,-0.31138,-0.7606,-17.705,-28.544,7.7008
-0.10992,-0.97044,-0.36746,1.1956,-0.31015,-0.76112,-17.705,-28.544,7.7008
-0.096863,-0.99704,-0.36821,1.2001,-0.31031,-0.76088,-17.551,-28.512,8.1606
-0.089035,-1.0266,-0.38986,1.2097,-0.30956,-0.7608,-17.487,-28.487,8.3797
-0.05191,-1.0515,-0.35251,1.2263,-0.30054,-0.7647,-17.487,-28.487,8.3797
-0.005829,-1.0492,-0.31395,1.2322,-0.29397,-0.76844,-17.293,-28.462,8.8545
0.009384,-1.0408,-0.31661,1.2435,-0.27896,-0.77801,-17.189,-28.47,9.029
0.038467,-1.0035,-0.19626,1.2504,-0.27089,-0.78375,-17.189,-28.47,9.029
0.12125,-0.96512,-0.16187,1.2675,-0.25762,-0.79326,-17.023,-28.491,9.2738
0.18248,-0.97218,-0.14677,1.2922,-0.22622,-0.82807,-16.882,-28.45,9.651
0.20067,-0.98648,-0.17513,1.3105,-0.2174,-0.8436,-16.882,-28.45,9.651
0.20573,-0.99625,-0.050354,1.3294,-0.20565,-0.85822,-15.86,-28.557,10.976
0.22775,-0.98805,-0.055832,1.3396,-0.20309,-0.86252,-15.642,-28.465,11.515
0.21493,-0.98244,-0.002655,1.3596,-0.19957,-0.87004,-15.642,-28.465,11.515
0.16423,-1.0078,-0.027451,1.3704,-0.19611,-0.87559,-15.428,-28.326,12.13
0.12459,-1.0146,-0.0065,1.4018,-0.20734,-0.8773,-15.005,-27.96,13.44
0.07283,-1.0183,-0.003601,1.4213,-0.2224,-0.87511,-15.005,-27.96,13.44
0.016205,-1.0031,0.026901,1.4304,-0.23195,-0.87308,-14.727,-27.741,14.18
-0.00647,-1.0027,0.011581,1.4468,-0.25463,-0.86787,-14.422,-27.536,14.877
-0.066223,-0.98004,0.001495,1.4548,-0.26746,-0.86469,-14.422,-27.536,14.877
-0.09227,-0.96397,-0.006912,1.4682,-0.2907,-0.86137,-14.066,-27.352,15.542
-0.11085,-0.92056,0.010529,1.4877,-0.32788,-0.85238,-13.243,-27.015,16.804
-0.1095,-0.89142,0.006638,1.494,-0.34466,-0.84394,-13.243,-27.015,16.804
-0.097305,-0.87804,0.006897,1.5062,-0.39214,-0.81215,-12.84,-26.845,17.378
-0.068573,-0.89026,0.020309,1.5121,-0.42119,-0.78967,-12.177,-26.468,18.403
-0.039383,-0.94165,0.009003,1.5231,-0.49211,-0.72828,-12.177,-26.468,18.403
-0.027725,-0.95547,0.015152,1.5338,-0.6106,-0.61561,-11.954,-26.281,18.814
0.030746,-0.95,0.010437,1.5437,-0.79841,-0.43346,-11.807,-26.084,19.177
0.048615,-0.92577,0.045441,1.5511,-1.0833,-0.153,-11.807,-26.084,19.177
0.061081,-0.92893,0.049652,1.5549,-1.297,0.058949,-11.533,-25.739,19.8
0.077454,-0.94768,0.063812,1.5593,-1.894,0.65149,-11.382,-25.621,20.039
0.041595,-0.96994,0.10165,1.5596,-2.4818,1.2374,-11.382,-25.621,20.039
0.052048,-0.98982,0.082062,1.5463,-3.0611,1.8088,-11.047,-25.317,20.605
0.04213,-0.98692,0.051193,1.5395,-3.073,1.8149,-11.047,-25.317,20.605
0.012054,-1.0074,0.08815,1.5359,-3.0757,1.8154,-11.047,-25.317,20.605
-0.003342,-1.0109,0.092804,1.5264,-3.0533,1.7884,-10.833,-25.048,21.042
-0.02034,-0.99321,0.064758,1.5218,-3.036,1.7679,-10.786,-24.902,21.239
-0.034592,-0.98103,0.089203,1.5156,-2.9999,1.7251,-10.786,-24.902,21.239
-0.037491,-0.98096,0.090134,1.507,-2.949,1.6639,-10.639,-24.557,21.709
-0.064774,-0.9657,0.094559,1.502,-2.9173,1.6289,-10.602,-24.374,21.933
-0.076782,-0.95979,0.068588,1.4976,-2.9017,1.6073,-10.602,-24.374,21.933
-0.084106,-0.96942,0.062485,1.4955,-2.8881,1.5905,-10.498,-24.268,22.099
-0.093018,-0.98457,0.089005,1.4921,-2.8892,1.5851,-10.304,-24.074,22.401
-0.11502,-1.0025,0.10338,1.4858,-2.8602,1.5509,-10.304,-24.074,22.401
-0.09053,-1.0138,0.091003,1.4796,-2.8408,1.5281,-10.351,-23.878,22.589
-0.043289,-0.98694,0.055374,1.4761,-2.8489,1.5354,-10.25,-23.773,22.745
0.000275,-0.98998,0.040451,1.476,-2.8482,1.5355,-10.25,-23.773,22.745
0.02356,-1.0115,0.090378,1.4756,-2.8808,1.5704,-10.217,-23.703,22.832
0.000732,-1.0391,0.10968,1.4764,-2.9184,1.6086,-10.201,-23.762,22.778
0.006683,-1.0435,0.062286,1.4772,-2.9692,1.6617,-10.201,-23.762,22.778
-0.025696,-1.0135,0.065613,1.4785,-2.9884,1.6807,-10.178,-23.775,22.774
-0.016663,-0.97006,0.049011,1.4796,-2.9971,1.6884,-10.071,-23.864,22.729
-0.001343,-0.9449,0.069138,1.4826,-3.0237,1.7128,-10.071,-23.864,22.729
0.034134,-0.95439,0.077759,1.4839,-3.0484,1.7363,-9.9544,-23.916,22.726
0.038055,-0.96805,0.086746,1.4848,-3.1036,1.7903,-9.7976,-24.012,22.692
0.042252,-0.97794,0.07988,1.4841,3.0712,1.8971,-9.7976,-24.012,22.692
0.037537,-0.9875,0.085724,1.484,3.0233,1.9438,-9.461,-24.121,22.72
0.038589,-0.99916,0.092667,1.483,2.9541,2.0097,-9.2691,-24.167,22.751
0.041412,-0.99825,0.093719,1.4821,2.9174,2.0442,-9.2691,-24.167,22.751
0.036942,-0.99922,0.080765,1.48,2.8495,2.1079,-9.0131,-24.216,22.801
0.017487,-1.018,0.112,1.479,2.8153,2.1402,-8.7762,-24.254,22.853
-0.002502,-1.0412,0.084869,1.4758,2.7528,2.1955,-8.7762,-24.254,22.853
0.012985,-1.0019,0.040695,1.4751,2.7099,2.231,-8.3194,-24.294,22.981
0.025467,-0.99355,0.031052,1.4758,2.6906,2.2465,-8.0425,-24.33,23.041
0.055359,-0.98329,0.056412,1.4758,2.6518,2.2792,-8.0425,-24.33,23.041
0.045685,-1.0201,0.053207,1.4761,2.6292,2.2996,-7.853,-24.415,23.016
0.032501,-1.0479,0.068771,1.4748,2.6051,2.3167,-7.5301,-24.465,23.072
-0.029526,-1.0637,0.11398,1.4741,2.6011,2.3136,-7.5301,-24.465,23.072
-0.052429,-1.0449,0.090775,1.4745,2.6112,2.2994,-7.4698,-24.39,23.171
-0.062378,-1.0484,0.11035,1.4746,2.6343,2.2679,-7.0307,-24.363,23.336
-0.045166,-1.098,0.16013,1.4738,2.6436,2.2544,-7.0307,-24.363,23.336
-0.023361,-1.2289,0.1684,1.4695,2.6403,2.2516,-6.9116,-24.263,23.475
-0.018036,-1.3382,0.16446,1.459,2.62,2.2719,-6.9116,-24.263,23.475
-0.001358,-1.4679,0.18744,1.455,2.6159,2.2775,-6.7385,-24.185,23.605
0.047638,-1.4606,0.13303,1.4484,2.6093,2.2877,-6.6556,-24.077,23.738
0.093201,-1.4132,0.10828,1.4458,2.6063,2.2939,-6.6512,-23.903,23.915
0.13277,-1.2701,0.088425,1.4418,2.5998,2.311,-6.6512,-23.903,23.915
0.14801,-1.2356,0.060074,1.44,2.5956,2.3214,-6.819,-23.877,23.894
0.12434,-1.2142,0.11006,1.4339,2.5849,2.351,-6.819,-23.877,23.894
0.11754,-1.1215,0.11198,1.4313,2.5772,2.3689,-7.2005,-23.84,23.819
0.11633,-1.0689,0.11496,1.4315,2.5654,2.3846,-7.3423,-23.852,23.763
0.09729,-0.97215,0.1008,1.4344,2.5233,2.435,-7.4359,-23.988,23.597
0.12465,-0.89407,-0.039047,1.4367,2.4962,2.4671,-7.4359,-23.988,23.597
0.1198,-0.89035,0.044937,1.4403,2.4539,2.5207,-7.719,-24.445,23.03
0.12279,-0.97389,0.077591,1.4445,2.3922,2.596,-7.8345,-24.633,22.79
0.17777,-0.98846,-0.00737,1.4453,2.3583,2.6326,-7.8345,-24.633,22.79
0.19122,-0.97464,-0.06546,1.4497,2.2651,2.7306,-7.9164,-24.763,22.62
0.15212,-0.96806,-0.0811,1.4544,2.2054,2.7922,-8.0573,-24.868,22.455
0.10327,-0.93925,-0.026657,1.4651,2.1313,2.869,-8.0573,-24.868,22.455
0.085114,-0.9308,0.00563,1.4775,2.0896,2.9115,-8.2914,-25.475,21.675
0.051071,-0.89668,0.036606,1.4902,2.0853,2.916,-8.5486,-25.56,21.474
0.000885,-0.88968,0.044495,1.5029,2.0843,2.9212,-8.5486,-25.56,21.474
-0.020142,-0.89018,0.042084,1.5093,2.0815,2.9275,-8.8776,-25.6,21.292
-0.027313,-0.88539,0.014236,1.522,2.0837,2.9338,-9.7552,-25.677,20.811
-0.023499,-0.88933,0.020248,1.5284,2.0954,2.9273,-9.7552,-25.677,20.811
-0.003235,-0.89304,-0.024826,1.5478,2.173,2.8674,-10.282,-25.676,20.556
0.028763,-0.88097,-0.010315,1.5613,2.2673,2.7879,-11.429,-25.694,19.919
0.034698,-0.88507,-0.014145,1.5683,2.3356,2.7278,-11.429,-25.694,19.919
0.032486,-0.88525,-0.0439,1.5582,-0.77824,-0.42478,-12.03,-25.76,19.474
0.034607,-0.90601,-0.075546,1.55,-0.76214,-0.43241,-12.03,-25.76,19.474
0.035522,-0.93208,-0.048798,1.5335,-0.76331,-0.41492,-12.639,-25.847,18.967
0.040771,-0.96135,-0.040817,1.5096,-0.82351,-0.33497,-13.248,-25.906,18.464
0.018188,-0.96487,-0.05513,1.5018,-0.8437,-0.3091,-13.248,-25.906,18.464
0.009491,-0.96403,-0.095871,1.4862,-0.87421,-0.26911,-14.389,-25.85,17.671
-0.030289,-1.0001,-0.083847,1.4783,-0.88506,-0.25444,-14.905,-25.783,17.338
-0.046509,-1.0094,-0.079254,1.4622,-0.89005,-0.2429,-14.905,-25.783,17.338
-0.063293,-1.0256,-0.084549,1.4453,-0.89376,-0.23428,-15.374,-25.721,17.017
-0.09024,-1.0379,-0.11083,1.428,-0.90359,-0.22005,-16.259,-25.596,16.371
-0.13818,-1.0465,-0.1039,1.4104,-0.91141,-0.20721,-16.259,-25.596,16.371
-0.1571,-1.0433,-0.11912,1.4011,-0.91346,-0.2026,-16.711,-25.499,16.064
-0.15683,-1.0415,-0.13298,1.3817,-0.91297,-0.19747,-17.678,-25.29,15.344
-0.1964,-1.0289,-0.13377,1.372,-0.91082,-0.1958,-17.678,-25.29,15.344
-0.20235,-1.0219,-0.13193,1.3431,-0.89242,-0.20049,-18.194,-25.188,14.902
-0.20563,-0.99213,-0.1844,1.3244,-0.86769,-0.2155,-18.69,-25.118,14.398
-0.20209,-0.92702,-0.19218,1.3151,-0.85107,-0.22704,-18.69,-25.118,14.398
-0.20296,-0.88513,-0.19316,1.2967,-0.81064,-0.25673,-19.13,-25.103,13.835
-0.19902,-0.80051,-0.194,1.2874,-0.7875,-0.27439,-19.849,-25.274,12.441
-0.16954,-0.78497,-0.2399,1.2683,-0.7387,-0.31141,-19.849,-25.274,12.441
-0.12743,-0.73274,-0.28648,1.2401,-0.66624,-0.3632,-20.145,-25.424,11.634
-0.098236,-0.7113,-0.32448,1.231,-0.64243,-0.37966,-20.421,-25.579,10.782
-0.1055,-0.70744,-0.34738,1.2131,-0.5974,-0.41169,-20.421,-25.579,10.782
-0.12618,-0.74805,-0.3696,1.2052,-0.57834,-0.42549,-20.831,-25.911,9.0687
-0.15831,-0.79713,-0.38612,1.1921,-0.54802,-0.4479,-20.935,-26.051,8.402
-0.17731,-0.77229,-0.37561,1.1831,-0.5283,-0.46307,-20.935,-26.051,8.402
-0.19167,-0.76039,-0.38876,1.1772,-0.51572,-0.47405,-20.998,-26.234,7.6423
-0.18889,-0.71468,-0.3857,1.1732,-0.50756,-0.48253,-20.998,-26.234,7.6423
-0.19252,-0.71466,-0.39468,1.1715,-0.50466,-0.48649,-20.998,-26.234,7.6423
-0.19397,-0.7428,-0.38879,1.169,-0.50064,-0.49282,-20.951,-26.346,7.3809
-0.20299,-0.74767,-0.40878,1.1686,-0.49976,-0.4947,-20.912,-26.389,7.3378
-0.20554,-0.75641,-0.41476,1.1707,-0.5008,-0.49794,-20.912,-26.389,7.3378
-0.19521,-0.80231,-0.40468,1.1686,-0.4987,-0.50415,-20.801,-26.438,7.4746
-0.19572,-0.87819,-0.39389,1.1679,-0.49718,-0.50816,-20.687,-26.479,7.6471
-0.19978,-0.87317,-0.38902,1.1735,-0.5014,-0.50894,-20.687,-26.479,7.6471
-0.2029,-0.87689,-0.37523,1.1762,-0.50471,-0.50842,-20.602,-26.548,7.6358
-0.18713,-0.91542,-0.39868,1.1844,-0.51318,-0.50693,-20.335,-26.571,8.2458
-0.17957,-1.0248,-0.41742,1.1983,-0.51938,-0.51246,-20.335,-26.571,8.2458
-0.16539,-1.1433,-0.33708,1.2043,-0.52072,-0.51453,-20.12,-26.607,8.6468
-0.19946,-1.2062,-0.38236,1.2168,-0.52063,-0.51976,-19.867,-26.667,9.0385
-0.25095,-1.2312,-0.37155,1.2228,-0.51975,-0.52286,-19.867,-26.667,9.0385
-0.29526,-1.2089,-0.38432,1.2345,-0.5181,-0.527,-19.612,-26.733,9.3936
-0.29529,-1.1545,-0.39317,1.245,-0.51438,-0.53134,-19.196,-26.824,9.9757
-0.2777,-0.99547,-0.43129,1.2538,-0.50741,-0.53678,-19.196,-26.824,9.9757
-0.2242,-0.88091,-0.4469,1.2537,-0.49738,-0.54181,-19.038,-26.868,10.159
-0.21388,-0.86139,-0.41306,1.2422,-0.4884,-0.54693,-19.081,-26.964,9.8187
-0.19827,-0.89011,-0.31082,1.248,-0.47641,-0.55102,-19.081,-26.964,9.8187
-0.16099,-0.94691,-0.25073,1.2523,-0.47242,-0.55148,-19.013,-26.998,9.8566
-0.14839,-0.96431,-0.19804,1.2722,-0.45797,-0.55335,-18.952,-26.989,9.998
-0.14618,-1.0237,-0.19609,1.2864,-0.43913,-0.55786,-18.952,-26.989,9.998
-0.081329,-1.0959,-0.15326,1.2939,-0.42638,-0.56146,-18.815,-27.022,10.164
-0.025085,-1.0709,-0.16199,1.3095,-0.39588,-0.57161,-18.791,-27.046,10.145
0.12444,-1.0623,-0.25195,1.3174,-0.37777,-0.57905,-18.791,-27.046,10.145
0.19269,-1.0639,-0.25749,1.3309,-0.33014,-0.60364,-18.756,-27.088,10.098
0.23157,-1.0488,-0.21018,1.3495,-0.24797,-0.65163,-18.714,-27.182,9.922
0.2451,-0.99591,-0.13762,1.3556,-0.22336,-0.66714,-18.714,-27.182,9.922
0.2533,-0.95729,-0.15523,1.3682,-0.19011,-0.69072,-18.589,-27.363,9.6579
0.25174,-0.93674,-0.1483,1.3747,-0.16623,-0.71363,-18.484,-27.379,9.8102
0.19537,-0.95807,-0.052505,1.3906,-0.074394,-0.80837,-18.484,-27.379,9.8102
0.11298,-1.062,0.001144,1.4132,-0.005415,-0.89839,-18.056,-27.397,10.531
0.076431,-1.0904,-0.009506,1.4181,-0.004031,-0.91019,-17.78,-27.35,11.107
0.035568,-1.109,-0.009384,1.4282,-0.000961,-0.93759,-17.78,-27.35,11.107
0.029083,-1.0931,0.008286,1.4334,0.001988,-0.95374,-17.404,-27.307,11.788
0.007019,-1.044,0.004913,1.4423,0.016481,-0.99536,-16.47,-27.236,13.208
-0.038452,-1.0158,-0.004883,1.4462,0.028879,-1.0218,-16.47,-27.236,13.208
-0.051025,-0.99614,-0.018967,1.4578,0.081473,-1.1181,-15.9,-27.239,13.884
-0.066315,-0.93654,-0.036057,1.4638,0.13454,-1.1989,-15.275,-27.258,14.534
-0.11284,-0.89246,-0.013199,1.4663,0.16372,-1.241,-15.275,-27.258,14.534
-0.12172,-0.8777,-0.017334,1.4715,0.22474,-1.3272,-14.65,-27.281,15.122
-0.11249,-0.87004,-0.008255,1.4748,0.25382,-1.3685,-13.486,-27.256,16.21
-0.10667,-0.86922,-0.011093,1.4815,0.31303,-1.4489,-13.486,-27.256,16.21
-0.071335,-0.90025,-0.018326,1.4909,0.39553,-1.5562,-13.014,-27.181,16.715
-0.047623,-0.94643,-0.004013,1.4943,0.42204,-1.5889,-12.345,-26.978,17.531
-0.031357,-0.96709,0.017044,1.5016,0.48062,-1.6572,-12.345,-26.978,17.531
0.028397,-1.0114,0.003403,1.508,0.52176,-1.7023,-12.142,-26.844,17.875
0.083252,-1.0136,-0.003372,1.5175,0.6604,-1.8475,-11.959,-26.658,18.271
0.10278,-0.9935,0.004929,1.5208,0.89758,-2.0892,-11.959,-26.658,18.271
0.11522,-0.94224,-0.000702,1.5213,1.0718,-2.2692,-11.707,-26.407,18.792
0.10661,-0.91368,0.013962,1.521,1.2087,-2.4138,-11.315,-26.386,19.059
0.10587,-0.90987,0.001129,1.5194,1.2851,-2.495,-11.315,-26.386,19.059
0.10898,-0.90326,-0.015625,1.5205,1.3605,-2.5807,-10.992,-26.348,19.301
0.079147,-0.90546,-0.009308,1.5211,1.4006,-2.6259,-10.822,-26.247,19.533
0.045639,-0.92082,0.04538,1.525,1.5313,-2.7741,-10.822,-26.247,19.533
0.016235,-0.93768,0.047729,1.5264,1.6719,-2.9308,-10.492,-26.002,20.034
-0.010071,-0.99368,0.034286,1.5259,1.748,-3.0158,-10.195,-25.845,20.388
-0.014069,-0.98582,0.034195,1.5229,1.8742,3.1237,-10.195,-25.845,20.388
-0.035858,-0.97929,0.058502,1.5206,1.9197,3.0703,-9.817,-25.687,20.769
-0.022049,-0.96719,0.030106,1.5158,1.9875,2.9883,-9.0403,-25.482,21.365
0.006256,-0.98634,0.026703,1.5073,2.031,2.9268,-9.0403,-25.482,21.365
0.014801,-0.99966,0.086243,1.5047,2.0756,2.8769,-8.6563,-25.422,21.595
0.007156,-1.0143,0.056381,1.4984,2.1331,2.806,-7.9215,-25.231,22.095
-0.03685,-1.0076,0.044617,1.4954,2.1445,2.7892,-7.9215,-25.231,22.095
