-0.056137,-1.1201,-0.18443,1.4748,-1.7057,1.1494,26.582,-20.05,24.883
-0.22774,-1.1305,-0.13451,1.465,-1.6867,1.1187,26.491,-20.823,24.339
-0.30316,-1.0912,-0.060806,1.4485,-1.6869,1.0999,26.662,-21.904,23.176
-0.37045,-0.98611,0.10216,1.4405,-1.6982,1.1044,26.662,-21.904,23.176
-0.24872,-0.94562,0.023514,1.4243,-1.7132,1.1108,26.562,-22.253,22.957
-0.14247,-0.9183,-0.035599,1.4049,-1.6639,1.0701,26.292,-22.634,22.896
0.005127,-0.82393,-0.12158,1.4016,-1.6302,1.0454,26.292,-22.634,22.896
0.052597,-0.7794,-0.14432,1.3958,-1.5452,0.98092,25.775,-23.025,23.093
0.0457,-0.79269,-0.1237,1.3921,-1.4974,0.94295,24.49,-23.883,23.614
-0.010071,-0.87291,-0.081345,1.3834,-1.4109,0.8736,24.49,-23.883,23.614
-0.035645,-0.91341,-0.099731,1.3791,-1.3761,0.84557,23.889,-24.378,23.724
-0.11954,-0.91559,-0.12024,1.3681,-1.297,0.77715,23.455,-24.78,23.741
-0.19609,-0.8721,-0.1277,1.3593,-1.2577,0.73643,23.455,-24.78,23.741
-0.24176,-0.82741,-0.14442,1.355,-1.244,0.71968,23.061,-25.504,23.356
-0.30733,-0.77908,-0.13187,1.3466,-1.2221,0.69047,23.048,-25.857,22.979
-0.32376,-0.75293,-0.19354,1.3426,-1.2144,0.6789,23.048,-25.857,22.979
-0.34048,-0.74408,-0.22652,1.3325,-1.2008,0.6579,23.038,-26.413,22.348
-0.38269,-0.79469,-0.21951,1.3233,-1.2029,0.65956,22.87,-26.665,22.219
-0.41125,-0.98587,-0.21629,1.3024,-1.1911,0.64918,22.87,-26.665,22.219
-0.39755,-1.1222,-0.18346,1.2897,-1.1993,0.66398,22.553,-26.945,22.207
-0.32321,-1.2684,-0.10786,1.2861,-1.2042,0.67498,22.109,-27.16,22.391
-0.27023,-1.132,-0.077988,1.2823,-1.2071,0.69497,22.109,-27.16,22.391
-0.2309,-1.0884,-0.58971,1.2837,-1.1668,0.68306,21.065,-27.245,23.277
0.049698,-1.8278,-0.45995,1.2866,-1.1414,0.66434,20.759,-27.246,23.548
0.032745,-1.5233,0.17227,1.2912,-1.0935,0.6268,20.759,-27.246,23.548
0.10657,-1.389,0.001724,1.292,-1.0791,0.6199,20.729,-27.223,23.601
0.019318,-1.0597,-0.099731,1.2981,-1.0804,0.63953,20.176,-26.957,24.373
0.032669,-0.87862,-0.18639,1.3003,-1.0765,0.63582,20.176,-26.957,24.373
-0.003128,-0.66252,-0.29379,1.2865,-0.99503,0.52512,20.529,-27.157,23.851
-0.029953,-0.64606,-0.13995,1.2762,-0.93981,0.45671,21.259,-28.138,22.003
-0.044861,-0.68709,-0.076965,1.2732,-0.92426,0.43466,21.259,-28.138,22.003
-0.059021,-0.77768,-0.000168,1.2717,-0.90463,0.40882,21.259,-28.138,22.003
0.055161,-0.87018,-0.043427,1.2721,-0.89684,0.40194,21.592,-28.297,21.468
0.12729,-0.88182,-0.083511,1.2746,-0.85895,0.37824,21.592,-28.297,21.468
0.21104,-0.86516,-0.19856,1.2782,-0.81909,0.3552,21.501,-28.267,21.599
0.31363,-0.9012,-0.16187,1.2813,-0.79961,0.34379,21.999,-27.213,22.434
0.36441,-0.92842,-0.13414,1.2998,-0.74074,0.29805,21.999,-27.213,22.434
0.32832,-0.92548,-0.11014,1.3112,-0.71339,0.27549,21.945,-26.954,22.797
0.17452,-0.87425,-0.10037,1.3335,-0.67353,0.23903,22.17,-26.404,23.22
0.11569,-0.85547,-0.1055,1.3496,-0.68012,0.22353,22.17,-26.404,23.22
0.007202,-0.81049,-0.14131,1.3511,-0.69258,0.22341,23.032,-25.867,22.982
-0.14438,-0.79265,-0.15726,1.3516,-0.7167,0.22042,23.656,-25.817,22.399
-0.21521,-0.81239,-0.14485,1.3514,-0.72798,0.21724,23.656,-25.817,22.399
-0.27805,-0.86626,-0.11354,1.3509,-0.75275,0.21179,24.295,-25.831,21.687
-0.28374,-0.88933,-0.093872,1.3515,-0.76683,0.21153,24.295,-25.831,21.687
-0.28235,-0.90657,-0.053299,1.36,-0.8105,0.22312,24.946,-25.842,20.921
-0.25474,-0.96095,-0.078491,1.3697,-0.83651,0.23591,25.997,-25.522,20.014
-0.25119,-0.99219,-0.078461,1.3737,-0.86417,0.25813,25.997,-25.522,20.014
-0.21098,-1.034,-0.076691,1.3836,-0.88772,0.27385,26.395,-25.206,19.894
-0.17284,-1.0422,-0.14517,1.3878,-0.90648,0.28971,26.97,-24.516,19.985
-0.13417,-1.0873,-0.19984,1.4021,-0.93181,0.31228,26.97,-24.516,19.985
-0.11871,-1.108,-0.1857,1.4128,-0.93529,0.31453,27.159,-24.187,20.129
-0.15247,-1.0511,-0.1042,1.4171,-0.92933,0.30722,27.357,-23.832,20.284
-0.14636,-1.0436,-0.12683,1.4221,-0.9115,0.28596,27.843,-23.252,20.296
-0.18172,-1.0471,-0.17108,1.4224,-0.88444,0.2583,27.843,-23.252,20.296
-0.27359,-1.0235,-0.16109,1.4251,-0.84082,0.21478,28.076,-23.055,20.199
-0.31657,-1.0049,-0.14412,1.4205,-0.8517,0.2229,28.076,-23.055,20.199
-0.37451,-0.95482,-0.13141,1.4008,-0.94126,0.31104,28.269,-22.823,20.193
-0.22569,-0.98714,-0.10762,1.397,-0.98632,0.35629,27.98,-23.287,20.065
-0.051758,-1.0791,-0.16252,1.3957,-1.0026,0.37353,27.98,-23.287,20.065
0.23662,-1.2391,-0.12413,1.4033,-0.98618,0.36388,27.878,-23.216,20.288
0.28065,-1.2113,-0.060867,1.4065,-0.99855,0.38272,27.789,-23.023,20.627
0.35144,-1.0487,0.004044,1.4133,-1.0667,0.47649,27.789,-23.023,20.627
0.45581,-0.91823,-0.070923,1.4164,-1.124,0.55417,27.068,-22.622,21.985
0.54954,-0.89052,0.00029,1.4194,-1.1482,0.58832,26.567,-22.423,22.786
0.51895,-0.86995,-0.067627,1.4267,-1.1842,0.64158,26.567,-22.423,22.786
0.45277,-1.0983,-0.18985,1.431,-1.1934,0.65748,26.201,-22.092,23.521
0.3458,-1.1612,-0.19209,1.4304,-1.2358,0.70807,25.688,-21.786,24.358
0.086868,-1.2435,-0.11432,1.4082,-1.3532,0.81294,25.688,-21.786,24.358
-0.1597,-1.2922,-0.19162,1.3979,-1.3829,0.83093,25.492,-22.051,24.325
-0.25911,-1.3165,-0.22533,1.3787,-1.4134,0.83651,25.542,-22.538,23.82
-0.48418,-1.1482,-0.017029,1.3702,-1.426,0.83838,25.542,-22.538,23.82
-0.49538,-1.0323,0.070877,1.3521,-1.4543,0.84896,25.692,-23.078,23.133
-0.40872,-1.025,0.006348,1.3343,-1.4681,0.85504,25.573,-24.025,22.284
-0.13071,-1.008,-0.13242,1.3226,-1.4377,0.83298,25.573,-24.025,22.284
-0.024384,-0.91164,-0.090591,1.3165,-1.3756,0.7916,25.171,-24.477,22.251
-0.006439,-0.86714,-0.078323,1.3138,-1.3398,0.76752,23.967,-25.211,22.755
-0.013504,-0.80174,-0.08136,1.3075,-1.2693,0.71669,23.967,-25.211,22.755
-0.063919,-0.79115,-0.1111,1.304,-1.2355,0.69108,23.423,-25.605,22.881
-0.091492,-0.77647,-0.17891,1.2927,-1.141,0.61256,22.985,-26.008,22.87
-0.15939,-0.75186,-0.21097,1.2851,-1.0913,0.56422,22.985,-26.008,22.87
-0.21271,-0.74178,-0.19524,1.2814,-1.073,0.54418,22.637,-26.772,22.329
-0.27986,-0.72353,-0.16985,1.2744,-1.0495,0.51507,22.662,-27.083,21.926
-0.2991,-0.69601,-0.19298,1.2716,-1.0426,0.50575,22.662,-27.083,21.926
-0.28845,-0.70146,-0.23434,1.2673,-1.031,0.49263,22.693,-27.308,21.612
-0.2533,-0.79207,-0.2614,1.2638,-1.0164,0.48229,22.693,-27.308,21.612
-0.23267,-0.87035,-0.25116,1.2596,-0.99398,0.46298,22.652,-27.459,21.464
-0.22057,-1.0583,-0.22534,1.2586,-0.98177,0.45767,22.429,-27.6,21.517
-0.22937,-1.1882,-0.17812,1.2585,-0.98623,0.46593,22.234,-27.598,21.721
-0.32289,-1.0974,-0.15918,1.2575,-0.9967,0.48303,22.234,-27.598,21.721
-0.36783,-1.0059,-0.16791,1.2509,-1.0134,0.50364,21.994,-27.584,21.982
-0.38185,-0.95267,-0.36211,1.2409,-1.0153,0.50571,21.468,-27.853,22.161
-0.15224,-1.5466,-0.79234,1.243,-0.99979,0.48844,21.468,-27.853,22.161
-0.17088,-1.8616,-0.42784,1.2457,-0.9922,0.47984,21.537,-27.89,22.047
-0.052094,-1.4983,0.25467,1.2486,-0.98609,0.47755,21.678,-27.713,22.132
0.13753,-1.2677,-0.082642,1.2494,-0.989,0.48918,21.678,-27.713,22.132
0.096024,-1.0691,0.036377,1.2577,-0.98949,0.51356,21.16,-27.467,22.926
0.061066,-0.71707,-0.23911,1.2504,-0.93837,0.45131,21.072,-27.393,23.096
0.027466,-0.66089,-0.24962,1.2457,-0.9074,0.41583,21.072,-27.393,23.096
-0.036072,-0.69479,-0.16188,1.2384,-0.86695,0.36316,21.403,-27.772,22.325
-0.14238,-0.79071,-0.033524,1.2368,-0.85742,0.34665,22.082,-28.264,21.008
-0.17183,-0.86203,-0.022308,1.2358,-0.84729,0.33128,22.082,-28.264,21.008
-0.12628,-0.9512,-0.084793,1.2455,-0.85607,0.34317,22.2,-28.295,20.841
-0.019562,-0.88602,-0.15875,1.2533,-0.834,0.33234,22.739,-27.394,21.455
0.061615,-0.85034,-0.22137,1.2555,-0.80406,0.31913,22.739,-27.394,21.455
0.26959,-0.90379,-0.12021,1.2581,-0.79014,0.31539,22.258,-27.299,22.071
0.32864,-0.97681,-0.075531,1.2689,-0.76945,0.31577,21.929,-27.077,22.666
0.2196,-0.95386,-0.066864,1.2836,-0.76557,0.32718,21.929,-27.077,22.666
0.12131,-0.90454,-0.1371,1.2963,-0.77392,0.33477,21.767,-26.201,23.822
-0.018585,-0.80321,-0.1537,1.3014,-0.79041,0.33807,22.106,-25.956,23.778
-0.092941,-0.76756,-0.1651,1.3018,-0.7999,0.3382,22.106,-25.956,23.778
-0.19255,-0.76736,-0.17108,1.2998,-0.81926,0.33434,22.547,-25.911,23.41
-0.20232,-0.82349,-0.15352,1.2985,-0.8285,0.33096,23.07,-25.984,22.812
-0.19128,-0.85965,-0.13948,1.2989,-0.85288,0.32086,23.07,-25.984,22.812
-0.16798,-0.91435,-0.099457,1.3055,-0.86902,0.32136,24.141,-25.993,21.666
-0.15794,-0.93988,-0.095322,1.3109,-0.87718,0.32323,24.599,-25.756,21.432
-0.11468,-0.98854,-0.095474,1.3242,-0.89263,0.32718,24.599,-25.756,21.432
-0.073074,-1.0012,-0.099564,1.3359,-0.8987,0.32782,25.073,-25.365,21.349
-0.059723,-0.99951,-0.097321,1.3494,-0.90718,0.32674,26.086,-24.377,21.284
-0.072968,-1.0354,-0.11446,1.3693,-0.90941,0.31648,26.086,-24.377,21.284
-0.099121,-1.0602,-0.12193,1.3742,-0.91223,0.31423,26.493,-23.981,21.233
-0.1115,-1.0754,-0.11231,1.3812,-0.92029,0.30953,27.282,-23.449,20.824
-0.14188,-1.0459,-0.15346,1.3837,-0.92256,0.30473,27.282,-23.449,20.824
-0.21411,-1.0667,-0.16188,1.3864,-0.92205,0.29134,27.282,-23.449,20.824
-0.24585,-1.1018,-0.12495,1.3879,-0.9221,0.27838,28.001,-23.218,20.117
-0.40144,-1.0099,-0.033051,1.3894,-0.93999,0.28155,28.001,-23.218,20.117
-0.39282,-0.95984,-0.080338,1.3919,-0.97453,0.30489,28.331,-23.152,19.726
-0.3315,-0.96635,-0.1147,1.3908,-1.0044,0.33162,28.664,-23.063,19.347
-0.17825,-1.0993,-0.23341,1.3841,-1.0349,0.36057,28.664,-23.063,19.347
-0.067459,-1.147,-0.16687,1.3879,-1.0464,0.37298,28.776,-22.817,19.471
0.081619,-1.2177,-0.075821,1.3961,-1.1131,0.44407,28.821,-22.557,19.706
0.26358,-1.1649,-0.02951,1.399,-1.1694,0.51652,28.821,-22.557,19.706
0.38017,-1.1048,0.017426,1.4004,-1.2056,0.56407,28.33,-22.176,20.819
0.53587,-0.9375,0.055359,1.4032,-1.2844,0.66491,27.794,-21.906,21.803
0.56227,-1.0617,-0.060944,1.4047,-1.3165,0.70642,27.794,-21.906,21.803
0.54251,-1.1855,-0.13072,1.4058,-1.3698,0.77428,27.039,-21.405,23.205
0.27644,-1.2308,-0.19753,1.3981,-1.4385,0.84129,27.039,-21.405,23.205
-0.079041,-1.2182,-0.095917,1.3892,-1.464,0.85942,27.039,-21.405,23.205
-0.2139,-1.215,-0.072937,1.3673,-1.5106,0.87806,26.902,-21.716,23.075
-0.41458,-1.2282,-0.092865,1.358,-1.5295,0.87889,27.107,-22.278,22.287
-0.54012,-1.0868,0.065933,1.3426,-1.5661,0.8843,27.107,-22.278,22.287
-0.54556,-1.0162,0.11243,1.3283,-1.5948,0.89266,27.657,-23.094,20.726
-0.36687,-0.95975,0.002319,1.314,-1.601,0.8867,27.643,-23.476,20.312
-0.14812,-0.85057,-0.10494,1.304,-1.5634,0.85198,27.643,-23.476,20.312
-0.10606,-0.78926,-0.11591,1.3012,-1.5307,0.82734,27.41,-23.929,20.097
-0.097672,-0.73164,-0.074127,1.2967,-1.4526,0.77119,26.365,-24.759,20.487
-0.11206,-0.741,-0.065521,1.2936,-1.4137,0.7424,26.365,-24.759,20.487
-0.14264,-0.81775,-0.12459,1.2815,-1.3143,0.66738,25.83,-25.21,20.617
-0.18109,-0.85622,-0.16994,1.2731,-1.2602,0.62635,25.337,-25.648,20.687
-0.20186,-0.84718,-0.1931,1.269,-1.2364,0.60736,25.337,-25.648,20.687
-0.26622,-0.80577,-0.18549,1.2606,-1.1951,0.57283,24.918,-26.048,20.698
-0.32721,-0.74396,-0.17679,1.2566,-1.1775,0.55778,24.356,-26.76,20.457
-0.35877,-0.70139,-0.17938,1.251,-1.1479,0.5329,24.356,-26.76,20.457
-0.39313,-0.6366,-0.20673,1.2475,-1.1089,0.50505,24.182,-26.988,20.365
-0.39168,-0.65103,-0.29973,1.2473,-1.097,0.49806,23.847,-27.17,20.517
-0.37141,-0.71178,-0.29047,1.248,-1.0784,0.49144,23.847,-27.17,20.517
-0.33964,-0.91164,-0.2316,1.2492,-1.0727,0.49295,23.626,-27.156,20.789
-0.31934,-1.2579,-0.11966,1.246,-1.0587,0.49996,23.626,-27.156,20.789
-0.32738,-1.3664,-0.084274,1.251,-1.0593,0.52763,23.309,-27.032,21.302
-0.30177,-1.317,-0.1619,1.2544,-1.0565,0.55261,22.175,-26.611,22.977
-0.087906,-1.1776,-0.63637,1.2548,-1.0302,0.55068,22.175,-26.611,22.977
0.1031,-1.5023,-0.7594,1.2543,-1.0062,0.53781,21.575,-26.532,23.63
0.16226,-2.003,-0.13718,1.2537,-0.95412,0.50335,21.085,-26.62,23.971
0.004105,-1.5081,0.28153,1.2532,-0.93192,0.48981,21.085,-26.62,23.971
0.089005,-1.2322,0.078644,1.2565,-0.88764,0.5034,20.787,-26.723,24.116
0.035172,-0.57568,-0.28998,1.2591,-0.84724,0.4793,19.099,-26.58,25.623
0.14021,-0.38585,-0.36684,1.2497,-0.81548,0.43643,19.099,-26.58,25.623
0.15552,-0.37589,-0.41698,1.2231,-0.72945,0.33035,19.004,-26.659,25.612
0.001877,-0.69319,-0.10274,1.2131,-0.69507,0.29083,19.948,-28.27,23.036
-0.077255,-0.81592,0.037033,1.206,-0.67705,0.26831,19.948,-28.27,23.036
-0.096069,-0.9906,0.060242,1.2549,-0.75427,0.33927,20.05,-28.402,22.784
0.032578,-1.0306,-0.079636,1.2742,-0.75455,0.34351,21.073,-26.365,24.261
0.11639,-0.96016,-0.16298,1.2885,-0.7124,0.31667,21.073,-26.365,24.261
0.30138,-0.82698,-0.28575,1.2901,-0.68693,0.30086,20.676,-26.158,24.82
0.43187,-0.83498,-0.19504,1.295,-0.63828,0.27168,21.3,-25.228,25.251
0.42851,-0.93012,-0.16844,1.3052,-0.60589,0.25411,21.3,-25.228,25.251
0.31445,-1.0345,-0.028366,1.3211,-0.60321,0.25982,21.071,-24.978,25.689
0.19359,-0.9861,-0.031784,1.3374,-0.63028,0.28182,21.002,-24.496,26.204
0.15999,-0.94864,-0.066086,1.3456,-0.64421,0.28833,21.002,-24.496,26.204
0.070145,-0.89073,-0.13515,1.3499,-0.68309,0.30592,21.873,-23.048,26.799
-0.008575,-0.85899,-0.16147,1.3498,-0.69858,0.30877,22.444,-22.949,26.408
-0.14824,-0.83928,-0.15341,1.3465,-0.73732,0.30302,22.444,-22.949,26.408
-0.14362,-0.8777,-0.1949,1.3466,-0.75874,0.29409,23.894,-23.077,24.986
-0.1254,-0.90031,-0.17281,1.3491,-0.76647,0.28924,24.664,-23.051,24.251
-0.10544,-0.92256,-0.10016,1.3592,-0.7778,0.28012,24.664,-23.051,24.251
-0.059158,-0.97522,-0.10324,1.3662,-0.78305,0.27642,25.353,-22.784,23.789
-0.03746,-0.99138,-0.11467,1.382,-0.78963,0.2671,26.65,-21.752,23.332
-0.033615,-1.0256,-0.12552,1.4057,-0.77562,0.23403,26.65,-21.752,23.332
-0.068939,-1.0504,-0.15097,1.4118,-0.77392,0.2257,27.209,-21.218,23.179
-0.06572,-1.0573,-0.15884,1.423,-0.77477,0.21234,27.724,-20.767,22.976
-0.067581,-1.0183,-0.15689,1.4275,-0.77664,0.20711,27.724,-20.767,22.976
-0.10989,-1.0077,-0.16168,1.4338,-0.77901,0.19556,28.231,-20.367,22.716
-0.15118,-1.0097,-0.15857,1.4378,-0.77774,0.18186,28.616,-26.384,21.277
-0.21858,-1.0061,-0.15004,1.4423,-0.77848,0.16988,28.616,-26.384,21.277
-0.25307,-1.0161,-0.14285,1.4463,-0.79124,0.16943,28.978,-26.235,20.97
-0.31296,-0.9675,-0.084641,1.4471,-0.80879,0.18091,29.367,-26.046,20.662
-0.33112,-0.96712,-0.087967,1.4431,-0.89435,0.25639,29.367,-26.046,20.662
-0.28947,-0.95042,-0.078217,1.4369,-0.95608,0.31448,29.795,-25.917,20.205
-0.12003,-1.0292,-0.20346,1.4322,-0.98927,0.3454,29.124,-26.749,20.099
0.049011,-1.1964,-0.18135,1.4396,-1.0083,0.36793,29.124,-26.749,20.099
0.05896,-1.2586,-0.13866,1.4428,-1.0289,0.39012,29.279,-26.243,20.536
0.14771,-1.2304,-0.01709,1.447,-1.092,0.45945,29.23,-26.031,20.874
0.28079,-1.0663,-0.078568,1.4482,-1.1298,0.50393,29.23,-26.031,20.874
0.33115,-0.96802,-0.066559,1.4503,-1.216,0.6077,28.923,-25.877,21.484
0.41588,-0.84847,0.01738,1.4529,-1.3053,0.72437,28.46,-25.691,22.309
0.43138,-0.87599,-0.091187,1.4528,-1.3177,0.74496,28.46,-25.691,22.309
0.45312,-0.97533,-0.15215,1.452,-1.3355,0.77771,27.531,-25.499,23.655
0.28362,-1.0877,-0.1844,1.4492,-1.3512,0.79804,27.091,-25.521,24.134
0.027557,-1.1758,-0.09967,1.4354,-1.3992,0.84678,27.091,-25.521,24.134
-0.091309,-1.2083,-0.11397,1.4149,-1.4424,0.87479,26.706,-25.709,24.363
-0.24666,-1.2091,-0.15672,1.3975,-1.4623,0.87379,26.401,-26.733,23.581
-0.37462,-1.0792,-0.092911,1.3843,-1.478,0.87292,26.401,-26.733,23.581
-0.39195,-1.0172,-0.064529,1.378,-1.4845,0.87282,26.444,-27.155,23.043
-0.27885,-0.98232,-0.13641,1.3654,-1.4847,0.86317,26.279,-27.9,22.332
-0.17221,-0.98086,-0.1471,1.3596,-1.4726,0.85012,26.279,-27.9,22.332
-0.039642,-0.92195,-0.083969,1.352,-1.3872,0.78305,25.949,-28.412,22.071
-0.035629,-0.87019,-0.056152,1.3456,-1.347,0.75822,25.461,-28.646,22.335
-0.04686,-0.85748,-0.081116,1.3418,-1.3232,0.74077,25.461,-28.646,22.335
-0.07341,-0.86992,-0.1252,1.3344,-1.2708,0.7,24.958,-28.936,22.527
-0.10831,-0.86165,-0.15956,1.331,-1.2451,0.679,24.152,-29.647,22.482
-0.13847,-0.84247,-0.15817,1.3247,-1.2021,0.64007,24.152,-29.647,22.482
-0.21858,-0.80959,-0.16768,1.3214,-1.1852,0.62292,23.972,-29.952,22.27
-0.27702,-0.76642,-0.16884,1.3119,-1.1462,0.57803,23.901,-30.251,21.939
-0.28514,-0.73903,-0.17593,1.308,-1.1256,0.55551,23.901,-30.251,21.939
-0.30362,-0.71631,-0.18617,1.307,-1.1164,0.54696,23.888,-30.666,21.37
-0.31718,-0.77754,-0.20727,1.3067,-1.1007,0.53518,23.84,-30.728,21.334
-0.2746,-0.86047,-0.23024,1.3069,-1.0954,0.53246,23.84,-30.728,21.334
-0.18811,-1.0864,-0.2336,1.2982,-1.0429,0.49151,23.196,-31.436,21.009
-0.18286,-1.1707,-0.1732,1.3018,-1.047,0.5086,23.021,-31.307,21.392
-0.2054,-1.1881,-0.092529,1.3034,-1.0522,0.52129,23.021,-31.307,21.392
-0.18272,-1.0896,-0.12959,1.3052,-1.064,0.54564,22.707,-31.158,21.938
-0.17468,-1.0464,-0.18678,1.3055,-1.0628,0.54929,22.406,-31.06,22.381
0.04129,-1.299,-0.59326,1.3077,-1.0278,0.52435,22.406,-31.06,22.381
0.045334,-1.7772,-0.35707,1.3127,-0.97538,0.48386,22.187,-31.036,22.633
-0.090378,-1.6359,-0.001526,1.3137,-0.96475,0.47823,22.203,-30.971,22.706
-0.12114,-1.2514,0.017944,1.3161,-0.95603,0.48638,22.203,-30.971,22.706
-0.036316,-0.85718,-0.25207,1.3184,-0.95293,0.48832,21.919,-30.916,23.053
0.061783,-0.75185,-0.32323,1.3151,-0.92751,0.45034,22.205,-30.955,22.726
0.054962,-0.69554,-0.24513,1.3061,-0.87163,0.37803,22.205,-30.955,22.726
0.052658,-0.82158,-0.063232,1.3034,-0.83282,0.32921,22.645,-31.287,21.818
0.03627,-0.86852,-0.015106,1.309,-0.82762,0.31567,23.38,-31.152,21.227
-0.073441,-0.87271,0.007385,1.3124,-0.82426,0.31096,23.38,-31.152,21.227
0.004822,-0.96074,-0.062332,1.3299,-0.82187,0.30767,23.584,-30.978,21.257
0.078918,-0.93964,-0.13798,1.3559,-0.73634,0.22666,23.721,-30.867,21.265
0.162,-0.86826,-0.23322,1.3603,-0.67073,0.17273,23.721,-30.867,21.265
0.21971,-0.84183,-0.17957,1.3627,-0.6152,0.1302,24.681,-29.863,21.605
0.24933,-0.85307,-0.16412,1.3642,-0.59376,0.11364,24.595,-29.582,22.084
0.20026,-0.90894,-0.10382,1.3727,-0.55035,0.07914,24.595,-29.582,22.084
0.15808,-0.93892,-0.076004,1.3806,-0.52432,0.057378,24.586,-29.332,22.424
0.10558,-0.96684,-0.059296,1.3938,-0.50888,0.04306,24.943,-28.615,22.951
0.05629,-0.91345,-0.094879,1.4147,-0.48466,0.003865,24.943,-28.615,22.951
0.022568,-0.87883,-0.12029,1.4169,-0.48679,-0.000903,25.716,-27.916,22.958
-0.042877,-0.83865,-0.14829,1.4198,-0.48079,-0.022908,26.153,-27.777,22.631
-0.05394,-0.86755,-0.14064,1.4213,-0.47521,-0.037295,26.153,-27.777,22.631
-0.066116,-0.8877,-0.13396,1.4264,-0.46278,-0.067307,27.225,-27.394,21.818
-0.093857,-0.90124,-0.081116,1.4337,-0.45141,-0.094499,27.225,-27.394,21.818
-0.10292,-0.94411,-0.10706,1.4415,-0.44142,-0.11878,27.225,-27.394,21.818
-0.10222,-0.9695,-0.11398,1.449,-0.43183,-0.14074,28.203,-26.805,21.302
-0.10309,-1.0153,-0.11604,1.4515,-0.43282,-0.14474,28.599,-26.532,21.115
-0.094208,-1.0252,-0.11685,1.4541,-0.45642,-0.12976,28.599,-26.532,21.115
-0.094391,-1.028,-0.10597,1.4549,-0.46975,-0.12027,29.085,-26.231,20.826
-0.10585,-1.0384,-0.099289,1.4572,-0.50148,-0.099885,29.085,-26.231,20.826
-0.10672,-1.0033,-0.09433,1.4574,-0.5186,-0.091382,29.187,-26.248,20.66
-0.1028,-0.99667,-0.10413,1.4553,-0.54746,-0.067481,29.395,-26.186,20.443
-0.11922,-1.0427,-0.18268,1.4537,-0.5395,-0.085455,29.729,-26.282,19.827
-0.12326,-1.0796,-0.1808,1.4523,-0.53371,-0.096372,29.729,-26.282,19.827
-0.24312,-1.0209,-0.11099,1.4542,-0.52554,-0.11724,29.971,-26.309,19.424
-0.32408,-0.97029,-0.099731,1.4581,-0.55666,-0.10801,29.971,-26.309,19.424
-0.34573,-0.94255,-0.10112,1.4567,-0.60286,-0.067248,30.349,-26.161,19.032
-0.15347,-0.96408,-0.18529,1.4571,-0.66676,-0.009452,30.586,-26.138,18.682
0.11722,-1.1851,-0.15523,1.4547,-0.67358,-0.003674,30.586,-26.138,18.682
0.19498,-1.2064,-0.051727,1.4632,-0.68838,0.014298,30.931,-25.791,18.596
0.31148,-1.162,-0.029526,1.4728,-0.75116,0.083233,30.624,-19.941,17.673
0.46451,-1.0216,-0.058945,1.4817,-0.85658,0.20309,30.624,-19.941,17.673
0.47534,-0.98001,-0.069565,1.4908,-1.0202,0.38345,30.211,-19.488,18.85
0.58734,-1.0529,0.009827,1.496,-1.0969,0.46634,29.884,-19.187,19.663
0.48897,-1.1864,-0.13676,1.5038,-1.2315,0.61262,29.884,-19.187,19.663
0.34821,-1.1872,-0.14557,1.505,-1.2923,0.6785,29.723,-18.784,20.286
0.043167,-1.1859,-0.10231,1.4886,-1.4619,0.84774,29.277,-18.75,20.954
-0.14429,-1.1981,-0.19815,1.4667,-1.5031,0.86648,29.277,-18.75,20.954
-0.20253,-1.2449,-0.25085,1.4568,-1.5035,0.85441,29.21,-19.347,20.501
-0.36823,-1.1962,-0.094864,1.4406,-1.5128,0.84498,29.32,-20.001,19.701
-0.42276,-1.0831,0.004028,1.4332,-1.5266,0.85197,29.32,-20.001,19.701
-0.41737,-0.96191,0.075485,1.417,-1.5581,0.87298,29.342,-20.495,19.153
-0.17088,-0.92166,-0.049042,1.3987,-1.55,0.86371,29,-21.394,18.684
-0.043457,-0.8842,-0.12065,1.3861,-1.4784,0.80815,29,-21.394,18.684
0.054001,-0.83598,-0.15225,1.3781,-1.3818,0.74216,28.505,-21.959,18.791
0.047516,-0.8201,-0.13457,1.3743,-1.3342,0.70981,27.05,-22.835,19.866
0.031723,-0.84314,-0.13588,1.3652,-1.2468,0.64635,27.05,-22.835,19.866
-0.018005,-0.87784,-0.10825,1.3551,-1.1753,0.59269,26.443,-23.272,20.175
-0.075806,-0.84363,-0.1292,1.3456,-1.1218,0.55029,25.942,-23.698,20.329
-0.10214,-0.81871,-0.13367,1.3367,-1.0799,0.51301,25.942,-23.698,20.329
-0.1779,-0.77743,-0.17377,1.3325,-1.0622,0.49579,25.4,-24.405,20.175
-0.25549,-0.71841,-0.19212,1.3259,-1.032,0.46492,25.319,-24.682,19.939
-0.28502,-0.69141,-0.18477,1.3233,-1.0205,0.45321,25.319,-24.682,19.939
-0.30199,-0.66635,-0.26427,1.3183,-0.99854,0.43206,25.275,-24.879,19.748
-0.30006,-0.68993,-0.28403,1.3171,-0.99537,0.43392,25.232,-25.007,19.642
-0.2173,-1.0692,-0.23221,1.3171,-0.9993,0.44213,25.232,-25.007,19.642
-0.1904,-1.286,-0.11211,1.319,-1.0162,0.46958,24.943,-25.063,19.937
-0.199,-1.2825,-0.072693,1.3208,-1.0279,0.48817,24.693,-24.962,20.372
-0.16203,-1.1163,-0.12721,1.3227,-1.0546,0.53104,24.693,-24.962,20.372
-0.15889,-1.0031,-0.20621,1.322,-1.0619,0.54556,23.918,-24.786,21.48
-0.1844,-0.93605,-0.41449,1.3147,-1.0112,0.51427,23.565,-25.092,21.514
0.040939,-1.509,-0.67456,1.3126,-0.96914,0.48309,23.565,-25.092,21.514
0.013107,-1.766,0.085571,1.3134,-0.95716,0.47348,23.302,-25.252,21.614
0.034332,-1.5331,0.28212,1.3147,-0.95127,0.47521,23.059,-25.207,21.925
0.15089,-1.1056,-0.10796,1.3196,-0.96425,0.51025,23.059,-25.207,21.925
0.15953,-0.75775,-0.18567,1.324,-0.95303,0.50395,22.564,-24.97,22.697
0.15655,-0.64207,-0.33505,1.3155,-0.88988,0.42173,22.653,-24.915,22.67
0.1727,-0.62814,-0.25653,1.3104,-0.85255,0.37701,22.653,-24.915,22.67
0.08078,-0.75365,-0.015106,1.3042,-0.80813,0.31959,23.17,-25.289,21.713
0.019257,-0.83276,0.025116,1.3041,-0.80165,0.30662,23.92,-25.601,20.5
-0.034256,-1.0189,-0.01767,1.3243,-0.82017,0.31646,23.92,-25.601,20.5
-0.013489,-1.0908,-0.060822,1.3396,-0.81184,0.30785,24.109,-25.497,20.408
0.077164,-1.0076,-0.12224,1.3528,-0.7844,0.28189,24.175,-25.403,20.446
0.14954,-0.87825,-0.18005,1.3654,-0.70083,0.20316,24.175,-25.403,20.446
0.19604,-0.86909,-0.12466,1.368,-0.69221,0.19579,24.888,-24.228,21.008
0.2101,-0.93085,-0.13629,1.3754,-0.68465,0.18829,24.993,-24.017,21.126
0.12225,-0.97124,-0.071808,1.403,-0.57388,0.07689,24.993,-24.017,21.126
0.081802,-0.96834,-0.067688,1.4144,-0.58759,0.078622,26.008,-22.509,21.559
-0.004074,-0.9218,-0.087219,1.4195,-0.62173,0.092424,26.435,-22.318,21.234
-0.12819,-0.87544,-0.11545,1.4204,-0.63659,0.095415,26.435,-22.318,21.234
-0.18095,-0.86171,-0.1274,1.4201,-0.65912,0.090895,26.928,-22.257,20.671
-0.24261,-0.85638,-0.11974,1.4197,-0.67806,0.080107,25.548,-26.218,17.382
-0.22397,-0.87689,-0.076828,1.421,-0.69244,0.067924,25.548,-26.218,17.382
-0.21753,-0.88274,-0.058884,1.4263,-0.69338,0.049297,26.559,-26.144,15.915
-0.18976,-0.91267,-0.071198,1.4304,-0.68958,0.037712,27.002,-25.945,15.491
-0.14165,-0.946,-0.08905,1.4399,-0.67414,0.009094,27.002,-25.945,15.491
-0.12704,-0.95898,-0.086777,1.4442,-0.6638,-0.006526,27.436,-25.641,15.231
-0.12329,-0.98546,-0.099594,1.4525,-0.64375,-0.037474,28.105,-25.094,14.919
-0.13348,-0.99599,-0.10475,1.4546,-0.64589,-0.041888,28.105,-25.094,14.919
-0.16771,-1.0228,-0.13615,1.4533,-0.66593,-0.026477,28.328,-24.907,14.813
-0.17178,-0.9971,-0.10654,1.4529,-0.67907,-0.024999,28.539,-25.007,14.225
-0.19182,-0.95094,-0.11383,1.4513,-0.69613,-0.014259,28.539,-25.007,14.225
-0.17488,-1.0627,-0.16206,1.4505,-0.70921,-0.012965,28.559,-25.219,13.806
-0.207,-1.1337,-0.11627,1.4516,-0.69598,-0.034112,28.749,-25.143,13.548
-0.23939,-1.0625,-0.065399,1.4524,-0.70935,-0.02726,28.749,-25.143,13.548
-0.34386,-0.97736,-0.065491,1.4495,-0.7679,0.026582,22.817,-22.922,19.085
-0.33691,-0.9689,-0.084137,1.4445,-0.82533,0.082304,22.61,-23.248,18.937
-0.27495,-0.98436,-0.13831,1.4432,-0.86716,0.12258,22.61,-23.248,18.937
-0.13686,-1.1499,-0.23459,1.443,-0.8815,0.13652,22.766,-23.051,18.991
0.016113,-1.1814,-0.096924,1.4502,-0.88852,0.14581,22.896,-22.847,19.081
0.070633,-1.1883,-0.08493,1.4559,-0.92724,0.18836,22.896,-22.847,19.081
0.22612,-1.1557,-0.077774,1.4587,-0.94712,0.2161,22.886,-22.462,19.545
0.44548,-1.0251,-0.063309,1.466,-1.0026,0.29648,22.486,-22.251,20.238
0.48537,-0.9017,0.006897,1.4704,-1.045,0.35169,22.486,-22.251,20.238
0.58527,-0.92494,-0.063339,1.4826,-1.1355,0.47453,21.629,-21.586,21.829
0.46922,-1.0011,-0.16174,1.4865,-1.1441,0.49963,21.629,-21.586,21.829
0.37651,-1.0752,-0.18944,1.4848,-1.1593,0.51977,21.285,-21.403,22.342
0.11874,-1.1843,-0.18092,1.4722,-1.2461,0.60383,20.976,-21.419,22.617
-0.029388,-1.2002,-0.14537,1.462,-1.2963,0.64712,20.744,-21.69,22.573
-0.28909,-1.2332,-0.12297,1.4405,-1.3657,0.69471,20.744,-21.69,22.573
-0.47777,-1.1424,-0.009003,1.4214,-1.4135,0.71996,20.737,-22.558,21.711
-0.51465,-1.0167,0.017059,1.4029,-1.4602,0.75227,20.699,-22.91,21.377
-0.37717,-0.96284,-0.04834,1.3857,-1.4788,0.76639,20.699,-22.91,21.377
-0.13846,-0.91045,-0.13648,1.3783,-1.4679,0.75864,20.463,-23.242,21.244
-0.064072,-0.8652,-0.11906,1.3688,-1.4229,0.7327,19.371,-23.891,21.547
0.00145,-0.82707,-0.040527,1.3629,-1.3623,0.70254,19.371,-23.891,21.547
0.028748,-0.8514,-0.081543,1.3569,-1.2954,0.66466,18.578,-24.13,21.975
0.010895,-0.88237,-0.10864,1.3493,-1.2241,0.6194,17.121,-24.751,22.463
-0.048416,-0.9153,-0.12669,1.3453,-1.1901,0.59676,17.121,-24.751,22.463
-0.098312,-0.86394,-0.17519,1.3367,-1.1351,0.55685,17.121,-24.751,22.463
-0.14511,-0.82205,-0.18204,1.3321,-1.1138,0.53929,16.225,-25.423,22.377
-0.24129,-0.73025,-0.17204,1.3218,-1.0799,0.50865,16.225,-25.423,22.377
-0.2952,-0.66196,-0.18596,1.308,-1.0433,0.47197,15.993,-25.765,22.15
-0.31108,-0.63727,-0.18626,1.3049,-1.0332,0.46311,15.7,-26.292,21.737
-0.30052,-0.65718,-0.20981,1.3017,-1.0156,0.45054,15.7,-26.292,21.737
-0.20544,-0.845,-0.29213,1.3015,-1.009,0.44718,15.557,-26.389,21.724
-0.13977,-1.0094,-0.32459,1.2984,-0.97411,0.42138,15.423,-26.38,21.829
-0.12404,-1.284,-0.16417,1.3052,-0.95115,0.41863,15.423,-26.38,21.829
-0.18399,-1.2366,-0.016922,1.3078,-0.95971,0.43397,14.986,-26.081,22.483
-0.19873,-1.1518,-0.039917,1.3105,-0.98041,0.46476,14.693,-25.887,22.897
-0.20688,-1.0101,-0.24085,1.3114,-0.98168,0.46886,14.693,-25.887,22.897
-0.13458,-1.0526,-0.47194,1.3078,-0.93423,0.42749,14.443,-25.965,22.968
0.024887,-1.6827,-0.64635,1.3074,-0.89305,0.38998,14.443,-25.965,22.968
-0.2476,-1.5904,0.25159,1.3082,-0.87667,0.37562,14.443,-25.965,22.968
-0.2681,-1.3823,0.28104,1.3099,-0.88531,0.39446,14.478,-26.055,22.843
-0.087082,-1.013,-0.276,1.3119,-0.88831,0.40098,14.478,-26.055,22.843
0.005432,-0.70941,-0.28772,1.3072,-0.82894,0.33181,18.625,-27.604,22.919
0.0186,-0.65033,-0.29137,1.3005,-0.80158,0.29476,19.154,-28.056,21.913
0.087814,-0.71594,-0.15048,1.291,-0.73518,0.21127,19.154,-28.056,21.913
0.037247,-0.8112,-0.027893,1.2959,-0.72254,0.19342,19.557,-28.293,21.242
-0.01358,-0.84425,-0.037872,1.2991,-0.71603,0.18632,19.857,-28.226,21.053
-0.042389,-0.9677,-0.088043,1.304,-0.70008,0.17143,19.857,-28.226,21.053
0.17641,-0.94331,-0.20428,1.3153,-0.68246,0.1556,20.213,-27.893,21.156
0.21098,-0.89676,-0.25104,1.3286,-0.58961,0.071905,21.155,-26.94,21.469
0.21907,-0.87091,-0.16576,1.3369,-0.50999,0.009218,21.155,-26.94,21.469
0.18764,-0.95338,-0.096207,1.3418,-0.49195,-0.005816,21.116,-26.786,21.698
0.15007,-0.98247,-0.062363,1.3623,-0.44629,-0.047985,21.276,-26.435,21.971
0.068985,-0.99208,-0.029388,1.3785,-0.42892,-0.065227,21.276,-26.435,21.971
0.041122,-0.97504,-0.043793,1.3974,-0.44438,-0.057903,21.925,-25.069,22.913
-0.014938,-0.89632,-0.098282,1.4032,-0.48164,-0.037453,22.176,-24.797,22.968
-0.092422,-0.82669,-0.1315,1.4037,-0.50587,-0.033056,22.176,-24.797,22.968
-0.12033,-0.81447,-0.13997,1.4027,-0.51347,-0.046988,23.01,-24.679,22.265
-0.1362,-0.83745,-0.13635,1.4029,-0.513,-0.05833,23.526,-24.683,21.713
-0.12906,-0.86833,-0.083771,1.4066,-0.50273,-0.088406,23.526,-24.683,21.713
-0.11754,-0.88406,-0.06871,1.41,-0.49253,-0.10715,24.086,-24.577,21.214
-0.08345,-0.94141,-0.079956,1.424,-0.44334,-0.17785,25.193,-23.952,20.634
-0.077377,-0.97292,-0.10558,1.4332,-0.39412,-0.23835,25.193,-23.952,20.634
-0.078232,-0.98451,-0.099655,1.4371,-0.3688,-0.26852,25.705,-23.55,20.466
-0.089096,-1.0119,-0.14542,1.4434,-0.31821,-0.32772,26.153,-23.189,20.31
-0.14223,-0.99902,-0.14056,1.446,-0.30046,-0.34983,26.153,-23.189,20.31
-0.1675,-0.99448,-0.13019,1.4502,-0.29534,-0.36518,26.535,-22.868,20.177
-0.24014,-1.0287,-0.10796,1.4521,-0.36777,-0.31274,27.126,-22.539,19.758
-0.32182,-1.0568,-0.07402,1.4523,-0.39378,-0.29302,27.126,-22.539,19.758
-0.34007,-1.1112,-0.10609,1.4528,-0.44942,-0.24649,27.248,-22.692,19.412
-0.35939,-1.1026,-0.065918,1.4535,-0.46879,-0.23038,27.455,-22.762,19.034
-0.40837,-1.0438,-0.033218,1.4557,-0.49994,-0.20566,27.455,-22.762,19.034
-0.44615,-0.94167,-0.028961,1.4513,-0.64542,-0.064594,27.553,-22.738,18.921
-0.3092,-0.90184,-0.14389,1.4343,-0.83034,0.11529,26.745,-23.773,18.809
-0.20969,-0.9801,-0.27156,1.4319,-0.77869,0.069779,26.745,-23.773,18.809
0.031326,-1.1691,-0.10449,1.4369,-0.76446,0.060596,26.892,-23.404,19.06
0.17563,-1.2552,0.001266,1.4483,-0.77145,0.077948,26.877,-23.045,19.513
0.32895,-1.1899,-0.054932,1.4537,-0.78757,0.10251,26.877,-23.045,19.513
0.50661,-1.0511,0.016098,1.464,-0.83694,0.17842,26.669,-22.712,20.177
0.57777,-0.9541,0.042328,1.4751,-0.92428,0.29306,26.142,-22.39,21.2
0.60849,-1.0393,-0.048111,1.4823,-1.0049,0.39661,26.142,-22.39,21.2
0.46074,-1.0899,-0.21046,1.4837,-1.0515,0.46041,25.099,-21.764,23.034
0.21095,-1.1368,-0.18988,1.4813,-1.074,0.48797,24.687,-21.699,23.535
0.054031,-1.1283,-0.17229,1.4646,-1.1696,0.5804,24.687,-21.699,23.535
-0.21002,-1.17,-0.15991,1.4392,-1.2572,0.64776,24.317,-21.98,23.659
-0.40733,-1.1661,-0.090698,1.4162,-1.3149,0.68222,24.091,-23.27,22.635
-0.45988,-1.1166,-0.018494,1.3975,-1.3672,0.71855,24.091,-23.27,22.635
-0.43747,-1.0172,0.041397,1.3889,-1.3902,0.73727,24.057,-23.761,22.155
-0.23456,-0.9933,-0.049438,1.3742,-1.4154,0.7617,23.489,-24.438,22.028
-0.13347,-0.96281,-0.094833,1.3679,-1.4106,0.76131,23.489,-24.438,22.028
-0.024948,-0.88048,-0.09552,1.3548,-1.3389,0.7206,22.942,-24.788,22.214
0.001816,-0.85171,-0.076157,1.3472,-1.2805,0.6859,22.227,-25.117,22.567
0.014404,-0.81113,-0.07785,1.3431,-1.2522,0.66781,22.227,-25.117,22.567
-0.039886,-0.80716,-0.097748,1.3335,-1.1968,0.63052,21.547,-25.446,22.856
-0.068466,-0.80659,-0.10724,1.3283,-1.1711,0.6121,20.395,-26.22,23.038
-0.16023,-0.77473,-0.15163,1.3178,-1.1287,0.57808,20.395,-26.22,23.038
-0.25461,-0.75705,-0.15157,1.3071,-1.0988,0.5495,20.043,-26.615,22.893
-0.29314,-0.75421,-0.1474,1.2971,-1.0801,0.52877,19.831,-26.999,22.627
-0.32422,-0.72536,-0.1579,1.2907,-1.0671,0.51484,19.831,-26.999,22.627
-0.35374,-0.68481,-0.16243,1.2887,-1.061,0.50992,19.602,-27.526,22.187
-0.36047,-0.70241,-0.18732,1.2865,-1.0512,0.50393,19.485,-27.629,22.163
-0.34293,-0.85405,-0.22568,1.2759,-1.0445,0.50225,19.485,-27.629,22.163
-0.27124,-1.1317,-0.16211,1.2716,-1.0381,0.50435,18.585,-28.427,21.924
-0.27055,-1.2077,-0.16215,1.2728,-1.0484,0.52794,18.284,-28.349,22.276
-0.2753,-1.2121,-0.11772,1.2729,-1.0547,0.54195,18.284,-28.349,22.276
-0.27254,-1.0384,-0.19371,1.2708,-1.0589,0.56178,17.872,-28.247,22.735
-0.28738,-0.99384,-0.2583,1.2685,-1.0516,0.56227,17.397,-28.257,23.089
-0.15938,-1.1263,-0.62094,1.2634,-1.0026,0.53469,17.397,-28.257,23.089
-0.058563,-1.4863,-0.66472,1.2636,-0.97572,0.51508,16.661,-28.548,23.273
-0.15082,-1.7632,-0.13445,1.2638,-0.96821,0.50911,16.593,-28.596,23.262
-0.16002,-1.295,0.16753,1.2637,-0.9585,0.51358,16.593,-28.596,23.262
0.0466,-1.1885,-0.16754,1.2646,-0.95522,0.52393,16.443,-28.614,23.346
-0.026489,-0.76914,-0.1756,1.2689,-0.9264,0.5148,15.554,-28.457,24.135
0.053925,-0.59529,-0.25201,1.2631,-0.87251,0.45275,15.554,-28.457,24.135
0.032425,-0.63138,-0.20003,1.2512,-0.81781,0.38188,15.948,-28.83,23.423
-0.035019,-0.81238,-0.010574,1.246,-0.79295,0.34787,16.639,-29.433,22.159
-0.11136,-0.9171,0.072861,1.247,-0.79117,0.34371,16.639,-29.433,22.159
-0.087372,-0.97244,0.039642,1.2677,-0.82178,0.37261,16.639,-29.433,22.159
0.05899,-1.0002,-0.088959,1.3129,-0.80123,0.35893,16.759,-29.272,22.281
0.1992,-0.90413,-0.23151,1.3185,-0.74217,0.31386,16.759,-29.272,22.281
0.25815,-0.84822,-0.2619,1.3227,-0.68436,0.27135,17.606,-28.312,22.862
0.349,-0.88782,-0.21258,1.3258,-0.6598,0.25277,17.487,-28.07,23.248
0.24625,-1.0569,-0.087173,1.3362,-0.62656,0.229,17.487,-28.07,23.248
0.15768,-1.0796,-0.007843,1.3438,-0.62382,0.22849,17.514,-27.771,23.584
0.039963,-1.0265,-0.028015,1.3633,-0.67124,0.26037,17.769,-27.263,23.983
-0.007248,-0.97221,-0.068512,1.3675,-0.70791,0.27392,17.769,-27.263,23.983
-0.13521,-0.88034,-0.13931,1.3674,-0.71899,0.27204,18.798,-26.853,23.66
-0.25569,-0.80273,-0.14468,1.3664,-0.73151,0.25593,16.896,-30.659,23.21
-0.26594,-0.79778,-0.1627,1.3664,-0.73472,0.24406,16.896,-30.659,23.21
-0.20219,-0.79996,-0.13767,1.3693,-0.73521,0.21683,18.457,-30.587,22.089
-0.15007,-0.82602,-0.085175,1.3776,-0.72706,0.18801,18.457,-30.587,22.089
-0.12607,-0.82947,-0.082703,1.3912,-0.70639,0.15367,18.457,-30.587,22.089
-0.042816,-0.9366,-0.098907,1.4068,-0.67555,0.11177,19.884,-29.911,21.774
-0.034515,-0.9776,-0.087891,1.4142,-0.6572,0.088354,20.563,-29.437,21.789
-0.045212,-0.98601,-0.073273,1.4271,-0.61751,0.039225,20.563,-29.437,21.789
-0.065659,-1.0042,-0.085571,1.4394,-0.58548,-0.003481,21.728,-28.618,21.749
-0.074036,-1.005,-0.095627,1.4481,-0.56316,-0.039031,22.265,-28.282,21.646
-0.12913,-1.0108,-0.11456,1.4528,-0.55221,-0.065447,22.265,-28.282,21.646
-0.17468,-1.0341,-0.11255,1.4534,-0.55101,-0.075326,22.756,-28.061,21.422
-0.23505,-1.0418,-0.1514,1.4526,-0.55494,-0.089455,23.595,-28.003,20.573
-0.24356,-1.0865,-0.15555,1.4518,-0.55598,-0.097318,23.595,-28.003,20.573
-0.3091,-1.0804,-0.062881,1.4511,-0.55242,-0.12397,23.961,-28.024,20.117
-0.36957,-1.0622,-0.0354,1.4524,-0.54156,-0.14852,24.305,-28,19.733
-0.3739,-1.0555,-0.062225,1.454,-0.53253,-0.16322,24.305,-28,19.733
-0.23654,-1.0526,-0.16035,1.4578,-0.53159,-0.17137,24.655,-27.923,19.405
-0.17738,-1.118,-0.25418,1.4566,-0.5411,-0.16372,24.655,-27.923,19.405
-0.079391,-1.1807,-0.15823,1.4623,-0.49559,-0.21071,25.262,-27.514,19.207
-0.025757,-1.195,-0.098755,1.4709,-0.51952,-0.19146,25.475,-27.288,19.248
-0.00148,-1.2098,-0.054764,1.4743,-0.54738,-0.15946,25.467,-27.008,19.651
0.22848,-1.1317,-0.12123,1.4837,-0.63514,-0.05689,25.467,-27.008,19.651
0.41258,-0.8895,-0.00943,1.4889,-0.70151,0.01753,25.097,-26.804,20.392
0.47611,-0.82169,0.000824,1.4966,-0.80913,0.14442,26.155,-21.661,20.537
0.46471,-0.86055,-0.13795,1.5002,-0.84468,0.20155,26.155,-21.661,20.537
0.44331,-1.1301,-0.293,1.5006,-0.88594,0.25671,25.297,-21.457,21.789
0.29883,-1.1522,-0.28705,1.4965,-0.99292,0.36441,25.093,-21.499,21.983
-0.04248,-1.1843,-0.13275,1.4892,-1.0821,0.44947,25.093,-21.499,21.983
-0.1776,-1.1675,-0.11174,1.4695,-1.2104,0.55603,24.881,-21.833,21.894
-0.34766,-1.14,-0.082535,1.4605,-1.2459,0.57762,24.881,-21.833,21.894
-0.4633,-1.017,-0.004654,1.4369,-1.3262,0.62815,24.924,-22.366,21.299
-0.49986,-0.95306,-0.018188,1.4206,-1.3657,0.65777,25.042,-23.227,20.21
-0.34578,-0.95799,-0.084305,1.4113,-1.3754,0.66603,25.042,-23.227,20.21
-0.17122,-0.91354,-0.12723,1.3955,-1.3661,0.66405,24.835,-23.635,19.992
-0.11781,-0.87849,-0.10434,1.3896,-1.351,0.65823,23.771,-24.458,20.293
-0.067978,-0.83479,-0.10132,1.3793,-1.3062,0.63923,23.771,-24.458,20.293
