-0.69284,-0.68137,-0.18515,0.7635,-1.3204,0.42566,-26.704,-39.797,3.659
-0.6929,-0.68424,-0.17923,0.76498,-1.3237,0.42856,-26.704,-39.797,3.659
-0.69072,-0.68632,-0.19008,0.76581,-1.3254,0.43004,-26.674,-39.808,3.7591
-0.69449,-0.68143,-0.19708,0.76739,-1.3278,0.43206,-26.563,-39.854,4.0489
-0.69841,-0.67551,-0.19913,0.76815,-1.3287,0.43278,-26.563,-39.854,4.0489
-0.69162,-0.68051,-0.198,0.77034,-1.3321,0.43534,-26.521,-39.877,4.0954
-0.69842,-0.67937,-0.19418,0.77203,-1.3345,0.43773,-26.454,-39.908,4.2256
-0.69849,-0.69383,-0.17836,0.77289,-1.3355,0.43892,-26.454,-39.908,4.2256
-0.70117,-0.70062,-0.17943,0.77474,-1.3382,0.44182,-26.425,-39.922,4.2759
-0.7061,-0.70433,-0.17061,0.77558,-1.3393,0.4431,-26.322,-39.967,4.4832
-0.70531,-0.69754,-0.17059,0.77692,-1.3421,0.44574,-26.322,-39.967,4.4832
-0.69859,-0.68704,-0.17935,0.77742,-1.3443,0.44738,-26.278,-39.983,4.5989
-0.69379,-0.68523,-0.18222,0.77782,-1.3457,0.44862,-26.278,-39.977,4.6421
-0.68535,-0.68339,-0.17511,0.7789,-1.3479,0.45092,-26.278,-39.977,4.6421
-0.67271,-0.69725,-0.16895,0.7796,-1.3489,0.45234,-26.2,-40.004,4.8574
-0.67548,-0.70303,-0.16901,0.78198,-1.3521,0.4567,-26.172,-40.013,4.9339
-0.67641,-0.70787,-0.16505,0.78499,-1.3554,0.46133,-26.172,-40.013,4.9339
-0.67914,-0.71944,-0.16115,0.78764,-1.36,0.46674,-26.032,-40.061,5.2696
-0.6799,-0.72627,-0.16316,0.79062,-1.3653,0.47263,-26.032,-40.061,5.2696
-0.67056,-0.74413,-0.17685,0.79262,-1.3675,0.47533,-26.032,-40.061,5.2696
-0.66095,-0.74528,-0.17665,0.79709,-1.371,0.48064,-25.849,-40.123,5.6801
-0.65375,-0.77075,-0.17455,0.79947,-1.3728,0.48336,-25.753,-40.15,5.9195
-0.61204,-0.79311,-0.17371,0.8064,-1.3777,0.49059,-25.753,-40.15,5.9195
-0.60037,-0.80211,-0.17151,0.811,-1.3801,0.49442,-25.499,-40.261,6.2543
-0.59764,-0.79501,-0.12988,0.81416,-1.3803,0.49551,-25.237,-40.417,6.3156
-0.69025,-0.72734,-0.08522,0.81885,-1.3808,0.4976,-25.237,-40.417,6.3156
-0.76152,-0.67894,-0.076736,0.81896,-1.3817,0.4988,-25.187,-40.435,6.396
-0.85959,-0.59132,-0.10735,0.8164,-1.3853,0.50082,-25.222,-40.392,6.5289
-0.86812,-0.58864,-0.157,0.80542,-1.3955,0.50351,-25.222,-40.392,6.5289
-0.83655,-0.60701,-0.17815,0.79754,-1.4035,0.50423,-25.713,-40.053,6.7012
-0.73515,-0.67459,-0.18703,0.79521,-1.4078,0.50603,-25.726,-39.978,7.0873
-0.60141,-0.77852,-0.14874,0.79503,-1.4077,0.50752,-25.726,-39.978,7.0873
-0.54364,-0.8205,-0.11891,0.80124,-1.4082,0.51522,-25.726,-39.978,7.0873
-0.49358,-0.86125,-0.08725,0.81797,-1.4074,0.52476,-25.666,-39.993,7.2238
-0.48613,-0.85651,-0.082153,0.82635,-1.407,0.53292,-25.666,-39.993,7.2238
-0.51802,-0.81126,-0.11444,0.83329,-1.4064,0.53587,-25.145,-40.3,7.3433
-0.56451,-0.7766,-0.17076,0.8367,-1.4048,0.53452,-24.764,-40.525,7.3989
-0.58975,-0.77533,-0.20096,0.84051,-1.3991,0.5278,-24.764,-40.525,7.3989
-0.6498,-0.74095,-0.20908,0.84091,-1.3953,0.52342,-24.711,-40.563,7.3669
-0.71056,-0.69336,-0.15387,0.83634,-1.3878,0.51371,-24.652,-40.658,7.0367
-0.72284,-0.6822,-0.13036,0.83153,-1.3865,0.51091,-24.652,-40.658,7.0367
-0.73885,-0.67096,-0.11089,0.82668,-1.3876,0.5112,-24.995,-40.486,6.8118
-0.74262,-0.67573,-0.10997,0.82431,-1.39,0.51216,-25.034,-40.462,6.8159
-0.74139,-0.6778,-0.11887,0.82271,-1.392,0.51321,-25.034,-40.462,6.8159
-0.7274,-0.68314,-0.13936,0.82148,-1.3948,0.5142,-25.186,-40.355,6.8899
-0.70543,-0.68842,-0.13002,0.81872,-1.3947,0.51387,-25.155,-40.363,6.9543
-0.70621,-0.70007,-0.12807,0.81685,-1.3945,0.51446,-25.155,-40.363,6.9543
-0.69299,-0.73251,-0.12882,0.81672,-1.3953,0.51637,-25.277,-40.295,6.9091
-0.67912,-0.74361,-0.13843,0.81675,-1.3958,0.51748,-25.272,-40.29,6.9551
-0.66647,-0.74397,-0.14609,0.81739,-1.3958,0.51903,-25.272,-40.29,6.9551
-0.63527,-0.74771,-0.16525,0.8192,-1.3917,0.51712,-25.243,-40.321,6.8787
-0.60306,-0.767,-0.17152,0.82044,-1.3886,0.51529,-25.233,-40.333,6.8481
-0.6059,-0.76887,-0.1716,0.82208,-1.3852,0.5132,-25.233,-40.333,6.8481
-0.60786,-0.77269,-0.1657,0.82345,-1.3828,0.51162,-25.098,-40.446,6.6732
-0.61641,-0.77446,-0.16786,0.82567,-1.3787,0.50861,-25.104,-40.457,6.5852
-0.62135,-0.76657,-0.16893,0.82647,-1.3766,0.50696,-25.104,-40.457,6.5852
-0.62797,-0.76067,-0.17798,0.82637,-1.3707,0.5019,-25.021,-40.535,6.4161
-0.63786,-0.74875,-0.17717,0.82481,-1.3669,0.49757,-25.069,-40.519,6.3315
-0.65578,-0.73167,-0.16368,0.82396,-1.3641,0.49453,-25.069,-40.519,6.3315
-0.68324,-0.71345,-0.15431,0.82101,-1.3619,0.49066,-25.083,-40.544,6.1119
-0.69096,-0.71329,-0.15349,0.819,-1.3609,0.48886,-25.288,-40.452,5.8677
-0.70392,-0.72186,-0.16563,0.81537,-1.3591,0.48547,-25.288,-40.452,5.8677
-0.70628,-0.74132,-0.16966,0.81137,-1.3561,0.48163,-25.385,-40.405,5.775
-0.70943,-0.73729,-0.16179,0.80758,-1.3536,0.4789,-25.629,-40.288,5.5065
-0.68222,-0.7525,-0.16225,0.8041,-1.3521,0.47745,-25.629,-40.288,5.5065
-0.63705,-0.77092,-0.14848,0.80266,-1.3508,0.47648,-25.754,-40.218,5.4333
-0.61566,-0.79567,-0.13815,0.80066,-1.3466,0.47427,-25.853,-40.176,5.2717
-0.59868,-0.79208,-0.12892,0.80406,-1.3412,0.47223,-25.853,-40.176,5.2717
-0.67265,-0.71048,-0.1165,0.80203,-1.337,0.47063,-25.886,-40.201,4.9077
-0.70232,-0.66635,-0.16159,0.79726,-1.3359,0.46814,-26.138,-40.059,4.7296
-0.70517,-0.61676,-0.29619,0.79285,-1.3332,0.46402,-26.138,-40.059,4.7296
-0.70268,-0.59251,-0.30205,0.78379,-1.3234,0.45325,-26.308,-39.965,4.5877
-0.70818,-0.58344,-0.28041,0.77975,-1.3192,0.44928,-26.447,-39.892,4.413
-0.71997,-0.5937,-0.2569,0.77056,-1.3161,0.44664,-26.447,-39.892,4.413
-0.72031,-0.59262,-0.24304,0.76587,-1.3166,0.44867,-26.857,-39.654,4.066
-0.72699,-0.58246,-0.21152,0.76295,-1.3164,0.44931,-27.155,-39.464,3.9322
-0.71994,-0.61656,-0.19359,0.76096,-1.3174,0.45031,-27.155,-39.464,3.9322
-0.7187,-0.64374,-0.18071,0.7602,-1.3178,0.45019,-27.289,-39.37,3.9534
-0.73218,-0.66953,-0.15329,0.76163,-1.3198,0.44995,-27.289,-39.37,3.9534
-0.75246,-0.67966,-0.13689,0.76299,-1.326,0.45233,-27.181,-39.437,4.0319
-0.75171,-0.67766,-0.12996,0.76446,-1.3334,0.4554,-27.142,-39.442,4.2402
-0.74774,-0.66716,-0.14571,0.76553,-1.3396,0.45745,-27.142,-39.442,4.2402
-0.72534,-0.66583,-0.16205,0.76548,-1.3422,0.45786,-26.965,-39.524,4.5914
-0.71716,-0.66814,-0.18169,0.76657,-1.3445,0.45608,-26.963,-39.513,4.6923
-0.70328,-0.67345,-0.19823,0.76621,-1.3439,0.45377,-26.963,-39.513,4.6923
-0.688,-0.67375,-0.19397,0.7681,-1.3432,0.44784,-26.914,-39.554,4.6319
-0.68527,-0.67279,-0.18895,0.76972,-1.3437,0.44551,-26.812,-39.622,4.6396
-0.67648,-0.67981,-0.18877,0.77061,-1.3439,0.44455,-26.812,-39.622,4.6396
-0.66966,-0.68387,-0.19063,0.7727,-1.3453,0.44376,-26.638,-39.738,4.647
-0.6696,-0.69258,-0.18471,0.77408,-1.3455,0.44336,-26.543,-39.792,4.7275
-0.6832,-0.69414,-0.17508,0.77639,-1.3474,0.44416,-26.543,-39.792,4.7275
-0.68315,-0.70192,-0.17014,0.77883,-1.3526,0.44849,-26.431,-39.866,4.7372
-0.6868,-0.71251,-0.16824,0.77959,-1.3546,0.45054,-26.326,-39.905,4.9882
-0.6792,-0.71845,-0.15918,0.78111,-1.3593,0.45577,-26.326,-39.905,4.9882
-0.68024,-0.71938,-0.15526,0.78218,-1.3613,0.45839,-26.305,-39.894,5.1832
-0.683,-0.71356,-0.16519,0.78409,-1.3654,0.46365,-26.22,-39.906,5.5118
-0.68117,-0.70294,-0.17209,0.78694,-1.3702,0.47006,-26.22,-39.906,5.5118
-0.683,-0.70003,-0.17804,0.78783,-1.371,0.47126,-26.175,-39.921,5.6097
-0.68816,-0.71077,-0.194,0.79004,-1.3737,0.4741,-26.114,-39.939,5.7671
-0.7023,-0.7202,-0.19626,0.79121,-1.3742,0.47482,-26.114,-39.939,5.7671
-0.71828,-0.71578,-0.17285,0.79336,-1.3774,0.47774,-26.031,-39.97,5.9224
-0.744,-0.72456,-0.12884,0.79355,-1.3789,0.47927,-25.963,-39.984,6.1222
-0.74538,-0.707,-0.12788,0.79023,-1.3903,0.48975,-25.963,-39.984,6.1222
-0.72493,-0.70915,-0.096786,0.78723,-1.4021,0.50095,-26.023,-39.91,6.3493
-0.69328,-0.7411,-0.10803,0.78696,-1.4081,0.50687,-26.175,-39.753,6.6984
-0.69174,-0.7323,-0.1001,0.78819,-1.4165,0.51758,-26.175,-39.753,6.6984
-0.7039,-0.70377,-0.098328,0.7893,-1.419,0.52219,-26.248,-39.584,7.3815
-0.73975,-0.66036,-0.12476,0.78954,-1.4239,0.52993,-26.224,-39.562,7.5766
-0.73932,-0.66147,-0.14256,0.78602,-1.4318,0.53998,-26.224,-39.562,7.5766
-0.68733,-0.69105,-0.16528,0.78525,-1.4329,0.54258,-26.429,-39.363,7.8988
-0.6261,-0.74005,-0.15418,0.78715,-1.434,0.54805,-26.43,-39.325,8.0823
-0.60565,-0.77151,-0.13696,0.78981,-1.433,0.55017,-26.43,-39.325,8.0823
-0.56064,-0.83759,-0.11432,0.79791,-1.4319,0.55549,-26.283,-39.427,8.0645
-0.53931,-0.86809,-0.095108,0.80885,-1.4323,0.56152,-26.224,-39.44,8.1903
-0.54048,-0.85832,-0.094131,0.81603,-1.4334,0.56634,-26.224,-39.44,8.1903
-0.58646,-0.80675,-0.10494,0.82393,-1.4325,0.56649,-25.706,-39.735,8.4033
-0.63794,-0.73773,-0.14154,0.82594,-1.4312,0.56461,-25.414,-39.927,8.3833
-0.6701,-0.6982,-0.15701,0.82607,-1.4282,0.5588,-25.414,-39.927,8.3833
-0.73082,-0.64325,-0.15424,0.82459,-1.4249,0.55446,-25.372,-39.963,8.3363
-0.77797,-0.61766,-0.12848,0.81513,-1.4187,0.54407,-25.592,-39.907,7.9214
-0.78694,-0.6212,-0.11084,0.80603,-1.4183,0.54085,-25.592,-39.907,7.9214
-0.79485,-0.63736,-0.08429,0.80202,-1.4197,0.54102,-25.948,-39.702,7.7922
-0.77469,-0.64748,-0.075974,0.79823,-1.4229,0.54281,-26.051,-39.621,7.8624
-0.7583,-0.64786,-0.078613,0.796,-1.4252,0.54461,-26.051,-39.621,7.8624
-0.72458,-0.67799,-0.098724,0.79333,-1.4277,0.54725,-26.237,-39.48,7.9563
-0.70773,-0.69501,-0.10731,0.79465,-1.4272,0.54918,-26.194,-39.503,7.9843
-0.67688,-0.73764,-0.11562,0.79574,-1.4262,0.54959,-26.194,-39.503,7.9843
-0.65185,-0.77043,-0.13097,0.79864,-1.4239,0.55059,-26.183,-39.517,7.9495
-0.63611,-0.77869,-0.14154,0.80086,-1.422,0.55053,-25.971,-39.678,7.8395
-0.60582,-0.78342,-0.1617,0.80555,-1.4166,0.54906,-25.971,-39.678,7.8395
-0.5892,-0.77905,-0.17918,0.81073,-1.4091,0.54522,-25.935,-39.713,7.7799
-0.5824,-0.77731,-0.18498,0.81372,-1.4024,0.5411,-25.726,-39.897,7.5317
-0.59215,-0.77704,-0.17726,0.81776,-1.3942,0.53477,-25.726,-39.897,7.5317
-0.60957,-0.76982,-0.17761,0.81923,-1.3903,0.53152,-25.516,-40.103,7.1432
-0.61645,-0.76381,-0.17575,0.81989,-1.3849,0.52608,-25.517,-40.124,7.0178
-0.63289,-0.74989,-0.18399,0.82043,-1.3814,0.52247,-25.517,-40.124,7.0178
-0.66133,-0.72485,-0.1796,0.81876,-1.3719,0.51162,-25.487,-40.218,6.5779
-0.66252,-0.71703,-0.17667,0.81602,-1.3653,0.50317,-25.487,-40.218,6.5779
-0.67683,-0.71964,-0.17793,0.81435,-1.3625,0.49912,-25.487,-40.218,6.5779
-0.68309,-0.71159,-0.16321,0.81156,-1.3577,0.49142,-25.607,-40.216,6.1084
-0.69098,-0.71619,-0.14954,0.80994,-1.3552,0.48751,-25.654,-40.212,5.9303
-0.67967,-0.73506,-0.16516,0.80685,-1.3516,0.48047,-25.654,-40.212,5.9303
-0.68155,-0.73503,-0.16716,0.80375,-1.3437,0.46871,-25.769,-40.202,5.4818
-0.69347,-0.72784,-0.15555,0.80278,-1.3411,0.46553,-25.796,-40.22,5.2231
-0.71542,-0.70192,-0.14212,0.79964,-1.3374,0.46001,-25.796,-40.22,5.2231
-0.71034,-0.69634,-0.15981,0.79742,-1.336,0.45758,-25.854,-40.206,5.0358
-0.69174,-0.70691,-0.2099,0.79314,-1.3308,0.45122,-26.074,-40.109,4.6572
-0.66717,-0.71443,-0.22821,0.78956,-1.3245,0.44444,-26.074,-40.109,4.6572
-0.64412,-0.71301,-0.2317,0.78782,-1.3235,0.44246,-26.169,-40.081,4.3611
-0.62036,-0.69705,-0.23715,0.78387,-1.3141,0.43299,-26.169,-40.081,4.3611
-0.64574,-0.65442,-0.21585,0.78265,-1.3099,0.42957,-26.281,-40.02,4.2457
-0.67313,-0.63527,-0.21045,0.78045,-1.3052,0.42434,-26.328,-40.021,3.9347
-0.71757,-0.61098,-0.21925,0.77875,-1.3035,0.42119,-26.536,-39.92,3.5466
-0.7538,-0.61896,-0.22099,0.77354,-1.3025,0.41274,-26.536,-39.92,3.5466
-0.77721,-0.61928,-0.20366,0.76894,-1.3047,0.41011,-26.517,-39.937,3.4892
-0.8011,-0.62711,-0.15665,0.7668,-1.3079,0.4108,-26.673,-39.829,3.5361
-0.79335,-0.61923,-0.12482,0.76508,-1.3151,0.41435,-26.673,-39.829,3.5361
-0.78325,-0.61446,-0.10977,0.76319,-1.32,0.41784,-26.66,-39.821,3.7231
-0.76971,-0.61577,-0.11345,0.75982,-1.3295,0.42525,-26.876,-39.649,3.9968
-0.76361,-0.6199,-0.12521,0.75735,-1.3395,0.43148,-26.876,-39.649,3.9968
-0.76039,-0.62624,-0.1776,0.7561,-1.3426,0.43295,-27.016,-39.515,4.3594
-0.73567,-0.64734,-0.18996,0.75581,-1.3462,0.43423,-26.976,-39.528,4.4877
-0.70912,-0.66363,-0.20329,0.75511,-1.3461,0.43396,-26.976,-39.528,4.4877
-0.69322,-0.68736,-0.20497,0.75666,-1.3477,0.43527,-27.027,-39.49,4.5185
-0.66687,-0.71323,-0.2005,0.75965,-1.3479,0.43663,-27.027,-39.49,4.5185
-0.65151,-0.71358,-0.20116,0.76318,-1.3492,0.43917,-26.961,-39.522,4.6299
-0.64218,-0.70886,-0.19405,0.76787,-1.3488,0.44097,-26.767,-39.636,4.7798
-0.63942,-0.69632,-0.20091,0.76993,-1.3486,0.44182,-26.606,-39.742,4.7962
-0.64919,-0.68829,-0.20012,0.77267,-1.3496,0.44421,-26.606,-39.742,4.7962
-0.66571,-0.6869,-0.19252,0.77395,-1.3496,0.4448,-26.468,-39.819,4.9167
-0.67636,-0.68567,-0.18877,0.77555,-1.3518,0.44738,-26.427,-39.829,5.0554
-0.69305,-0.68805,-0.16936,0.7771,-1.3565,0.45244,-26.427,-39.829,5.0554
-0.70776,-0.68953,-0.15381,0.7774,-1.3592,0.45504,-26.423,-39.818,5.1625
-0.71449,-0.69421,-0.14803,0.77827,-1.3653,0.46121,-26.375,-39.79,5.6038
-0.71545,-0.70096,-0.14212,0.77859,-1.3684,0.46447,-26.375,-39.79,5.6038
-0.69952,-0.71602,-0.15366,0.77993,-1.3742,0.47074,-26.386,-39.754,5.8036
-0.67865,-0.73801,-0.16513,0.78459,-1.3816,0.47952,-26.386,-39.754,5.8036
-0.65999,-0.74147,-0.18059,0.78687,-1.3832,0.48192,-26.322,-39.762,6.0355
-0.62944,-0.76466,-0.19481,0.79135,-1.3855,0.4865,-26.211,-39.811,6.19
-0.63033,-0.77335,-0.18991,0.79422,-1.3854,0.48817,-25.9,-39.979,6.4149
-0.65166,-0.75989,-0.14973,0.7988,-1.3867,0.4932,-25.9,-39.979,6.4149
-0.69498,-0.7334,-0.12588,0.80064,-1.392,0.50047,-25.877,-39.961,6.6184
-0.72354,-0.70738,-0.11655,0.79944,-1.3995,0.5082,-25.904,-39.866,7.0663
-0.75438,-0.65897,-0.11418,0.79552,-1.4068,0.51393,-25.904,-39.866,7.0663
-0.76247,-0.65611,-0.14204,0.79314,-1.4095,0.5155,-26.108,-39.701,7.2447
-0.76486,-0.66782,-0.151,0.79137,-1.4142,0.51805,-26.117,-39.666,7.4057
-0.73086,-0.69675,-0.1434,0.7904,-1.4161,0.51928,-26.117,-39.666,7.4057
-0.70665,-0.71957,-0.13106,0.79196,-1.4209,0.52371,-26.106,-39.618,7.6943
-0.62538,-0.76414,-0.12053,0.79885,-1.4239,0.53159,-25.88,-39.745,7.8018
-0.5634,-0.81209,-0.10053,0.80283,-1.4242,0.53422,-25.88,-39.745,7.8018
-0.54498,-0.82996,-0.092209,0.80916,-1.4242,0.5381,-25.792,-39.778,7.9243
-0.56458,-0.81003,-0.092606,0.81413,-1.4238,0.53914,-25.792,-39.778,7.9243
-0.61296,-0.77019,-0.11238,0.82121,-1.4228,0.53913,-25.697,-39.827,7.986
-0.63998,-0.74634,-0.12775,0.82365,-1.4204,0.53459,-25.234,-40.12,7.9941
-0.69618,-0.6985,-0.14766,0.82283,-1.4187,0.53195,-25.234,-40.12,7.9941
-0.74304,-0.66626,-0.14265,0.81943,-1.4164,0.52739,-25.167,-40.186,7.8717
-0.76358,-0.65602,-0.13513,0.81627,-1.4153,0.52526,-25.199,-40.18,7.8033
-0.76851,-0.66066,-0.12434,0.80937,-1.4144,0.52271,-25.199,-40.18,7.8033
-0.742,-0.66017,-0.10896,0.80347,-1.4145,0.52251,-25.525,-40.013,7.5999
-0.72977,-0.66132,-0.097824,0.80076,-1.4154,0.52416,-25.783,-39.857,7.5453
-0.71628,-0.67517,-0.086685,0.79811,-1.4172,0.52742,-25.783,-39.857,7.5453
-0.71561,-0.69089,-0.10153,0.7973,-1.4181,0.52905,-25.972,-39.722,7.6145
-0.70932,-0.69798,-0.11922,0.79662,-1.4192,0.53185,-25.991,-39.699,7.6652
-0.70091,-0.7081,-0.14181,0.79612,-1.419,0.53253,-25.991,-39.699,7.6652
-0.68983,-0.72012,-0.15346,0.79574,-1.4175,0.53287,-26.06,-39.663,7.6145
-0.66327,-0.74318,-0.16187,0.79672,-1.4114,0.53087,-26.078,-39.654,7.6062
-0.63481,-0.76915,-0.16527,0.79787,-1.409,0.53015,-26.078,-39.654,7.6062
-0.61559,-0.77445,-0.1619,0.79957,-1.406,0.52972,-26.057,-39.701,7.4246
-0.59035,-0.78284,-0.16734,0.80177,-1.4035,0.52865,-26.057,-39.706,7.3996
-0.58344,-0.78401,-0.17511,0.8042,-1.3995,0.52684,-26.057,-39.706,7.3996
-0.58522,-0.78499,-0.18008,0.80844,-1.3928,0.52219,-25.883,-39.85,7.2351
-0.60207,-0.7709,-0.16954,0.80944,-1.3883,0.5181,-25.712,-40.017,6.9195
-0.6203,-0.76373,-0.17584,0.80901,-1.3843,0.51318,-25.712,-40.017,6.9195
-0.63214,-0.74886,-0.17508,0.80899,-1.3814,0.50984,-25.755,-40.005,6.8217
-0.66577,-0.72554,-0.15297,0.80717,-1.3763,0.5033,-25.806,-40.035,6.4454
-0.68553,-0.73682,-0.15836,0.80359,-1.3719,0.49686,-25.806,-40.035,6.4454
-0.69504,-0.74147,-0.15755,0.79956,-1.3673,0.49027,-25.913,-40.002,6.22
-0.71849,-0.735,-0.14418,0.79475,-1.3633,0.48365,-26.037,-39.951,6.0222
-0.70151,-0.75107,-0.15967,0.7923,-1.3612,0.48008,-26.037,-39.951,6.0222
-0.67831,-0.71846,-0.1562,0.78813,-1.3562,0.47334,-26.193,-39.881,5.8091
-0.67073,-0.6564,-0.16888,0.78627,-1.3533,0.47014,-26.472,-39.763,5.3327
-0.67956,-0.62233,-0.19276,0.78165,-1.3467,0.46256,-26.472,-39.763,5.3327
-0.70796,-0.56674,-0.26256,0.77178,-1.3301,0.44455,-26.587,-39.721,5.0665
-0.75748,-0.56869,-0.27742,0.76778,-1.3242,0.43804,-26.863,-39.606,4.4807
-0.7868,-0.61166,-0.25333,0.76232,-1.3187,0.42937,-26.863,-39.606,4.4807
-0.77795,-0.64094,-0.23534,0.7588,-1.3179,0.42684,-26.94,-39.603,4.0192
-0.73576,-0.69017,-0.18803,0.75445,-1.3207,0.42589,-27.195,-39.441,3.8883
-0.70547,-0.69746,-0.16269,0.7533,-1.3256,0.42802,-27.195,-39.441,3.8883
-0.67007,-0.6853,-0.1273,0.75402,-1.3285,0.43008,-27.252,-39.378,4.1291
-0.66585,-0.64945,-0.1371,0.7558,-1.3302,0.43142,-27.223,-39.393,4.1774
-0.6684,-0.64275,-0.15793,0.7568,-1.3315,0.4321,-27.223,-39.393,4.1774
-0.71605,-0.63309,-0.18065,0.75823,-1.3333,0.43221,-27.155,-39.432,4.2527
-0.74991,-0.66156,-0.18236,0.75795,-1.3373,0.43307,-27.064,-39.485,4.3354
-0.75673,-0.66719,-0.17261,0.75857,-1.3438,0.43518,-27.064,-39.485,4.3354
-0.75217,-0.673,-0.15668,0.75876,-1.3499,0.43769,-27.033,-39.473,4.6301
-0.74672,-0.64078,-0.13181,0.75887,-1.3526,0.4389,-27.037,-39.45,4.7952
-0.74411,-0.62332,-0.13571,0.75948,-1.3561,0.43979,-27.037,-39.45,4.7952
-0.75931,-0.60181,-0.1637,0.75884,-1.3576,0.43964,-26.958,-39.49,4.9108
-0.76736,-0.6028,-0.18762,0.75818,-1.3592,0.43732,-26.962,-39.479,4.9747
-0.76953,-0.61461,-0.20845,0.75395,-1.3617,0.43265,-26.962,-39.479,4.9747
-0.73318,-0.65051,-0.2117,0.75334,-1.3619,0.43128,-27.066,-39.416,4.9114
-0.71373,-0.6694,-0.20635,0.7551,-1.363,0.43104,-26.86,-39.531,5.1116
-0.67342,-0.7012,-0.17688,0.75715,-1.363,0.43146,-26.86,-39.531,5.1116
-0.64539,-0.73282,-0.15654,0.76285,-1.364,0.43453,-26.86,-39.531,5.1116
-0.62503,-0.74301,-0.15613,0.77017,-1.3667,0.43951,-26.596,-39.684,5.306
-0.60663,-0.74829,-0.15872,0.77611,-1.3704,0.44555,-26.596,-39.684,5.306
-0.61336,-0.75299,-0.15391,0.78159,-1.3742,0.45161,-26.32,-39.844,5.4785
-0.6326,-0.74481,-0.15826,0.78623,-1.3752,0.45373,-25.967,-40.021,5.8602
-0.68289,-0.74258,-0.14246,0.78976,-1.3806,0.45988,-25.967,-40.021,5.8602
-0.70984,-0.73132,-0.14894,0.79116,-1.3839,0.46311,-25.906,-40.023,6.1103
-0.71542,-0.71063,-0.1342,0.79197,-1.3969,0.47404,-25.863,-40.015,6.345
-0.73463,-0.68184,-0.11774,0.78958,-1.4069,0.48229,-25.863,-40.015,6.345
-0.71982,-0.68617,-0.13228,0.7883,-1.4113,0.48577,-26,-39.821,6.9687
-0.71077,-0.69908,-0.13805,0.78746,-1.4181,0.49143,-26.022,-39.758,7.2414
-0.68944,-0.70834,-0.13959,0.78751,-1.42,0.4936,-26.022,-39.758,7.2414
-0.69936,-0.72444,-0.11012,0.78929,-1.4235,0.49878,-25.968,-39.741,7.5239
-0.70335,-0.73685,-0.091415,0.79316,-1.4318,0.50861,-25.968,-39.741,7.5239
-0.73242,-0.74576,-0.06926,0.79449,-1.4359,0.51291,-25.968,-39.741,7.5239
-0.74559,-0.73592,-0.091293,0.79712,-1.4439,0.52111,-25.804,-39.753,8.0103
-0.73756,-0.73039,-0.11092,0.798,-1.4473,0.52447,-25.709,-39.759,8.28
-0.68765,-0.73862,-0.14752,0.79991,-1.4511,0.52896,-25.709,-39.759,8.28
-0.65984,-0.7402,-0.14595,0.80288,-1.4484,0.52928,-25.595,-39.771,8.5723
-0.58626,-0.76817,-0.15041,0.80792,-1.4431,0.52934,-25.517,-39.848,8.4469
-0.54411,-0.79807,-0.1189,0.81239,-1.4406,0.53242,-25.517,-39.848,8.4469
-0.53943,-0.80681,-0.10495,0.81651,-1.4392,0.53368,-25.493,-39.857,8.474
-0.57335,-0.80304,-0.093781,0.82151,-1.4402,0.5369,-25.124,-40.081,8.5199
-0.63042,-0.75619,-0.11667,0.82488,-1.4409,0.53748,-25.124,-40.081,8.5199
-0.65872,-0.72353,-0.12613,0.82788,-1.4401,0.53341,-24.899,-40.219,8.5321
-0.70561,-0.68544,-0.12506,0.82788,-1.4401,0.53341,-24.899,-40.219,8.5321
-0.73131,-0.67784,-0.098862,0.82235,-1.4377,0.52659,-24.881,-40.23,8.5328
-0.74521,-0.67543,-0.079361,0.81783,-1.4381,0.5247,-25.051,-40.158,8.3704
-0.75917,-0.6817,-0.049957,0.81488,-1.4392,0.52504,-25.383,-39.949,8.3736
-0.75328,-0.68382,-0.054779,0.81155,-1.4416,0.52681,-25.383,-39.949,8.3736
-0.74825,-0.67725,-0.070511,0.80775,-1.4434,0.52887,-25.439,-39.908,8.4002
-0.72969,-0.67715,-0.12853,0.80643,-1.4425,0.52853,-25.604,-39.809,8.3664
-0.70711,-0.69427,-0.13501,0.80441,-1.4384,0.52604,-25.604,-39.809,8.3664
-0.70023,-0.70219,-0.13487,0.8039,-1.4361,0.52479,-25.599,-39.825,8.3052
-0.68155,-0.72018,-0.13846,0.80398,-1.4332,0.52411,-25.669,-39.814,8.1381
-0.66289,-0.73717,-0.14108,0.80491,-1.4292,0.52313,-25.669,-39.814,8.1381
-0.6483,-0.74336,-0.14473,0.80684,-1.4251,0.52219,-25.636,-39.869,7.975
-0.63379,-0.75244,-0.14146,0.80803,-1.4228,0.52217,-25.64,-39.869,7.9586
-0.62688,-0.75265,-0.15024,0.80916,-1.4209,0.52151,-25.64,-39.869,7.9586
-0.62727,-0.76446,-0.16411,0.81025,-1.4172,0.51982,-25.56,-39.946,7.826
-0.62743,-0.75957,-0.16212,0.81134,-1.414,0.51777,-25.56,-39.946,7.826
-0.63236,-0.75842,-0.15628,0.81403,-1.4054,0.511,-25.573,-39.948,7.7738
-0.63045,-0.75847,-0.15624,0.81458,-1.4016,0.50724,-25.498,-40.054,7.4705
-0.63353,-0.76027,-0.14542,0.81536,-1.3992,0.50504,-25.419,-40.142,7.2682
-0.63649,-0.75533,-0.14648,0.8164,-1.3946,0.50074,-25.419,-40.142,7.2682
-0.63637,-0.75539,-0.15241,0.81664,-1.3922,0.49846,-25.386,-40.213,6.9865
-0.64481,-0.75816,-0.15755,0.81567,-1.3876,0.49376,-25.386,-40.213,6.9865
-0.65268,-0.75018,-0.15669,0.81312,-1.3795,0.48431,-25.445,-40.199,6.8479
-0.67184,-0.74686,-0.16005,0.81186,-1.3769,0.48086,-25.466,-40.227,6.598
-0.68954,-0.72603,-0.16038,0.80863,-1.371,0.4733,-25.466,-40.227,6.598
-0.69842,-0.71416,-0.16154,0.80647,-1.3682,0.46949,-25.657,-40.166,6.2223
-0.71584,-0.66505,-0.1599,0.80195,-1.3629,0.46195,-25.789,-40.124,5.9395
-0.71213,-0.64868,-0.16972,0.79537,-1.3562,0.45364,-25.789,-40.124,5.9395
-0.70641,-0.65202,-0.2072,0.78932,-1.3477,0.44515,-25.899,-40.088,5.7008
-0.67949,-0.68778,-0.21854,0.78571,-1.3418,0.4395,-26.128,-39.989,5.3432
-0.67573,-0.69943,-0.20363,0.78395,-1.3388,0.43698,-26.128,-39.989,5.3432
-0.6749,-0.72356,-0.17493,0.78103,-1.3356,0.43425,-26.323,-39.923,4.8498
-0.68774,-0.71539,-0.16629,0.77965,-1.3337,0.43247,-26.435,-39.863,4.7318
-0.70825,-0.69066,-0.17363,0.77416,-1.3302,0.42661,-26.435,-39.863,4.7318
-0.73486,-0.62991,-0.19983,0.76991,-1.3294,0.42238,-26.636,-39.764,4.4373
-0.73801,-0.57626,-0.19688,0.76634,-1.3289,0.42026,-26.868,-39.627,4.2555
-0.7151,-0.56609,-0.20136,0.75988,-1.3279,0.4167,-26.868,-39.627,4.2555
-0.7251,-0.60086,-0.19267,0.7576,-1.3274,0.41541,-26.926,-39.593,4.2039
-0.74263,-0.65677,-0.17035,0.7562,-1.3278,0.41488,-27.102,-39.485,4.0902
-0.75108,-0.67307,-0.16258,0.75553,-1.3333,0.4181,-27.102,-39.485,4.0902
-0.76567,-0.67749,-0.14905,0.75555,-1.336,0.41974,-27.153,-39.438,4.2013
-0.76402,-0.66005,-0.15395,0.75518,-1.3414,0.42277,-27.11,-39.453,4.3376
-0.75636,-0.65248,-0.15973,0.75489,-1.3437,0.42367,-27.11,-39.453,4.3376
-0.73991,-0.64421,-0.17422,0.75548,-1.3471,0.42419,-27.054,-39.477,4.4647
-0.72726,-0.65324,-0.17398,0.7557,-1.3493,0.42353,-27.01,-39.484,4.6647
-0.70895,-0.65561,-0.17558,0.75715,-1.3507,0.42261,-27.01,-39.484,4.6647
-0.71574,-0.65833,-0.1698,0.75963,-1.3521,0.42233,-26.985,-39.499,4.6887
-0.71971,-0.65626,-0.16591,0.76066,-1.3527,0.42227,-26.863,-39.573,4.7652
-0.7225,-0.66011,-0.16597,0.76325,-1.3547,0.42289,-26.863,-39.573,4.7652
-0.71033,-0.68283,-0.17364,0.76419,-1.3558,0.42332,-26.673,-39.687,4.8791
-0.69463,-0.69296,-0.18027,0.76849,-1.3587,0.42488,-26.614,-39.719,4.937
-0.65759,-0.71332,-0.18645,0.77253,-1.3608,0.42774,-26.614,-39.719,4.937
-0.62952,-0.74011,-0.17206,0.77549,-1.3614,0.4297,-26.3,-39.905,5.1194
-0.62268,-0.74803,-0.16994,0.78206,-1.3638,0.43588,-26.198,-39.946,5.3186
-0.61204,-0.74542,-0.17664,0.78534,-1.3657,0.43968,-26.198,-39.946,5.3186
-0.6185,-0.73377,-0.19954,0.78946,-1.3706,0.44725,-25.974,-40.067,5.5016
-0.62601,-0.73462,-0.20563,0.79453,-1.3758,0.45403,-25.92,-40.066,5.7626
-0.63577,-0.73338,-0.19989,0.79638,-1.3764,0.45484,-25.92,-40.066,5.7626
-0.65649,-0.73077,-0.17656,0.79977,-1.3787,0.45703,-25.729,-40.148,6.0381
-0.66461,-0.72369,-0.16284,0.80119,-1.3806,0.45881,-25.659,-40.16,6.2556
-0.68539,-0.71815,-0.13951,0.80313,-1.3865,0.46377,-25.659,-40.16,6.2556
-0.68715,-0.72302,-0.14253,0.80431,-1.3923,0.46825,-25.562,-40.203,6.372
-0.69286,-0.74643,-0.16444,0.8057,-1.3965,0.471,-25.472,-40.198,6.7565
-0.69237,-0.74821,-0.14168,0.80687,-1.4014,0.47418,-25.472,-40.198,6.7565
-0.70238,-0.72719,-0.10031,0.8069,-1.4044,0.47609,-25.42,-40.198,6.9489
-0.71932,-0.71887,-0.080841,0.805,-1.4147,0.48153,-25.436,-40.115,7.3558
-0.70372,-0.70384,-0.10625,0.80371,-1.4197,0.48383,-25.436,-40.115,7.3558
-0.70511,-0.68436,-0.10625,0.80131,-1.4279,0.48889,-25.498,-40.04,7.5494
-0.72661,-0.66438,-0.10767,0.7999,-1.433,0.49247,-25.509,-40.003,7.7011
-0.71976,-0.69974,-0.12241,0.79865,-1.4353,0.49358,-25.509,-40.003,7.7011
-0.69881,-0.7314,-0.12795,0.79842,-1.4387,0.49517,-25.643,-39.895,7.8193
-0.67299,-0.78639,-0.11459,0.79978,-1.4401,0.49635,-25.523,-39.925,8.0533
-0.64897,-0.78467,-0.0755,0.80316,-1.4435,0.50096,-25.523,-39.925,8.0533
-0.64566,-0.77004,-0.065536,0.80894,-1.4477,0.50901,-25.447,-39.94,8.2183
-0.64731,-0.73399,-0.069504,0.81143,-1.4492,0.51135,-25.274,-40.016,8.3827
-0.6552,-0.71251,-0.080521,0.81249,-1.4492,0.51289,-25.274,-40.016,8.3827
-0.67622,-0.68501,-0.10962,0.81229,-1.4484,0.51255,-25.223,-40.029,8.4744
-0.68434,-0.69469,-0.12366,0.81136,-1.447,0.51083,-25.262,-40.022,8.3904
-0.69769,-0.70796,-0.11502,0.80954,-1.4447,0.50847,-25.262,-40.022,8.3904
-0.70354,-0.72324,-0.096359,0.80832,-1.4444,0.50833,-25.362,-39.983,8.2745
-0.69948,-0.73404,-0.095291,0.8081,-1.4444,0.50934,-25.377,-39.968,8.2968
-0.69946,-0.72826,-0.10124,0.80805,-1.444,0.50962,-25.377,-39.968,8.2968
-0.69006,-0.71004,-0.10992,0.80763,-1.4421,0.50915,-25.403,-39.959,8.2618
-0.68842,-0.69836,-0.10989,0.80714,-1.4407,0.50851,-25.421,-39.955,8.2247
-0.68439,-0.70046,-0.11574,0.80534,-1.4363,0.50685,-25.421,-39.955,8.2247
-0.6879,-0.70824,-0.12375,0.80465,-1.4341,0.50669,-25.523,-39.924,8.0617
-0.68666,-0.71512,-0.12866,0.80433,-1.4327,0.50628,-25.583,-39.909,7.9446
-0.68811,-0.72395,-0.14157,0.80381,-1.4296,0.50531,-25.583,-39.909,7.9446
-0.67468,-0.72714,-0.13834,0.80374,-1.428,0.50481,-25.604,-39.899,7.9252
-0.66183,-0.73239,-0.14993,0.8036,-1.426,0.50467,-25.657,-39.893,7.7803
-0.66013,-0.72849,-0.14398,0.80329,-1.422,0.50339,-25.657,-39.893,7.7803
-0.65239,-0.72386,-0.1517,0.80316,-1.4199,0.50221,-25.668,-39.912,7.6482
-0.65224,-0.72682,-0.15567,0.80299,-1.4155,0.49955,-25.759,-39.869,7.5673
-0.64809,-0.73476,-0.16252,0.80298,-1.4131,0.49789,-25.759,-39.869,7.5673
-0.64488,-0.74269,-0.1694,0.80247,-1.4092,0.49487,-25.759,-39.869,7.5673
-0.64885,-0.74156,-0.16354,0.80295,-1.4031,0.48955,-25.79,-39.905,7.2635
-0.66875,-0.75476,-0.16296,0.80297,-1.3974,0.48366,-25.79,-39.905,7.2635
-0.69183,-0.72584,-0.14461,0.80202,-1.3926,0.47736,-25.759,-39.968,7.0223
-0.71254,-0.70586,-0.13908,0.80202,-1.3926,0.47736,-25.781,-39.978,6.8861
-0.71342,-0.73618,-0.15595,0.80028,-1.3824,0.46417,-25.781,-39.978,6.8861
-0.6828,-0.75131,-0.13751,0.80043,-1.378,0.45894,-25.788,-40.059,6.3694
-0.66003,-0.77719,-0.145,0.80196,-1.3709,0.45086,-25.719,-40.154,6.0393
-0.62488,-0.78558,-0.12253,0.80359,-1.3681,0.44739,-25.719,-40.154,6.0393
-0.64031,-0.71881,-0.097046,0.80585,-1.3635,0.44237,-25.446,-40.375,5.7149
-0.64618,-0.69061,-0.11893,0.80619,-1.3598,0.43689,-25.446,-40.392,5.5932
-0.64973,-0.64523,-0.17534,0.80508,-1.3571,0.43352,-25.446,-40.392,5.5932
-0.65585,-0.64566,-0.24374,0.80258,-1.3502,0.42591,-25.502,-40.388,5.3634
-0.66667,-0.66017,-0.2608,0.80049,-1.3441,0.42029,-25.533,-40.398,5.1312
-0.70215,-0.68065,-0.24176,0.79706,-1.3362,0.41247,-25.533,-40.398,5.1312
-0.72491,-0.68278,-0.2076,0.79222,-1.3321,0.40813,-25.74,-40.339,4.5281
-0.73367,-0.6748,-0.20973,0.78719,-1.3324,0.40777,-25.943,-40.219,4.4358
-0.71413,-0.68506,-0.21628,0.78454,-1.3327,0.40823,-25.943,-40.219,4.4358
-0.69237,-0.70219,-0.22971,0.78342,-1.332,0.40779,-26.021,-40.165,4.4731
-0.6548,-0.7021,-0.23587,0.78372,-1.3304,0.40632,-26.065,-40.148,4.3659
-0.67139,-0.67328,-0.20847,0.78334,-1.3263,0.40191,-26.065,-40.148,4.3659
-0.68442,-0.66217,-0.19487,0.78177,-1.3265,0.39935,-26.09,-40.143,4.2558
-0.70868,-0.63219,-0.16762,0.77936,-1.3267,0.39627,-26.123,-40.127,4.2165
-0.73845,-0.61569,-0.13954,0.77693,-1.3276,0.39517,-26.123,-40.127,4.2165
-0.74815,-0.61737,-0.13281,0.77217,-1.332,0.39478,-26.306,-40.009,4.1904
-0.75935,-0.63271,-0.13206,0.77001,-1.3345,0.39498,-26.311,-40.002,4.2304
-0.75584,-0.65427,-0.13893,0.76832,-1.3393,0.39549,-26.311,-40.002,4.2304
-0.74974,-0.66032,-0.14873,0.76729,-1.3469,0.3984,-26.459,-39.889,4.3669
-0.73099,-0.68315,-0.15031,0.76723,-1.3489,0.39943,-26.445,-39.872,4.5977
-0.71715,-0.69035,-0.16191,0.76792,-1.3521,0.40123,-26.445,-39.872,4.5977
-0.71208,-0.69444,-0.16975,0.76841,-1.3532,0.40184,-26.38,-39.904,4.6985
-0.70323,-0.70149,-0.17352,0.76982,-1.3548,0.4032,-26.38,-39.904,4.6985
-0.69095,-0.69299,-0.17328,0.77133,-1.3558,0.40472,-26.354,-39.917,4.7329
-0.68013,-0.70105,-0.17702,0.77304,-1.3568,0.40655,-26.268,-39.96,4.8522
-0.66347,-0.71123,-0.18361,0.77506,-1.3587,0.40935,-26.268,-39.96,4.8522
-0.65184,-0.71054,-0.1893,0.77653,-1.3593,0.41064,-26.227,-39.973,4.9657
-0.63086,-0.70419,-0.18985,0.77898,-1.3618,0.41421,-26.079,-40.044,5.1644
-0.61852,-0.69572,-0.19258,0.78066,-1.362,0.41518,-26.079,-40.044,5.1644
-0.61749,-0.69966,-0.19156,0.78613,-1.36,0.41685,-26.079,-40.044,5.1644
-0.64879,-0.7271,-0.18034,0.78911,-1.3618,0.42057,-25.906,-40.144,5.2567
-0.6942,-0.7308,-0.16249,0.79071,-1.3641,0.4233,-25.906,-40.144,5.2567
-0.70361,-0.70812,-0.14978,0.79214,-1.3729,0.43077,-25.85,-40.158,5.4233
-0.70001,-0.69165,-0.15465,0.79225,-1.3775,0.43434,-25.733,-40.157,5.9611
-0.71707,-0.70198,-0.15401,0.7932,-1.3865,0.44052,-25.733,-40.157,5.9611
-0.73315,-0.70364,-0.16225,0.79515,-1.3904,0.44283,-25.743,-40.126,6.1283
-0.72554,-0.70862,-0.15518,0.79596,-1.3922,0.4439,-25.646,-40.161,6.301
-0.71414,-0.72528,-0.13417,0.79799,-1.3967,0.44738,-25.646,-40.161,6.301
-0.7104,-0.72917,-0.12619,0.79914,-1.3998,0.44991,-25.485,-40.215,6.6037
-0.70355,-0.71452,-0.10329,0.80091,-1.4063,0.4555,-25.428,-40.216,6.81
-0.69284,-0.71481,-0.10998,0.80153,-1.413,0.46184,-25.428,-40.216,6.81
-0.66539,-0.73689,-0.11539,0.80333,-1.4178,0.46765,-25.387,-40.203,7.0382
-0.63821,-0.76276,-0.10495,0.80576,-1.4208,0.47302,-25.364,-40.185,7.2229
-0.62865,-0.76973,-0.097855,0.80803,-1.4217,0.4755,-25.364,-40.185,7.2229
-0.62709,-0.78155,-0.11267,0.81239,-1.4238,0.48025,-25.163,-40.26,7.501
-0.64519,-0.7777,-0.16548,0.81546,-1.4248,0.48211,-25.079,-40.288,7.6282
-0.65082,-0.76312,-0.18436,0.82279,-1.4237,0.48221,-25.079,-40.288,7.6282
-0.65922,-0.73851,-0.17464,0.8249,-1.4231,0.48134,-24.766,-40.462,7.7334
-0.67304,-0.73579,-0.11752,0.82524,-1.4226,0.48077,-24.693,-40.493,7.8017
-0.68367,-0.74326,-0.10686,0.82469,-1.4242,0.48195,-24.693,-40.493,7.8017
-0.68446,-0.73462,-0.1237,0.82396,-1.4252,0.48284,-24.693,-40.505,7.7368
-0.67573,-0.7242,-0.13734,0.82241,-1.4264,0.4832,-24.811,-40.425,7.7779
-0.66447,-0.71277,-0.13711,0.81919,-1.4236,0.47864,-24.811,-40.425,7.7779
-0.64308,-0.6927,-0.12579,0.81799,-1.4217,0.47617,-24.866,-40.398,7.7455
-0.64033,-0.68306,-0.12968,0.81561,-1.4168,0.4705,-24.95,-40.38,7.5648
-0.66009,-0.69629,-0.13405,0.81456,-1.4143,0.46765,-24.95,-40.38,7.5648
-0.69214,-0.68964,-0.12383,0.813,-1.4113,0.46342,-25.018,-40.363,7.4308
-0.69205,-0.69934,-0.11789,0.81064,-1.4106,0.46064,-25.112,-40.352,7.1679
-0.6911,-0.72447,-0.093124,0.80968,-1.4125,0.4613,-25.112,-40.352,7.1679
-0.68529,-0.7372,-0.084122,0.80973,-1.4145,0.4636,-25.161,-40.322,7.1639
-0.68509,-0.7392,-0.091049,0.81005,-1.4157,0.46509,-25.165,-40.3,7.2777
-0.69015,-0.72545,-0.091125,0.81082,-1.416,0.46668,-25.165,-40.3,7.2777
-0.68915,-0.71196,-0.10695,0.81111,-1.4163,0.46752,-25.145,-40.31,7.289
-0.6909,-0.70619,-0.11984,0.81142,-1.4143,0.4679,-25.157,-40.309,7.2511
-0.70029,-0.70508,-0.12991,0.81116,-1.4134,0.46898,-25.157,-40.309,7.2511
-0.69983,-0.71106,-0.14476,0.81061,-1.4131,0.46957,-25.154,-40.313,7.2427
-0.69379,-0.7142,-0.15454,0.80954,-1.412,0.47018,-25.232,-40.27,7.2106
-0.68242,-0.73406,-0.17114,0.80928,-1.4112,0.47008,-25.232,-40.27,7.2106
-0.66725,-0.7411,-0.15698,0.80935,-1.41,0.46977,-25.246,-40.253,7.2584
-0.65491,-0.7336,-0.15871,0.81024,-1.405,0.46568,-25.258,-40.268,7.1313
-0.63614,-0.72937,-0.18703,0.81146,-1.3992,0.46145,-25.258,-40.268,7.1313
-0.629,-0.72681,-0.20863,0.81264,-1.3922,0.45668,-25.194,-40.356,6.8547
-0.63388,-0.72086,-0.20972,0.81323,-1.3876,0.45327,-25.172,-40.392,6.7212
-0.65118,-0.73302,-0.19722,0.81276,-1.3825,0.44791,-25.172,-40.392,6.7212
-0.6382,-0.75539,-0.15543,0.81231,-1.3797,0.44471,-25.173,-40.457,6.3147
-0.6335,-0.75835,-0.14839,0.81132,-1.3749,0.43891,-25.148,-40.496,6.1606
-0.63243,-0.798,-0.11476,0.81108,-1.3732,0.43731,-25.148,-40.496,6.1606
-0.64687,-0.80348,-0.10713,0.81197,-1.3733,0.43727,-25.209,-40.47,6.0864
-0.65529,-0.8024,-0.11819,0.81174,-1.3744,0.43729,-25.187,-40.483,6.0842
-0.65263,-0.77533,-0.13397,0.81198,-1.3747,0.43682,-25.187,-40.483,6.0842
-0.65218,-0.74907,-0.13689,0.80954,-1.37,0.43003,-25.177,-40.502,6.0028
-0.64623,-0.71414,-0.13675,0.80696,-1.3635,0.42214,-25.265,-40.472,5.8281
-0.65442,-0.68768,-0.13886,0.80515,-1.3604,0.41826,-25.265,-40.472,5.8281
-0.67358,-0.68535,-0.14221,0.80091,-1.3556,0.41117,-25.365,-40.445,5.5758
-0.6992,-0.66846,-0.17044,0.79809,-1.3538,0.40812,-25.598,-40.358,5.1266
-0.74046,-0.64566,-0.23457,0.79265,-1.3506,0.40278,-25.598,-40.358,5.1266
-0.7421,-0.64282,-0.24947,0.78262,-1.3431,0.39286,-25.829,-40.239,4.903
-0.74654,-0.65831,-0.25056,0.77882,-1.3394,0.38873,-25.963,-40.17,4.7522
-0.7524,-0.65332,-0.25069,0.77409,-1.3355,0.38336,-25.963,-40.17,4.7522
-0.75221,-0.62985,-0.23878,0.77109,-1.3332,0.38027,-26.322,-39.991,4.2613
-0.72627,-0.59723,-0.22932,0.7669,-1.3318,0.37578,-26.557,-39.86,4.0196
-0.68903,-0.59705,-0.22261,0.76168,-1.3289,0.37019,-26.557,-39.86,4.0196
-0.67743,-0.61278,-0.21053,0.76072,-1.3271,0.36619,-26.69,-39.796,3.7733
-0.65701,-0.65585,-0.18245,0.761,-1.3262,0.36335,-26.645,-39.829,3.748
-0.64102,-0.69605,-0.17226,0.76191,-1.3268,0.36291,-26.645,-39.829,3.748
-0.65355,-0.70348,-0.16261,0.76379,-1.329,0.36418,-26.564,-39.883,3.7498
-0.71796,-0.68813,-0.12732,0.76528,-1.3304,0.36568,-26.534,-39.893,3.8495
-0.77779,-0.66736,-0.13147,0.76478,-1.34,0.37317,-26.534,-39.893,3.8495
-0.79329,-0.65825,-0.13376,0.76203,-1.3467,0.37733,-26.557,-39.839,4.2267
-0.80385,-0.65126,-0.13991,0.7606,-1.3493,0.37884,-26.553,-39.828,4.3508
-0.79523,-0.65533,-0.13579,0.75982,-1.3522,0.38031,-26.553,-39.828,4.3508
-0.78468,-0.65941,-0.13161,0.75897,-1.3539,0.38133,-26.692,-39.723,4.4646
-0.76642,-0.65498,-0.13815,0.75755,-1.3569,0.38295,-26.73,-39.683,4.5886
-0.75215,-0.6485,-0.13886,0.75658,-1.3591,0.38338,-26.73,-39.683,4.5886
-0.72688,-0.64664,-0.19771,0.75596,-1.3597,0.38322,-26.691,-39.708,4.6046
-0.70407,-0.65704,-0.22101,0.75592,-1.3595,0.38228,-26.724,-39.68,4.6528
-0.66736,-0.67053,-0.22026,0.75585,-1.3583,0.38139,-26.724,-39.68,4.6528
-0.6528,-0.68831,-0.21008,0.75754,-1.3557,0.38054,-26.682,-39.722,4.5326
-0.64436,-0.69421,-0.19607,0.76026,-1.3545,0.38185,-26.656,-39.729,4.6275
-0.64031,-0.70503,-0.196,0.76292,-1.3567,0.38634,-26.656,-39.729,4.6275
-0.63911,-0.71576,-0.19598,0.76696,-1.3582,0.39063,-26.556,-39.792,4.6564
-0.65669,-0.71912,-0.17853,0.769,-1.36,0.39338,-26.404,-39.853,4.988
-0.66272,-0.71309,-0.17172,0.77195,-1.365,0.39979,-26.404,-39.853,4.988
-0.67436,-0.70987,-0.16899,0.77382,-1.3672,0.40257,-26.358,-39.851,5.2366
-0.69542,-0.71522,-0.16545,0.77863,-1.3742,0.41005,-26.259,-39.894,5.4056
-0.70427,-0.71205,-0.15872,0.78219,-1.378,0.41354,-26.259,-39.894,5.4056
-0.71254,-0.68846,-0.15491,0.78376,-1.3803,0.41531,-26.039,-39.978,5.8312
-0.71448,-0.67683,-0.1658,0.78694,-1.3851,0.41881,-25.937,-40.024,5.9714
-0.71501,-0.67987,-0.18166,0.78788,-1.3866,0.42011,-25.937,-40.024,5.9714
-0.74434,-0.69449,-0.1427,0.7893,-1.39,0.42338,-25.765,-40.091,6.2571
-0.76616,-0.74626,-0.10359,0.79107,-1.4012,0.43502,-25.765,-40.091,6.2571
-0.76209,-0.74127,-0.076797,0.79117,-1.4065,0.44106,-25.692,-40.096,6.5203
-0.78716,-0.73645,-0.032776,0.79148,-1.418,0.45477,-25.741,-40.004,6.8843
-0.7935,-0.74031,-0.045761,0.79126,-1.4251,0.46248,-25.764,-39.921,7.2681
-0.77602,-0.72179,-0.11565,0.79158,-1.4378,0.47611,-25.764,-39.921,7.2681
-0.71559,-0.66516,-0.17078,0.792,-1.4422,0.48374,-25.781,-39.751,8.0931
-0.67998,-0.65245,-0.18785,0.79321,-1.4403,0.487,-25.849,-39.717,8.0413
-0.59496,-0.67001,-0.199,0.79555,-1.4319,0.48683,-25.849,-39.717,8.0413
-0.52626,-0.73164,-0.166,0.79807,-1.428,0.48781,-25.821,-39.729,8.0762
